{"type": "FeatureCollection", "features": [{"type": "Feature", "properties": {"adm3_name": "Naikkhongchhari", "adm3_name1": null, "adm3_name2": null, "adm3_name3": null, "adm3_pcode": "BD20030073", "adm2_name": "Bandarban", "adm2_name1": null, "adm2_name2": null, "adm2_name3": null, "adm2_pcode": "BD2003", "adm1_name": "Chattogram", "adm1_name1": null, "adm1_name2": null, "adm1_name3": null, "adm1_pcode": "BD20", "adm0_name": "Bangladesh", "adm0_name1": null, "adm0_name2": null, "adm0_name3": null, "adm0_pcode": "BD", "valid_on": "2023-05-21", "valid_to": null, "area_sqkm": 517.34822099, "version": "v03", "lang": "en", "lang1": null, "lang2": null, "lang3": null, "adm3_ref_name": null, "center_lat": 21.47139618, "center_lon": 92.24297656}, "geometry": {"type": "Polygon", "coordinates": [[[92.25669840100005, 21.623267704000057], [92.25572622800013, 21.62503334200011], [92.25421153800005, 21.627784199000075], [92.2541723870001, 21.627855290000014], [92.25390516900018, 21.62864451300004], [92.25344812000014, 21.631009760000097], [92.25327995200007, 21.63188116400005], [92.25294471300015, 21.634522135000168], [92.25283243700005, 21.63540661600007], [92.25286311800005, 21.63738417200011], [92.25288331000013, 21.638685517000056], [92.25292156100016, 21.641150645000096], [92.25312638600013, 21.642709570000022], [92.253027063, 21.642652655], [92.25225598700018, 21.64224999700008], [92.25188475300018, 21.642056374000163], [92.25018832300015, 21.64111091600006], [92.24854561, 21.639501015], [92.2459196280002, 21.63699463500012], [92.2454443330002, 21.636590151000064], [92.24277318200006, 21.63431689000015], [92.24009064000018, 21.63235747400006], [92.23858311800012, 21.631045880000045], [92.23662709900003, 21.63004507000005], [92.23466364300009, 21.628558972000178], [92.23309849100013, 21.62773345500017], [92.23198037500015, 21.626538465000067], [92.23054627100015, 21.625833067000144], [92.22865831600018, 21.625011838000148], [92.22690075300017, 21.624308483000107], [92.22579384500006, 21.623840208], [92.22384166400008, 21.623078473000135], [92.22254292900016, 21.622734648000176], [92.22118052800016, 21.622450357000048], [92.21923762400019, 21.622293453], [92.2182045560001, 21.62242914800015], [92.2170259090002, 21.622794788000192], [92.21698145800019, 21.62280892600012], [92.2169537150001, 21.622849930000143], [92.2161592550001, 21.624027656000067], [92.21602599800019, 21.624471906000053], [92.21566700300002, 21.625668655000027], [92.21539885300007, 21.629300041000135], [92.21537579500011, 21.632022900000095], [92.2152203030002, 21.63348794700005], [92.21509290500018, 21.634688269000094], [92.21502591200004, 21.63575003400007], [92.2149363740001, 21.637169096000093], [92.21449110000003, 21.63765813900011], [92.21319961100016, 21.63779725600017], [92.21289094700006, 21.637782001000062], [92.2122282160002, 21.637749245], [92.21073560000013, 21.637405656000112], [92.2090434860001, 21.636764459000062], [92.20722187500013, 21.63606175400014], [92.20624041000019, 21.63535013100011], [92.2051940560001, 21.634578406000117], [92.20441242300018, 21.634225321000145], [92.20330916000012, 21.633998400999985], [92.2022077110002, 21.633891100000085], [92.20046359700012, 21.63403611500013], [92.19943223000013, 21.634291328000188], [92.19893309100013, 21.634415327000056], [92.19865884500018, 21.63448216600017], [92.19776180300005, 21.635038098000166], [92.19648860500001, 21.636386878], [92.19611144100008, 21.636731744000144], [92.1951483260001, 21.63761237000017], [92.194322241, 21.63859176300008], [92.19317356900018, 21.639636366000104], [92.1919520560001, 21.640135602000043], [92.19052982300013, 21.64021531800006], [92.18975002500008, 21.639984043000027], [92.18883283700006, 21.63920825400004], [92.18868911600015, 21.63824392300012], [92.18874182000008, 21.637455350000153], [92.18865628600008, 21.636065837], [92.18832096000006, 21.635284632000094], [92.18765939700012, 21.634324862000085], [92.18713343400003, 21.63366404100003], [92.1868023130001, 21.633248015000106], [92.18550259500017, 21.63284070000003], [92.18375239400007, 21.63262215499998], [92.18239631700004, 21.63276188000009], [92.18155562100009, 21.632772924000108], [92.18103840700013, 21.632779712000172], [92.18051696500015, 21.632545000000107], [92.18012890500017, 21.632550093000077], [92.17974626500018, 21.632916320999982], [92.17948795799998, 21.632919709000134], [92.17890194400019, 21.632685836], [92.17850755200004, 21.63226884700009], [92.17830837200012, 21.63190799400013], [92.17785573800012, 21.63191392800013], [92.17682524700007, 21.632229946000166], [92.17637352400004, 21.63229681700011], [92.17598546400012, 21.63230189900014], [92.17565924000013, 21.63212330900012], [92.1749923650001, 21.630802345000063], [92.17473223600018, 21.630683839000028], [92.17389337300011, 21.630816727000024], [92.17344645100007, 21.631244735000053], [92.17286466500008, 21.631252344000075], [92.17240841900019, 21.631016752000107], [92.17201583900004, 21.63071937100011], [92.17110996800011, 21.630731209000032], [92.17059006200009, 21.630557400000157], [92.17026388300019, 21.630381055000043], [92.17084175000014, 21.63007099400005], [92.17115979800013, 21.629703372000165], [92.17147093200015, 21.628913678], [92.1719178190001, 21.628483418000144], [92.17190516500011, 21.627637000999982], [92.17125187300007, 21.627221118000136], [92.16911790900008, 21.62724898500005], [92.16840369000005, 21.62707770300011], [92.16762308099999, 21.626785373000075], [92.16723142800004, 21.62654892100005], [92.16718363800015, 21.626330933000133], [92.16695357900005, 21.625281541000163], [92.16674552800015, 21.625038566000057], [92.1664928510001, 21.624743474000127], [92.16565040600011, 21.624634802], [92.16475506100005, 21.625310190000107], [92.16386364200008, 21.626290294000057], [92.16341461500014, 21.626537700000085], [92.16302747500009, 21.626603693000106], [92.16257394400014, 21.626548642000103], [92.1619319180001, 21.626397672000053], [92.16171004100016, 21.626345497000102], [92.16160053200008, 21.62631974599998], [92.159915899, 21.626161045000117], [92.15894427100011, 21.6260517610001], [92.15886299100015, 21.62596727500005], [92.1580240400001, 21.62509521600009], [92.15678189400018, 21.624206052999966], [92.15655631700002, 21.624142543000062], [92.15554779700011, 21.623858595], [92.15490055600009, 21.623806035000086], [92.15451967500013, 21.62429409400005], [92.15309396800018, 21.62413196300008], [92.15148349600014, 21.62457724400008], [92.15026012900012, 21.624954289000073], [92.1498521220002, 21.625036666000028], [92.14974119300018, 21.625059062000105], [92.1496149850002, 21.625084543000185], [92.14917040900019, 21.62563436900001], [92.14889359900019, 21.6255729290001], [92.14865140700005, 21.62551917100012], [92.14846316800003, 21.62539702400005], [92.14838200600008, 21.62534435800012], [92.14818390900007, 21.62522392699998], [92.14767741200018, 21.625290199000176], [92.1466296120002, 21.62439618999997], [92.14622549500007, 21.623313253], [92.14576157500005, 21.622594560000152], [92.1441394690001, 21.62225202000002], [92.1436262160002, 21.621677210000087], [92.14328453100006, 21.621294542000044], [92.14197968700012, 21.620525724], [92.1413866210001, 21.61980642000003], [92.14027346300014, 21.618854509000016], [92.13930038600006, 21.618684169000176], [92.13885136700009, 21.61893376800009], [92.13853946400013, 21.619723421000174], [92.13802404000012, 21.619849704000046], [92.13744168400007, 21.61985719300003], [92.1368581710002, 21.61974504200009], [92.136143119, 21.619512671000166], [92.1354896630001, 21.61903568400004], [92.13534934600017, 21.618892999000025], [92.13530778500018, 21.618816776000017], [92.13451623200012, 21.618388967000044], [92.13587319000015, 21.617861321000134], [92.13917078800017, 21.616604337000012], [92.14221269100005, 21.615653102000124], [92.14278756200008, 21.614975190000166], [92.14372690300007, 21.612531657000034], [92.14455798200004, 21.611547920000078], [92.14536814000007, 21.6109633370001], [92.14558695400007, 21.610805446000086], [92.146348376, 21.609520084000167], [92.1469187400001, 21.60853970000005], [92.14703201900016, 21.607382354000038], [92.14694712300007, 21.606046960000015], [92.14673606100018, 21.604954755000165], [92.14704007400002, 21.603553384000122], [92.146890585, 21.60221656599998], [92.14633728500007, 21.59997514800017], [92.14614737300019, 21.59966555800014], [92.14467202100013, 21.59726042699998], [92.1444762050001, 21.59683175000015], [92.14529055400004, 21.596642902000156], [92.14568005600012, 21.596455015000174], [92.14658405400013, 21.59571641000008], [92.14735082200019, 21.594552886000088], [92.14850709500018, 21.593203726000183], [92.1485769630001, 21.59192728800008], [92.14874419199998, 21.59156391300013], [92.14946279100002, 21.591554632000168], [92.15057537200016, 21.59166216799997], [92.15088298600006, 21.591698605999966], [92.15093338000014, 21.591704576000097], [92.15195007500012, 21.59182500200012], [92.15300136600018, 21.59223582700008], [92.15366378800007, 21.592834546000176], [92.15485230400003, 21.593668009000112], [92.15520070800005, 21.59393716200009], [92.155315035, 21.5940254840001], [92.15604173600019, 21.594562405000033], [92.15716153300019, 21.595155177000095], [92.15879934000009, 21.595436449999966], [92.15979003300009, 21.596152790000076], [92.16058189000017, 21.596686582000018], [92.16124798200019, 21.597529036000083], [92.16185156800003, 21.59855064500016], [92.16199813100019, 21.59964140500017], [92.16215610300009, 21.601458955000112], [92.16295615500002, 21.602541219000102], [92.16328799800004, 21.602900369000167], [92.16460036500018, 21.60324676500005], [92.16655245800013, 21.60339185900017], [92.16669386700005, 21.60340236900015], [92.1681284390001, 21.60320081200007], [92.1691626860001, 21.602460393], [92.16937384000016, 21.602236151000113], [92.1703205840002, 21.60123072000016], [92.17373904800007, 21.59821513600002], [92.17483079800013, 21.59692534600009], [92.17540488300011, 21.596008045000133], [92.17539401700009, 21.595281253], [92.17466090800013, 21.594320089000064], [92.17458397400014, 21.59353320499997], [92.1745685620001, 21.592501703000096], [92.17434529600013, 21.59068502600013], [92.17432719000004, 21.589472955000133], [92.17429342499997, 21.589353744000107], [92.17412021500007, 21.588746467000078], [92.17286648500004, 21.587913996], [92.17226922000009, 21.58747497200011], [92.17108305000005, 21.586603050000065], [92.17048033400005, 21.58564015999997], [92.17051222400005, 21.584874765000166], [92.17052833200012, 21.584488176000036], [92.17097477800013, 21.583753159000082], [92.17181158900019, 21.582893398000067], [92.1720058480002, 21.582768956999985], [92.17253013400006, 21.582884024], [92.17292952700012, 21.58336418500005], [92.17333014200017, 21.583966240000052], [92.1737910600001, 21.584201779000068], [92.17444175500003, 21.584012675000054], [92.1746296770001, 21.58346389000002], [92.17468394500014, 21.582733989000133], [92.17480127900012, 21.581822656000156], [92.17465478800017, 21.581149225000104], [92.17459071100006, 21.580854659000067], [92.17458582100005, 21.580527204000077], [92.17457712800012, 21.57994503700013], [92.1756823720001, 21.57956712900011], [92.17626364200004, 21.579135111000085], [92.17664128000018, 21.578159422000112], [92.177607422, 21.57723699000013], [92.17745565700017, 21.575843803000055], [92.17671994900002, 21.574702068000022], [92.1772936370001, 21.573723816000097], [92.17819820700015, 21.573043748000146], [92.17916613200003, 21.57224319600016], [92.1796747800002, 21.571822496000152], [92.18013404800018, 21.571442635999972], [92.1800534620001, 21.57041198800016], [92.1800398540002, 21.569502371000112], [92.18120015400012, 21.568455475000178], [92.18249530200012, 21.567711573999986], [92.18528126400008, 21.566157968000084], [92.18598699000006, 21.565299865000043], [92.18592208700011, 21.564636296000117], [92.18591002600004, 21.564512988000047], [92.18566441200016, 21.564125598000146], [92.1853748690001, 21.563668915000108], [92.18476764000002, 21.562403618000133], [92.18436343800016, 21.560984868000162], [92.18435433400015, 21.560952914000154], [92.18367927600008, 21.55950789900004], [92.18293814100008, 21.55800053300004], [92.18187100000017, 21.55655838700011], [92.18180356800013, 21.556487028000163], [92.18147317600011, 21.556139174000123], [92.1806708920002, 21.554937365000058], [92.18065728900001, 21.554027748000067], [92.18044734300008, 21.553059742000073], [92.17977503300006, 21.55179301600009], [92.17961683200019, 21.551650193000057], [92.17948282200012, 21.551529206999987], [92.1767950040001, 21.54910257000006], [92.17594183000006, 21.548811198000067], [92.17547829800009, 21.54839282600011], [92.17507900300018, 21.54791266000018], [92.17349872900013, 21.54708443000004], [92.17341698400003, 21.547038049000037], [92.17182024300018, 21.546132073000024], [92.17046881100009, 21.545365262000075], [92.16906760900014, 21.544736436000107], [92.16785131300009, 21.544190576000062], [92.1677066970002, 21.544125673999986], [92.16579031400016, 21.542635749999988], [92.1653766610001, 21.54118498100013], [92.16531393400015, 21.540965304000167], [92.16516985700008, 21.540460727000095], [92.16495823300016, 21.539370807000125], [92.16490435700013, 21.53862134000002], [92.16487538100006, 21.538218258000086], [92.16460525500008, 21.537616733000107], [92.16401061200014, 21.537139070000137], [92.16295910600019, 21.536728289000166], [92.16139308900006, 21.53680954900011], [92.16090269700015, 21.536758842000097], [92.1608593690001, 21.536754746000156], [92.16080468600012, 21.53675120400004], [92.16021270300007, 21.536712869000155], [92.16008491300016, 21.53670459400007], [92.15936031200016, 21.536289552000028], [92.15928858600006, 21.536217522000072], [92.15876328600012, 21.53568999200013], [92.15836201300004, 21.535029195999982], [92.15821318100018, 21.533816541000135], [92.15831986300014, 21.532178406000014], [92.15869242400015, 21.53089804400014], [92.15946841100015, 21.530343919000018], [92.15964485300015, 21.529916702000094], [92.1598760810001, 21.529356828000175], [92.1599727310001, 21.529122806000146], [92.15995837300017, 21.528152228000124], [92.16001275600013, 21.52742457700009], [92.16026224100005, 21.52663344800004], [92.16063450900015, 21.525294391000045], [92.16134649600019, 21.524860740000122], [92.16199331200005, 21.52442567600019], [92.1622216880001, 21.523954388999982], [92.16243697300007, 21.523510118000104], [92.16281132100016, 21.522353893000115], [92.16371480300012, 21.521615233999967], [92.16429559800014, 21.521122319000142], [92.16432509900017, 21.52050787400003], [92.16434544500004, 21.520089955000174], [92.16433106500011, 21.519119380000063], [92.16439580700012, 21.519029086000046], [92.165866941, 21.516977320000137], [92.16610246400006, 21.516586736000136], [92.16615208200005, 21.51650445000007], [92.16656806000003, 21.515814592000027], [92.16759721800008, 21.514769509000132], [92.16837667200008, 21.514456866000103], [92.16941210700008, 21.51383612000012], [92.16992172700014, 21.512980644000038], [92.170255467, 21.512006685000188], [92.17042292600013, 21.511517984000136], [92.1704031160001, 21.51018401099998], [92.17076930500008, 21.50941844500005], [92.17097425800006, 21.509086172000025], [92.17108194200011, 21.50885277500015], [92.1711010520001, 21.50881135500009], [92.17099689600019, 21.508417629], [92.17070142100016, 21.508299565000016], [92.17047469300007, 21.508424422000132], [92.170283209, 21.508729429000084], [92.17002210599998, 21.508732826000085], [92.16975694899998, 21.508463103000054], [92.16958589600011, 21.507950598000036], [92.1696769830001, 21.50746403300019], [92.16980049500006, 21.507008653000184], [92.16988843300004, 21.506309914000155], [92.16984263800009, 21.505459402000156], [92.16973235600017, 21.504611983000075], [92.1700188100001, 21.504122879000136], [92.17050619000008, 21.50396528500005], [92.17132263500002, 21.503954669000052], [92.17158329200004, 21.503921928000125], [92.17246261000014, 21.503759232000164], [92.17311517200011, 21.50371913100014], [92.17355992000017, 21.502925445000187], [92.17372891600007, 21.50249356700016], [92.17390621000004, 21.502040481000165], [92.17441533000004, 21.501155654], [92.17466265500019, 21.500773045000074], [92.17483035700019, 21.50051361000004], [92.17528378000014, 21.500263884000162], [92.17600191900016, 21.50025452600005], [92.17659206500014, 21.500398093000115], [92.17676074900004, 21.50079096900015], [92.17703131100006, 21.501424077000138], [92.1773377630002, 21.502239582000186], [92.17787211100017, 21.503049856000075], [92.17863503000012, 21.50385940100017], [92.17943051900016, 21.504668516000095], [92.17981108499998, 21.504919615000176], [92.18042030200007, 21.505321576000085], [92.18117738800015, 21.505738368000152], [92.18193353300012, 21.50609195600009], [92.18242633000011, 21.506297724000035], [92.18272089700008, 21.506354826000177], [92.18281295100007, 21.50632773800004], [92.18310908800015, 21.50624059300003], [92.18337120500007, 21.506163458000117], [92.18362505300007, 21.505674762000183], [92.18363522000016, 21.505577796000182], [92.18371110100009, 21.504854138000155], [92.1836970760001, 21.503915172000063], [92.18358702400008, 21.50312872], [92.18357569900007, 21.502370325000072], [92.183699295, 21.5018833310001], [92.18359467300007, 21.50146027599999], [92.18323135600014, 21.501160255000116], [92.1831570390001, 21.500585543], [92.18350417200014, 21.499761509000052], [92.18359080300013, 21.49963133600005], [92.18376980400006, 21.49936236500008], [92.18395127600019, 21.499089677000086], [92.1840177850001, 21.498895480000044], [92.18417029199998, 21.498450177999985], [92.18428785500004, 21.497599794000166], [92.1845082160001, 21.497050579000074], [92.18476129900012, 21.496471588000077], [92.18517246000016, 21.49561510600006], [92.18578520200003, 21.49509235900007], [92.18584488900007, 21.49472810800006], [92.185941818, 21.494636538000123], [92.18610549000005, 21.494693091999977], [92.18643684100005, 21.494993527000076], [92.18648639300005, 21.49507592500015], [92.18667122700009, 21.495383274000062], [92.18667804400019, 21.495839213000068], [92.18658971800016, 21.496506352000097], [92.18633771700019, 21.49711693900008], [92.18605224400011, 21.49766700600003], [92.18557171900005, 21.49828058300011], [92.18515583700008, 21.498861707], [92.1850015070001, 21.499471012000072], [92.18520742000004, 21.50013430000007], [92.18572781800009, 21.50049321400013], [92.18586812300003, 21.50064037700014], [92.186401192, 21.501362592000078], [92.1865993940001, 21.502180730000134], [92.18695783600009, 21.50366027600012], [92.18758453200007, 21.50407121900014], [92.18840926100017, 21.504612009000084], [92.19043173900019, 21.505518945000176], [92.19051253300012, 21.50555517400005], [92.19299560900004, 21.505642224000155], [92.19340577000014, 21.5068514030001], [92.19381347000012, 21.507936443000176], [92.19395840600004, 21.508029355000076], [92.19473672500004, 21.50853158900003], [92.19590104500008, 21.50778934300007], [92.19811942900014, 21.507638236000105], [92.20008157600006, 21.507853942], [92.2008721680001, 21.508328894000044], [92.20165789300017, 21.50844044200005], [92.20191715300012, 21.508315113000094], [92.20242108200017, 21.507096158000024], [92.20280207100018, 21.506364203000146], [92.20343132099998, 21.504777871000158], [92.20311480200019, 21.50114288000003], [92.2028680310001, 21.499682447000055], [92.2026850950001, 21.498599777000038], [92.20291877200015, 21.49677711200013], [92.20394847800009, 21.495795034000025], [92.20512908600006, 21.496142913000142], [92.20527455800004, 21.497111738000115], [92.20685073700014, 21.497695937], [92.20804053400008, 21.498650952000105], [92.2092266950001, 21.499364448000165], [92.21002226400009, 21.499353919999976], [92.21144616000015, 21.49933506800005], [92.21353538300008, 21.499307383000144], [92.21679239600019, 21.498778803000107], [92.21742882400008, 21.497677703000136], [92.21739939200012, 21.49573661900007], [92.21763473000004, 21.49403582700006], [92.21904696600018, 21.49243905200018], [92.22111953000007, 21.491321114000073], [92.22318835300013, 21.489959391000127], [92.22486154600006, 21.488359099000036], [92.22483021200014, 21.48629839400013], [92.22467540000014, 21.48472244100003], [92.22400466000005, 21.483519080000065], [92.22358732100008, 21.48322578800014], [92.22281611800014, 21.48268380900015], [92.22201642700014, 21.48160405700014], [92.22212148400001, 21.479904998000166], [92.22288065000015, 21.478316884000037], [92.22300615900014, 21.478163962000167], [92.22349274800018, 21.477527636000104], [92.2236735570001, 21.47748233699997], [92.22495573300017, 21.477379483], [92.2267835880001, 21.47735513700013], [92.22802778800002, 21.47665903500007], [92.22833688700013, 21.476485600000046], [92.2285198940001, 21.475634330000105], [92.22877628900005, 21.475326144], [92.2298256590002, 21.475616912000078], [92.23016101300004, 21.476217455000153], [92.23095211100014, 21.476692262000086], [92.23200178500014, 21.477041707000126], [92.2327207100002, 21.477093055000125], [92.23357045400019, 21.477142652000055], [92.23401818100018, 21.476531653], [92.23400613000018, 21.475741681000045], [92.23405921700004, 21.47495309700014], [92.23435937300019, 21.474809019000134], [92.23470747800008, 21.47464192300015], [92.2354245300001, 21.474571381000032], [92.2363384350001, 21.474559153000087], [92.23659946300006, 21.47455566000002], [92.23725356200009, 21.474666553000077], [92.23784043600017, 21.47460000000018], [92.23809125000014, 21.47392841700008], [92.23858735900006, 21.47222412000002], [92.23870426400003, 21.471312777000037], [92.23877478600019, 21.47108800500007], [92.23895321200001, 21.47051931100009], [92.23935072200004, 21.46989989100001], [92.23946320800013, 21.469724607000103], [92.23971311400004, 21.46899433800013], [92.23972299400015, 21.468790054000124], [92.23976304700017, 21.46796198200019], [92.24007712100001, 21.467169904000173], [92.24014387500006, 21.46711934299998], [92.24072253700012, 21.466675888000168], [92.24071787700012, 21.466371186000174], [92.24071138400018, 21.465946860000088], [92.24025076900017, 21.465711480000152], [92.23972501500003, 21.465474711000184], [92.23932670800019, 21.465055635000112], [92.23886330200003, 21.46463742600008], [92.23885126200014, 21.46384971499998], [92.23890432700017, 21.463061132000064], [92.23915326100013, 21.462267668000095], [92.23951264500005, 21.46014078800016], [92.23943178000019, 21.459110185999975], [92.23939151400003, 21.458526993000135], [92.23934815800004, 21.457899020000127], [92.23929067400007, 21.457559923000076], [92.23913280800014, 21.45662866100008], [92.23852563500009, 21.455361293000067], [92.23838724600012, 21.45480737300005], [92.23817824200006, 21.453970793999986], [92.23836765800007, 21.453543845000127], [92.23907443200011, 21.45280746500015], [92.2398397770001, 21.451643625000088], [92.24014237500012, 21.451024256000096], [92.24034602400019, 21.45060741800006], [92.24079268800017, 21.449933209000164], [92.24046012500008, 21.449513249000063], [92.23961147400013, 21.44952461600019], [92.23870052000007, 21.449719667000068], [92.23824826400016, 21.45002822800012], [92.23792404400012, 21.45015447100019], [92.23746069100008, 21.449736255], [92.23731784100016, 21.44894803200009], [92.23730954100017, 21.448404081000092], [92.23672616700009, 21.448653438000065], [92.23614404400013, 21.449024680000036], [92.23555605200016, 21.448971587000187], [92.2352904560002, 21.448672629000157], [92.23528952800012, 21.448611686000163], [92.23528767000016, 21.4484898070001], [92.23547433400012, 21.44788229400001], [92.2353975220002, 21.44715414000018], [92.23479199400015, 21.445949939000116], [92.23438175500007, 21.444743127000095], [92.232740955, 21.44415775600004], [92.23176121700016, 21.444109875000095], [92.23097828900018, 21.444120317000056], [92.22993378199999, 21.444134242000075], [92.2295476180002, 21.444106638999983], [92.22921502200006, 21.444082865000155], [92.22871990300018, 21.443949037000095], [92.22836332800011, 21.443852655000114], [92.2282884060001, 21.443246375000058], [92.22847784100009, 21.442819435000047], [92.2293144840001, 21.442020413000023], [92.23061011300013, 21.44139587000012], [92.2325286200001, 21.438762839000162], [92.23290221200011, 21.437604257000032], [92.23294869300014, 21.43732036900019], [92.23296446100005, 21.43722405800014], [92.23302630600011, 21.436846328000115], [92.23320117500009, 21.435780697000155], [92.2329673750001, 21.433246200000156], [92.23242709500016, 21.43209093100006], [92.23222199300005, 21.431486391000135], [92.23247559900011, 21.430999898000096], [92.23273098900006, 21.43063077100004], [92.23331490700008, 21.430381425000178], [92.23369404200008, 21.429588486], [92.23348433600017, 21.428681501000028], [92.23301736000008, 21.42801950200004], [92.23287702300007, 21.427353144000165], [92.23284270500011, 21.426895412000135], [92.23282154100013, 21.426613126000063], [92.23279535500006, 21.42626384400012], [92.23311674900003, 21.425954791000038], [92.2337758990002, 21.426372671000138], [92.23514905500014, 21.426534948000153], [92.23632267700009, 21.42645832200003], [92.23696826700018, 21.426025283000172], [92.23806664500012, 21.42528368100011], [92.23929886100012, 21.424781836000022], [92.2404009030002, 21.42428172600006], [92.24065443400008, 21.42379296500019], [92.2410945520001, 21.422694434000164], [92.24095143000017, 21.421847520000085], [92.24081668800005, 21.4214764460001], [92.2403379750001, 21.42015807000007], [92.24030618000006, 21.420090505000076], [92.23979851900009, 21.419011689], [92.23906418600018, 21.417931122000027], [92.23839491300009, 21.416847428000096], [92.23828920000017, 21.41622351700005], [92.23817966700005, 21.415577059000043], [92.23828295300007, 21.41452366900012], [92.23829285400012, 21.41442194900003], [92.2383487140001, 21.413816183], [92.23821669900013, 21.413696040000104], [92.23782315700004, 21.413579393000134], [92.23736271900015, 21.41334398700019], [92.23735718300003, 21.412980598000047], [92.23734979200003, 21.412495331000173], [92.23753084600014, 21.411522173000094], [92.23798020800018, 21.41103080000005], [92.23881510100006, 21.410170814000082], [92.2393896390002, 21.409312047000185], [92.24016683400009, 21.40893819500019], [92.24100044600016, 21.40795630700012], [92.24107599100006, 21.407896207000135], [92.2417739460002, 21.40734094400011], [92.24255849700018, 21.407450093000136], [92.24308091700004, 21.407443100000023], [92.243859955, 21.40719111300001], [92.24444096900015, 21.406758916000058], [92.24482554600007, 21.406329348000043], [92.24580409400005, 21.406316236], [92.24684366100018, 21.40599753300006], [92.247165016, 21.40569071600015], [92.24724488600003, 21.40551687100009], [92.24741756900005, 21.40514100600012], [92.24747026600005, 21.404291472000182], [92.24746485900005, 21.4039393810001], [92.24746374400007, 21.403867158000082], [92.24745076600004, 21.403018503000112], [92.24698568900004, 21.40247842000008], [92.24670719100004, 21.40133081800019], [92.24624119100008, 21.400729790000184], [92.2457104500001, 21.400190583000096], [92.24485621100001, 21.39977761400013], [92.24438932700014, 21.399117897000167], [92.24418144500015, 21.398330545000192], [92.24436430700018, 21.397479269000087], [92.24422708200012, 21.397056690000056], [92.24330533000006, 21.39652270900018], [92.24172612400014, 21.395634053000038], [92.2409327060002, 21.39497869100012], [92.23989562400004, 21.395416967000187], [92.23905096500005, 21.39566980900014], [92.23840275600014, 21.395922281000082], [92.23794233900014, 21.395684615000107], [92.23695494000009, 21.395151471000077], [92.2361704560002, 21.395042291000095], [92.23545839100012, 21.395415252000134], [92.2343574620001, 21.395976254000175], [92.23338542000016, 21.396413625000037], [92.23223360500015, 21.39667660400005], [92.23210476300011, 21.39670602000018], [92.23169484500016, 21.39679960899997], [92.23039163200008, 21.39693886200007], [92.22987628400006, 21.39737013700011], [92.22935908500017, 21.39767952700015], [92.2284419930001, 21.397450166999988], [92.2277848400002, 21.397154134000118], [92.2276311670002, 21.39711880700014], [92.22654086600011, 21.396868153000185], [92.22497490500012, 21.39688894900013], [92.22425914300004, 21.397020355000166], [92.22352500000017, 21.397271849000163], [92.22315538800012, 21.397398464000048], [92.22251171200014, 21.397953328000142], [92.22214855600015, 21.39801884600007], [92.22179590700017, 21.398082467999984], [92.22123714000003, 21.39802595800012], [92.22074991200003, 21.397976681000046], [92.21964338000015, 21.398171944000126], [92.21939539100015, 21.398217465000073], [92.2189276040001, 21.398303330000147], [92.21840216500004, 21.398068728000112], [92.21793812400011, 21.397589494000044], [92.21766898800007, 21.397046728000078], [92.21744880100005, 21.39627304000004], [92.21731375300004, 21.396090326000035], [92.2168959550001, 21.395525060000125], [92.21664065500016, 21.395179645999974], [92.21659614000009, 21.395119419000082], [92.21631514000012, 21.39378891700011], [92.21525727500006, 21.392893103000063], [92.21466220100007, 21.392354636], [92.21308805500018, 21.39182909400006], [92.21242731900003, 21.39129148800015], [92.21151028700018, 21.39106202700009], [92.21001187700006, 21.391203694000183], [92.20878301200003, 21.391940146000024], [92.2084596200001, 21.39213394900014], [92.20749637600017, 21.391812883000057], [92.2074106140002, 21.391784297000186], [92.20583740700016, 21.391319625999984], [92.20411952100011, 21.38988608700015], [92.20365281000011, 21.389223979000064], [92.20266888500015, 21.388873446000105], [92.20169494900006, 21.389188752000052], [92.20184329200015, 21.390401376000057], [92.20167687800006, 21.391539086000023], [92.20166562500009, 21.39161602600018], [92.20050767600014, 21.39272389700011], [92.20033364400012, 21.39418231800005], [92.19982817100015, 21.395279361000178], [92.19980270700017, 21.39529844500015], [92.19965142600017, 21.395411822000028], [92.19834420900008, 21.39639149800007], [92.19777577200006, 21.3976722270001], [92.1975329940002, 21.39888772900008], [92.19768281300009, 21.400161297000125], [92.19809389800008, 21.400858565000078], [92.1982850890002, 21.401182853000137], [92.19771453700002, 21.402283004000083], [92.19714155600013, 21.403261276000023], [92.19630282300011, 21.40387955900013], [92.19618384000012, 21.404669013000102], [92.19639418200012, 21.405637016000128], [92.1963680660001, 21.40570349500007], [92.19589137899999, 21.406916879000107], [92.19479744199998, 21.407962927000142], [92.19396349900018, 21.408944609000173], [92.19385144100016, 21.410158398000135], [92.19378448000003, 21.410529988000178], [92.19373729000006, 21.41079185500007], [92.19361043900011, 21.411495784000124], [92.19303466600019, 21.41229121700013], [92.19189736000004, 21.413231246], [92.19161648000005, 21.413463402000048], [92.19100005300015, 21.41589836700018], [92.19089815900003, 21.416998867000075], [92.1908946280002, 21.41703699900006], [92.19084750000019, 21.41754600300004], [92.1907752850002, 21.418325950000053], [92.19057621500008, 21.418959874000052], [92.19052613200006, 21.41911936000014], [92.18960196799998, 21.41936039799998], [92.18955106200008, 21.41937367400004], [92.18923708900007, 21.420226626999977], [92.1889933450002, 21.42138344100016], [92.18874865499998, 21.422477052000147], [92.18874180700016, 21.422737123000047], [92.1887070890001, 21.42405564600017], [92.18867981900019, 21.424079370000186], [92.18799838300009, 21.424672198000053], [92.1874143940002, 21.42492138800003], [92.18734081500003, 21.42517450100013], [92.18729054300013, 21.425347434000116], [92.18716790500014, 21.42589537100008], [92.18665141800011, 21.426265586000056], [92.18586856000019, 21.42627581], [92.18534484100013, 21.42616073800008], [92.1852104690002, 21.42592092900003], [92.18357805600004, 21.42527761700012], [92.18275158500012, 21.4248788540001], [92.18271427600013, 21.42486081700008], [92.18160458500006, 21.42482127800008], [92.18161193200007, 21.42531560600014], [92.18161441299998, 21.425482443000192], [92.18171546299999, 21.425751881999986], [92.18195397100004, 21.426387827000156], [92.1816759990001, 21.427257402000066], [92.18164235500018, 21.427362650000077], [92.18093447300004, 21.428037862000167], [92.18055188200009, 21.428614938000123], [92.18048757600013, 21.428711931000066], [92.18013870800019, 21.42892848800011], [92.17938797500017, 21.429394496000157], [92.1790395810001, 21.429937030000076], [92.17887775100007, 21.43018903800015], [92.17875271600008, 21.430650379000042], [92.17863029600011, 21.431102069000133], [92.17831714400012, 21.432015953000075], [92.17760383100017, 21.432327750000184], [92.17727596800012, 21.432210106000014], [92.17648708400003, 21.4318568920001], [92.17629062800012, 21.431679371000087], [92.1760905480001, 21.431498576000138], [92.1760478830002, 21.43138625299997], [92.17602214600015, 21.43131659700009], [92.17398785900014, 21.43055512700016], [92.17355473100014, 21.43036067500003], [92.17336041200014, 21.430273435000117], [92.17317989900005, 21.430192394000073], [92.17280514200007, 21.430024145000118], [92.17149886400017, 21.429982397], [92.17142017900011, 21.43001078700007], [92.17097961100006, 21.430169741000043], [92.16935175200013, 21.43043466500012], [92.16888774500018, 21.429955291000056], [92.16876270800009, 21.4299085130001], [92.16835207400004, 21.429754886000126], [92.16810035800017, 21.429660713000033], [92.16718759200012, 21.429733488000124], [92.16634351300019, 21.430049190000148], [92.16608791300018, 21.430415972000105], [92.16609507600015, 21.430901264000113], [92.16564090300011, 21.43108774899997], [92.16536831600007, 21.430303372000026], [92.16458186500006, 21.430071978000058], [92.16373414700013, 21.430141636000144], [92.1632844660001, 21.430632833000175], [92.16323102200016, 21.431423686000187], [92.16324173400011, 21.43215049900016], [92.16305301400013, 21.432638321000013], [92.16272695400016, 21.432642534000138], [92.16213842700006, 21.43258918200013], [92.16140452500008, 21.431505975000107], [92.16112929800016, 21.430541017000053], [92.1603374680002, 21.42994393700002], [92.15924249199998, 21.429718754000135], [92.15764816700016, 21.429068802000188], [92.15692054800007, 21.42840992400005], [92.15683016300017, 21.428143141000078], [92.15651160100009, 21.427202850000185], [92.15629344700017, 21.425688542000103], [92.15628187600015, 21.424900782000122], [92.15588301500014, 21.42442053200017], [92.15515543300012, 21.423761641000112], [92.15547348600006, 21.423213461000046], [92.15624623500014, 21.422474303000172], [92.15643142400012, 21.421744963000037], [92.15641448300005, 21.42059154000009], [92.15614196800016, 21.419807139000113], [92.15501735800018, 21.418789882000056], [92.15461053700017, 21.417765640000027], [92.15414039299998, 21.416861866000033], [92.15419478400014, 21.416131956000015], [92.15466559200019, 21.41522662400007], [92.1547030260001, 21.415154640000026], [92.15502726000011, 21.415028558000074], [92.15515671500009, 21.415008944000192], [92.15632989800008, 21.41483118300016], [92.1568455420001, 21.41440011100019], [92.1566309960001, 21.413129577000063], [92.15656488000013, 21.412897902000168], [92.15635578300015, 21.412162352000053], [92.15484547000017, 21.41151352999998], [92.15451531000019, 21.411276210000096], [92.15352776700013, 21.410681608000118], [92.15227487100003, 21.409787885000128], [92.15043623500009, 21.409023583000135], [92.14899373100013, 21.408556701000066], [92.14864170700014, 21.40831789200007], [92.14793876200014, 21.407841016000077], [92.14714179800012, 21.40688044799998], [92.146337792, 21.405436834000113], [92.14586860000009, 21.404591717000073], [92.1455216330001, 21.4032009390001], [92.14497680000005, 21.401632084000084], [92.14431005100005, 21.400669835000144], [92.14319424000018, 21.400198715000045], [92.14260321400013, 21.399964704000126], [92.14229294200004, 21.40001131000008], [92.14221470400014, 21.400023062000173], [92.14084541600016, 21.40022873500004], [92.14026231200006, 21.40053870600019], [92.13998895100008, 21.401199420000125], [92.13988388200016, 21.401453368000034], [92.13983030600019, 21.402244226999983], [92.13984088800015, 21.402971052], [92.13978553800001, 21.403640020000125], [92.13907755000008, 21.404315063000126], [92.13860508100015, 21.40476659100017], [92.13856276900003, 21.404807027000118], [92.13771431900017, 21.40481785300011], [92.13754580800014, 21.40466570899997], [92.136986949, 21.40416112700018], [92.13612790400009, 21.40344286100003], [92.13563646400013, 21.402961577000042], [92.13533369600009, 21.40266506300003], [92.13454654600014, 21.402372566000054], [92.13357262200003, 21.40274845100015], [92.1330569430001, 21.403179452000188], [92.13254214700015, 21.40367139900013], [92.13202118700019, 21.403738985000018], [92.13166024200007, 21.403576504], [92.13149580800018, 21.40350184400006], [92.12992440800019, 21.40315833900013], [92.12894492300006, 21.40310983000012], [92.1278311760002, 21.40282145200007], [92.12769250700018, 21.40227685900004], [92.1277493990001, 21.401668828000084], [92.1283999050001, 21.400644571000157], [92.12847170300017, 21.400531522000108], [92.12864271300009, 21.40026225400004], [92.1292182090001, 21.39946702200018], [92.13038559200015, 21.398966793000056], [92.13083442300007, 21.398414735000074], [92.13107599500017, 21.39707739100004], [92.13073420800004, 21.395991289999984], [92.13006845800004, 21.395089918], [92.13006248600004, 21.394677871000113], [92.13005965800016, 21.394482720000042], [92.13057355400008, 21.393929838000133], [92.13128239200012, 21.393313518000127], [92.13185495300013, 21.392276749000075], [92.13199985900002, 21.391341519000093], [92.13203405500019, 21.391120810000075], [92.13234506800006, 21.390085108000164], [92.13285367200007, 21.38916880500011], [92.13303806900012, 21.388378539000087], [92.1329624560002, 21.387652538000168], [92.13281851500011, 21.386744534000172], [92.13281251100011, 21.386330445000112], [92.13280444100019, 21.385773923000045], [92.133310376, 21.38467478399997], [92.13323123100014, 21.383705], [92.13307824500009, 21.3821311050001], [92.13325849600017, 21.381097064000073], [92.13402855200013, 21.38017743400019], [92.13453269300015, 21.378956401000153], [92.13442073500016, 21.37838211800016], [92.13439141200013, 21.378231234999987], [92.13445887400019, 21.37786998500013], [92.13457313700013, 21.377258132000065], [92.13535285600011, 21.377006640000047], [92.13599681000005, 21.376452087000075], [92.13604839400006, 21.37548064200007], [92.13677150700016, 21.372671632000163], [92.13709794900012, 21.371403502000078], [92.13728231000005, 21.370613236000054], [92.13751537000013, 21.36955845300008], [92.1378335780002, 21.368118280000033], [92.13806449800012, 21.367577272], [92.13947392300008, 21.364275171000088], [92.13949685600011, 21.362411527000063], [92.13950376500009, 21.361850074000074], [92.1399311900002, 21.360553208000056], [92.14006642300006, 21.36014288800004], [92.1409541160001, 21.358372861000078], [92.1413353600002, 21.35769973400005], [92.1414555140002, 21.356971239000075], [92.14196750600007, 21.356298697000057], [92.141963321, 21.356010889], [92.14195867600006, 21.35569150300006], [92.14272617900008, 21.354649963000043], [92.14271029100018, 21.353557464000176], [92.14269620900006, 21.352589111000043], [92.14281192300007, 21.3515558900001], [92.1435178870002, 21.35075895900013], [92.14383316300018, 21.35002571200016], [92.1443430650001, 21.349170326999968], [92.14426119700005, 21.349173621999967], [92.14431496400016, 21.349143593000065], [92.1444143080002, 21.34905653500016], [92.14493587800018, 21.348176165000154], [92.14590144400017, 21.346547346000136], [92.14649119800009, 21.344930107000152], [92.14685407600012, 21.344580984000117], [92.14713561100007, 21.344310119], [92.14733783300005, 21.34411556100008], [92.14744729500006, 21.34319304100012], [92.14861602800005, 21.342241172000172], [92.14879583900012, 21.341900080000187], [92.14894314300005, 21.341620651000085], [92.14901178900004, 21.341522552000015], [92.1494978830001, 21.340827890000128], [92.14951699199997, 21.340528352000035], [92.14959791600012, 21.339259803000118], [92.14957613500019, 21.33776552200004], [92.14999225000008, 21.336854777999974], [92.15005434100016, 21.336720361000175], [92.15053047300012, 21.335913330000096], [92.15064102200012, 21.335108193000167], [92.14976599600016, 21.333970249000174], [92.14950579300006, 21.33293957700016], [92.149612993, 21.331904202000032], [92.14973812400018, 21.331722806000073], [92.15009379000008, 21.331207211000162], [92.15056562200004, 21.329936890000113], [92.15064042700016, 21.329599719000043], [92.15079567800012, 21.328899944000113], [92.1510404980001, 21.328625132000127], [92.15151994100006, 21.328086951000103], [92.15175334500003, 21.327280241000153], [92.15162269100006, 21.326706214000183], [92.15169991500005, 21.32642527600018], [92.15166237800003, 21.32571008400015], [92.1521634020001, 21.323705592000067], [92.15219056000007, 21.323596938000094], [92.152264381, 21.322887959000184], [92.15228989299999, 21.322642940000037], [92.15229834300015, 21.32256155600004], [92.15218780900011, 21.322375587000067], [92.15358930600013, 21.320884162000027], [92.15507170700016, 21.319306612000048], [92.15698005700011, 21.315604439000083], [92.15693662100006, 21.312631255999975], [92.15693306600002, 21.31238790000009], [92.15738968900007, 21.310083761000158], [92.15904574900014, 21.309084159000065], [92.15933484700008, 21.308909656000083], [92.1594501690002, 21.308723049000037], [92.15948725300007, 21.30866387200018], [92.15964378300009, 21.308411631000183], [92.16077238000008, 21.30659291500018], [92.1610463450001, 21.306177011000045], [92.16245218500006, 21.30404277000008], [92.16284356800003, 21.302969705000066], [92.16363109400004, 21.300810475000105], [92.16555276100013, 21.299163769000074], [92.16581103099998, 21.29894244999997], [92.16751427800017, 21.298001657000043], [92.16819351400005, 21.297832893000077], [92.16946930100016, 21.2975159020001], [92.17016799000015, 21.294978342000093], [92.1696367940001, 21.29222862100005], [92.1697219740002, 21.29212367100007], [92.17225549500012, 21.2890137010001], [92.17228698200017, 21.2889750490001], [92.17324418500004, 21.287355258000105], [92.17363999100013, 21.286897278000083], [92.17444977500014, 21.28596027599997], [92.17536685400006, 21.284899103000043], [92.17565533900006, 21.28456528600003], [92.1756267180001, 21.284480179000184], [92.17488579400009, 21.282276962000083], [92.17481674300012, 21.28191886600007], [92.17462046800017, 21.28090097800009], [92.177041665, 21.278801697], [92.17703768600012, 21.278531314000134], [92.17701459000017, 21.276962081000022], [92.17798181000006, 21.276030717000083], [92.17893548500001, 21.274180669000145], [92.17880504700008, 21.27390564800004], [92.17817669700014, 21.272580797000103], [92.17864305700016, 21.270965075000163], [92.17984511400005, 21.269342088000087], [92.17989020300018, 21.269336989000124], [92.18180310600007, 21.26908645800006], [92.18401967100004, 21.269746306000116], [92.18576239200013, 21.270266837000122], [92.18623628600005, 21.270408379000116], [92.18918174600003, 21.27059813699998], [92.19047994700009, 21.268988716000138], [92.1908675050002, 21.268508240000187], [92.19156512500018, 21.265970635000087], [92.18959080600013, 21.26507746100009], [92.18966268400004, 21.26420114200016], [92.18979842200008, 21.262546229000066], [92.19023841000006, 21.26079352900001], [92.19026125800019, 21.260702512000023], [92.18923139100013, 21.259529626000187], [92.18826603200012, 21.25843018100005], [92.18616498900013, 21.256897433000063], [92.18578764800009, 21.256622381000057], [92.1847799320002, 21.25479774300004], [92.18442872600008, 21.25416142800009], [92.18402399700005, 21.25342813200018], [92.18089500300016, 21.25224050200012], [92.18213820000011, 21.250233181000056], [92.18174165500005, 21.24828546499998], [92.18104374300003, 21.246926001000134], [92.1801009940001, 21.24508956600016], [92.17871382099997, 21.242463810000174], [92.17833145800006, 21.241434753000192], [92.1783021920001, 21.241324944000098], [92.17801458000014, 21.240245802000118], [92.17781217500016, 21.239486348000185], [92.17839790400006, 21.237641066000094], [92.17922174000017, 21.23557258599999], [92.17748280800004, 21.233744913000066], [92.17690497200016, 21.23324738100007], [92.17641538900006, 21.23282583300005], [92.17524827400007, 21.231820889000176], [92.17374361100013, 21.22954200600003], [92.17356337000007, 21.229470391000064], [92.17066162200013, 21.228317412000138], [92.17016905900016, 21.22782720200007], [92.16933512600019, 21.22699723900007], [92.16929328000009, 21.22695559200008], [92.16937025000004, 21.22497073800014], [92.16938245000017, 21.22465615900012], [92.16930001700018, 21.224496280000153], [92.16849900400007, 21.22294267], [92.16751116000006, 21.22231357000004], [92.16726191900017, 21.222154841000133], [92.16797388200018, 21.221007246000113], [92.16613249500011, 21.22032935599998], [92.1665972310002, 21.21860080000016], [92.16677741000012, 21.21778897300004], [92.16705751900008, 21.21652687900007], [92.16628699500012, 21.216259769000146], [92.16545611900011, 21.215971732000014], [92.16512034100003, 21.21548321100005], [92.16485457800019, 21.215096550999988], [92.16483009400008, 21.21506092900006], [92.16519501900018, 21.214825935000192], [92.16628687600019, 21.21412334000007], [92.16799421000007, 21.21352571500006], [92.16791666400007, 21.21306274700015], [92.16772516700013, 21.211919463000015], [92.1673379660001, 21.210547266000106], [92.16780431900008, 21.208931570000175], [92.16925599800004, 21.20764863500017], [92.17009565400002, 21.20637355800011], [92.16974850200012, 21.20544028300003], [92.16905875800006, 21.20358595], [92.16894730000007, 21.203286296999977], [92.16934601700012, 21.20169856000018], [92.16952631700008, 21.200980566000112], [92.17061084900013, 21.19970234100009], [92.17175414300004, 21.199306546000116], [92.17268337600012, 21.198984849000055], [92.17288738200011, 21.19876365500005], [92.17364847900012, 21.19793842600012], [92.17350692100013, 21.19741292400016], [92.173249156, 21.196456019000095], [92.17302291500005, 21.195616130000133], [92.17300061300017, 21.195533332000025], [92.1729734920001, 21.19547828100019], [92.17254968900016, 21.194618011999978], [92.1721422130002, 21.19379243600008], [92.17116076800005, 21.1924036960001], [92.17082242800012, 21.19192865700012], [92.17064405400009, 21.191678212000113], [92.17027629300014, 21.19126301300014], [92.17024792300009, 21.191231220000077], [92.16999546000011, 21.190948292000087], [92.16967042300013, 21.190532541000096], [92.16949579000016, 21.190236774000027], [92.16938665100008, 21.190057562000106], [92.16957569599998, 21.189856459999987], [92.169978549, 21.189790331000154], [92.17040368700003, 21.189766807000126], [92.1707869330001, 21.189800263000052], [92.17110728600005, 21.189895483000157], [92.17138640400009, 21.190092828000047], [92.17185453100018, 21.19008680900015], [92.17240574000004, 21.190000704000056], [92.17274307000008, 21.18977511600002], [92.17282717699999, 21.189677681000035], [92.17295197100003, 21.189533114000085], [92.173323, 21.18873139100009], [92.17383624500019, 21.187449216000118], [92.17401512300006, 21.186935029000153], [92.17410132700007, 21.186687233000043], [92.1741809190001, 21.18628660400003], [92.17421868000014, 21.185988107000128], [92.17417306200008, 21.185749385000122], [92.17409104900014, 21.185585082000102], [92.17406332800005, 21.185529547000044], [92.17382695900011, 21.185374551000166], [92.17355078800011, 21.185378104], [92.17325265700003, 21.18536162099997], [92.17314500300017, 21.18528398700016], [92.17313185300014, 21.185174043000075], [92.17312100600009, 21.18508336600013], [92.17311810199999, 21.18488473000008], [92.17328603500016, 21.184722275000013], [92.1735408510001, 21.18469867700003], [92.1738096790001, 21.184645551000074], [92.17401304700007, 21.184642935000056], [92.17457233900018, 21.184658313000057], [92.17495380500009, 21.18465340600011], [92.17523367600006, 21.184697215000085], [92.17544638300018, 21.184633517000123], [92.17548643700013, 21.184574303000034], [92.17543215600017, 21.184360524], [92.17639488500015, 21.18348796200013], [92.17709230600019, 21.18381311100012], [92.17821872900004, 21.184338171000036], [92.18054056200003, 21.185084855000184], [92.1823539770001, 21.187885754000035], [92.18249127600018, 21.188276491000124], [92.18342169400006, 21.190924291000158], [92.18494617000005, 21.192893561000062], [92.1855680590001, 21.193696866000153], [92.1856989150001, 21.193865894000112], [92.1894958640001, 21.196562002000064], [92.1931603760001, 21.19900236300009], [92.19319383100009, 21.199026656000058], [92.1952624760001, 21.200528764000182], [92.1958208160001, 21.200934183000072], [92.19633508900012, 21.201442233000023], [92.19867315100015, 21.20090384100007], [92.20034902200013, 21.200762358000134], [92.20094966300019, 21.202056086000084], [92.20099496700004, 21.20215366399998], [92.2022089990001, 21.20313344400006], [92.20248433800009, 21.203355616000124], [92.203248901, 21.20499144300004], [92.20414897500007, 21.207442752000077], [92.20591467900016, 21.209303104000185], [92.20620834700009, 21.209612507000145], [92.2067786240001, 21.211372764000032], [92.20633225400013, 21.212886683000136], [92.20621019400016, 21.213542986000164], [92.20656106700017, 21.214107318000117], [92.2074891580001, 21.21515625500018], [92.2073763090001, 21.2165122990001], [92.20859708800015, 21.217449037000165], [92.20940578200009, 21.217106584000135], [92.20941720900004, 21.21916940200009], [92.21112927800004, 21.22091742000015], [92.21137181800003, 21.222045302000026], [92.21059530500014, 21.223902197000086], [92.21282995900015, 21.225532240000064], [92.21507812500016, 21.2262906360001], [92.21689904400012, 21.227298439000094], [92.21869297900014, 21.229719828000157], [92.21964241000006, 21.231538243000045], [92.21990719300004, 21.232054647000155], [92.22067609400017, 21.233554209999966], [92.22056447500006, 21.234140395000054], [92.21897168700008, 21.234867987000086], [92.218362114, 21.23633176100003], [92.21784957200009, 21.23756251100008], [92.2165683020001, 21.239681177000023], [92.21560739300008, 21.2414457000001], [92.21491880600007, 21.243064412000138], [92.21420254800012, 21.245209507000027], [92.2131785740001, 21.246223073000067], [92.21269089800012, 21.246705832000146], [92.21197645300003, 21.24812846500015], [92.21334145000009, 21.251564667000082], [92.21350381400003, 21.251632519], [92.213921357, 21.25237881300012], [92.21622272300004, 21.255175068000085], [92.2174913730002, 21.255623441000182], [92.21896540400019, 21.256317435000028], [92.2198756310001, 21.25747487500007], [92.21900434100013, 21.259116329000165], [92.21876421000007, 21.263140253000017], [92.2178303880001, 21.265071498000054], [92.21682946800001, 21.266464059000043], [92.21629955700018, 21.268028768000136], [92.21616351400019, 21.269558944000096], [92.21670028400018, 21.27166723900018], [92.21722676900015, 21.273972075000074], [92.21743156900004, 21.27461956200011], [92.21747292900005, 21.278222121], [92.21694104000005, 21.279696555000157], [92.2167840730001, 21.27994755300017], [92.21647411000015, 21.28044319300011], [92.215377838, 21.281909248000034], [92.21420866000011, 21.283132439000042], [92.21321863000009, 21.28405526600011], [92.21216998200015, 21.284600140000066], [92.21165844400014, 21.284865930000024], [92.2104453440001, 21.285450778000097], [92.20967389900011, 21.286168712000176], [92.20905989900012, 21.287117009000042], [92.20935851500013, 21.28803870100012], [92.20970669899998, 21.288892014999988], [92.20946705600016, 21.289861407000103], [92.20850741200019, 21.290646100000117], [92.20803421099998, 21.29162307600012], [92.20789565500007, 21.29199087600017], [92.20754532100005, 21.292920832], [92.20674741300013, 21.293689849000145], [92.20591724600007, 21.295041744000173], [92.20528493100005, 21.29609304000013], [92.20469480300011, 21.297626862000186], [92.20468256400005, 21.29765867400016], [92.20395419800019, 21.299135654000168], [92.20288336300013, 21.300774866999973], [92.20281309300003, 21.300882434000073], [92.20271062100005, 21.301039292000098], [92.2007521540001, 21.304841800000133], [92.20062450500012, 21.305089632000033], [92.19840144500006, 21.30945555000011], [92.1983626670002, 21.310937039000066], [92.19835367100018, 21.311465436000162], [92.19832208600013, 21.31241855500008], [92.19879957900014, 21.314633786000115], [92.19929602200006, 21.31634080800012], [92.19836394500015, 21.31878894600004], [92.1980802020002, 21.319756649000055], [92.19803146900017, 21.3199220890001], [92.19792286100005, 21.32079945700019], [92.19768896100004, 21.322687609000127], [92.19783836100015, 21.324024415000054], [92.19806704700005, 21.32607358200005], [92.1975186300001, 21.32743079500017], [92.19735358000008, 21.32840146100017], [92.19818929900009, 21.32954867800015], [92.20088138800014, 21.33145045300006], [92.20128588400001, 21.33251976500003], [92.20220996000012, 21.33336779700005], [92.20327454000011, 21.333579601000167], [92.20499288700006, 21.333762498000112], [92.20600216999998, 21.3337808550001], [92.20673941400008, 21.334942858999966], [92.20715511300011, 21.336757009000166], [92.20733249900019, 21.336871459000065], [92.20876341400003, 21.337794675000055], [92.21294075900005, 21.340302410000163], [92.21308000500005, 21.34038599800016], [92.21409753000012, 21.342815103000135], [92.21479640200005, 21.344483443000115], [92.2154076880002, 21.34606107000019], [92.21545260700009, 21.3461769970001], [92.2169238100002, 21.346780670000044], [92.21898660600016, 21.347496484000146], [92.2199258060001, 21.34782238700018], [92.22251115700004, 21.348718301000076], [92.22363083500011, 21.349778077000167], [92.22416411800009, 21.35146192700006], [92.22434058800013, 21.351897556000097], [92.22510510500007, 21.35205674100007], [92.2251623050002, 21.352038476000075], [92.22632223000016, 21.351668111000038], [92.22525594100011, 21.34907928100006], [92.2258073340002, 21.348570795000114], [92.2273085270001, 21.349002400000018], [92.22765037300019, 21.349657072000184], [92.2294700400002, 21.348838261000026], [92.23116582500006, 21.34914985400013], [92.23136614700013, 21.351199307000172], [92.23149164400013, 21.352802759000156], [92.23193244700008, 21.353029744000025], [92.23293192500017, 21.353544402000125], [92.23337349500014, 21.353899736000074], [92.23566700600009, 21.35449003500014], [92.23621363800004, 21.354582085000118], [92.23641452600015, 21.35461604799997], [92.23860253600014, 21.354985953000153], [92.23993631400003, 21.355178112000146], [92.24170988100013, 21.355210877000104], [92.24347945500017, 21.355139829000052], [92.2443077150001, 21.356356857000037], [92.24655370200009, 21.35694174700012], [92.24665765600014, 21.356968818000155], [92.24687553600006, 21.35695461500012], [92.24690172800007, 21.356933947000186], [92.24745938500013, 21.356642033000185], [92.24778002300019, 21.356531636000057], [92.24821373100019, 21.35632942300009], [92.24859646000016, 21.35618207100015], [92.24899087600011, 21.3560503650001], [92.24938783800008, 21.355927655000073], [92.2498435220001, 21.35586285300002], [92.2501748630001, 21.35582229200014], [92.25053318800019, 21.355812973000184], [92.25107356600012, 21.355889256000182], [92.25150338600014, 21.35598508100003], [92.25199291100006, 21.356163631000072], [92.2525335520001, 21.35637535700016], [92.25281524800016, 21.35651605700008], [92.25309509200002, 21.356692904000056], [92.25359705400018, 21.357054144000074], [92.25390039400008, 21.35730968600012], [92.25418071100006, 21.357635519000155], [92.2543626010002, 21.357867860000113], [92.25450702400019, 21.35813230600013], [92.25466137800015, 21.358651723000037], [92.25471617900013, 21.359043796000037], [92.25477344199999, 21.359399714], [92.25479456300008, 21.35975611900011], [92.25482673800013, 21.360204935000127], [92.25482036400018, 21.360654266999973], [92.25484282300016, 21.36094066900006], [92.25494994400003, 21.36128689000003], [92.25512981500009, 21.361623102000124], [92.25538571200002, 21.361809294000068], [92.25590039400015, 21.362055218000023], [92.2563033400001, 21.362243950000163], [92.2566957040001, 21.362410244000046], [92.25716147300017, 21.362609415000122], [92.25759075200006, 21.362786500000084], [92.2579694010002, 21.362962007000135], [92.25826337400008, 21.36311607800019], [92.25862898500009, 21.363384317999987], [92.25880938600017, 21.36375437900017], [92.25886636300015, 21.36424800800006], [92.25878763200012, 21.364535774000046], [92.25847503200004, 21.364935046000085], [92.25823888400004, 21.36517300600002], [92.25782836399998, 21.365512642000056], [92.25760598000005, 21.365705267000124], [92.25714665600009, 21.365966546000152], [92.25672451400015, 21.366295048000154], [92.25643814900019, 21.366441123000072], [92.25616649800014, 21.366564424000046], [92.25578143600012, 21.36683598700006], [92.2552608060002, 21.367186131000096], [92.2549761140001, 21.36740216300018], [92.2545524160002, 21.367787118000138], [92.25435054200017, 21.368060735000142], [92.25420119800009, 21.368302039000014], [92.25406197400014, 21.368574812000134], [92.25379762400007, 21.369135968000023], [92.25369681400008, 21.369399195000028], [92.25368380000009, 21.369429724000156], [92.25357001800006, 21.36969663500014], [92.25345492300005, 21.36997134100011], [92.25334034600007, 21.370279903999972], [92.25316299000013, 21.370738304999975], [92.25304858600009, 21.371058152000103], [92.25282062700018, 21.371596246000024], [92.25266813800005, 21.3720656000001], [92.25258802000019, 21.372421108000026], [92.25263020100004, 21.372713344999966], [92.25263452500002, 21.372743307000178], [92.25275396100017, 21.373066788000187], [92.25293410400008, 21.37345943600019], [92.25316429100019, 21.37365726400003], [92.25359450000013, 21.373893038000176], [92.25389895800015, 21.37410115400013], [92.25416661700018, 21.37426687200019], [92.2545343160001, 21.374512515000163], [92.2548152830002, 21.37472094600008], [92.25514391000013, 21.374933248000048], [92.2553755300001, 21.375106223000103], [92.2555184220002, 21.375544518000027], [92.25552556700018, 21.376050106000093], [92.25551976100019, 21.37641815900008], [92.25565142500011, 21.376752759000055], [92.25592077200008, 21.376871042000175], [92.25636321899998, 21.37711793300008], [92.25661914500006, 21.377304121000066], [92.25685097600012, 21.377490633000036], [92.25701921600017, 21.377734438], [92.25700364800014, 21.378055215000188], [92.25681799000006, 21.378399769999987], [92.25677574100001, 21.378478180000116], [92.25642804100005, 21.37883051700004], [92.25601829100009, 21.379183684000054], [92.2556303680002, 21.379545592000113], [92.25543261100012, 21.3797740010001], [92.25540348099997, 21.380153656000175], [92.25563106200008, 21.380730777000053], [92.25577327900004, 21.38100653900011], [92.25593071800017, 21.381331762000116], [92.256037133, 21.381630579000102], [92.2560565820001, 21.382034412], [92.2557933870001, 21.382514291000177], [92.25553238300017, 21.382705172999977], [92.25525936600008, 21.382898476000094], [92.25479934900011, 21.3831575050001], [92.2543647600001, 21.383463599000038], [92.25404174500011, 21.383815598000126], [92.25390155300005, 21.3841832010001], [92.25382362700003, 21.384642524000128], [92.2537707510001, 21.384927683000058], [92.25376360900003, 21.38544475000009], [92.25390517000011, 21.385953047000157], [92.25404803100014, 21.38650647300011], [92.25418616300016, 21.387105117999965], [92.25427015700018, 21.38747422200015], [92.25438978100016, 21.387808984000117], [92.25451930800011, 21.388200049999966], [92.25468669500003, 21.38866284800008], [92.25479294600018, 21.388950380000097], [92.25499630900003, 21.38940140500017], [92.2551671440001, 21.38965646200006], [92.25533471400007, 21.39001315500019], [92.2556248750002, 21.390465269000117], [92.25591559800017, 21.390836105000062], [92.25611001400011, 21.391056982000123], [92.25647656500013, 21.391381646000127], [92.25672107200006, 21.391567986000098], [92.25704837400014, 21.391848026], [92.25741556300005, 21.39217493600006], [92.25781666800009, 21.392512676000138], [92.25814672900015, 21.392815250000126], [92.25856195100005, 21.393130223000128], [92.25884218600004, 21.393327367000097], [92.25912245300003, 21.39352676599998], [92.25962447300003, 21.393842822000067], [92.25993052700011, 21.393994464000173], [92.26039566300005, 21.394184598000095], [92.26072546800009, 21.39431334200009], [92.26115485000008, 21.394490407999967], [92.26168264700016, 21.39467969100008], [92.26202643100015, 21.3947766390001], [92.26232197799999, 21.39487198300003], [92.26267679200004, 21.395059081000056], [92.26305279700017, 21.39548744300015], [92.26324418200011, 21.395823488000133], [92.26345132500012, 21.39620446600003], [92.26366582800017, 21.39663275200013], [92.26383497200015, 21.396932971000183], [92.26397966600001, 21.39721094800018], [92.26417218100005, 21.397580837000135], [92.26433081600015, 21.397824760000162], [92.26466861900008, 21.39827621100011], [92.2650220770002, 21.398648439], [92.26541224400006, 21.398938901000065], [92.26570724800013, 21.399115509000126], [92.266075064, 21.39924598800019], [92.26647984100003, 21.399272118], [92.26709680600004, 21.39930215200019], [92.26775951800016, 21.399367681], [92.2682634900001, 21.39941729900005], [92.2685705790002, 21.399478610000074], [92.26902571900018, 21.39964401600008], [92.26934181600012, 21.399820340000076], [92.26956277400012, 21.4000408390001], [92.26952009400014, 21.400477112999965], [92.26931954800006, 21.40079813500006], [92.26913041700016, 21.40111674600007], [92.2688808530001, 21.40142488500004], [92.26868155500011, 21.401709773], [92.26843280100013, 21.401914058000102], [92.26819420700014, 21.4021520660001], [92.267969505, 21.40239214700017], [92.26773314700017, 21.402618835999988], [92.26746063700017, 21.40284601800016], [92.26708798900006, 21.40310615700008], [92.26676486100018, 21.403334020000045], [92.2664550360002, 21.40352558400008], [92.2658341450001, 21.404023859000176], [92.26552170000008, 21.40431929900012], [92.26526653600013, 21.404575579000152], [92.26514847300018, 21.404694557000084], [92.26489683500017, 21.405025296000133], [92.26477021100015, 21.405334029000016], [92.26455507400004, 21.40580423700004], [92.26432819700017, 21.406294926000044], [92.26410195400018, 21.406787858000143], [92.26394951500009, 21.40714209000015], [92.26379759000008, 21.407530173], [92.26365839200008, 21.40780521400012], [92.26357001300016, 21.408093110000152], [92.26347954100015, 21.40840135300016], [92.26347544100014, 21.40872197300007], [92.2636060370001, 21.409022714000173], [92.26391177700003, 21.409269165000012], [92.26427734800012, 21.409526093000125], [92.2645706240001, 21.409745626000074], [92.2648757660001, 21.409992082000088], [92.26518070200012, 21.410224997000057], [92.26557202700008, 21.410549300000184], [92.26584028800016, 21.410748847000036], [92.26620510200013, 21.411073506000037], [92.26654445400015, 21.411583623000013], [92.26673755000013, 21.411872229000096], [92.26693085600016, 21.412174375000063], [92.26719923100006, 21.412498079000045], [92.2674556230001, 21.412709069000073], [92.26777304600017, 21.41293052200018], [92.2680779910001, 21.41316343200009], [92.26843152800012, 21.41342051400005], [92.26868904700007, 21.41366535000003], [92.26873302600006, 21.413976288000015], [92.26872643900009, 21.41464233800008], [92.26869270600008, 21.415423888000078], [92.26872387100008, 21.41580272500005], [92.2687681700001, 21.416251367000086], [92.2687861300002, 21.41671165400004], [92.26880919600012, 21.417034162000107], [92.26880553500007, 21.417343486999982], [92.26885042300006, 21.4177131080001], [92.26889515300002, 21.41815045600009], [92.26892536700007, 21.41850672900017], [92.26898154700007, 21.418943921999983], [92.26902382500003, 21.41932356200016], [92.26902773500018, 21.419358675000126], [92.26908353200008, 21.419771040000057], [92.26912850300016, 21.42010679800012], [92.26917221700006, 21.420634459000155], [92.26919241700011, 21.42108342600011], [92.26918760500007, 21.421474036000063], [92.26986142800013, 21.422758445000056], [92.26985923100005, 21.423045178000052], [92.26976824000008, 21.423319567000135], [92.26962806200004, 21.42368718100016], [92.26948970500001, 21.42413378200007], [92.26934931400007, 21.424487855000166], [92.26922025000005, 21.42491175500004], [92.26911846200011, 21.42526756100017], [92.269065608, 21.425552719000166], [92.2689753480002, 21.42587450800005], [92.26889920200011, 21.42617352600007], [92.26884356000011, 21.42655128300015], [92.2688421380002, 21.42684929100011], [92.26884996500002, 21.427160720000074], [92.26895645200005, 21.427459521000173], [92.26921158800019, 21.427704386000073], [92.26964279100008, 21.427836250000155], [92.27019563200008, 21.4279213100001], [92.27066169200009, 21.428007546000117], [92.27106899500012, 21.4280358850001], [92.27141358600016, 21.4280628140001], [92.27175775400019, 21.428088244000037], [92.27233648900005, 21.42810672600018], [92.2727048370001, 21.42811075700007], [92.273026652, 21.42806801100005], [92.27353319400004, 21.42800469499997], [92.27385294900012, 21.427984549000087], [92.2741602970001, 21.42794199800005], [92.27469172000013, 21.427889626000137], [92.27500130600015, 21.427835757000025], [92.27530883100013, 21.427804487000117], [92.27565272300012, 21.42778626800009], [92.27607375000008, 21.42776700000013], [92.27641799500003, 21.427771347000032], [92.2767501460001, 21.427773605000027], [92.27705805600016, 21.42776715800011], [92.2775252690002, 21.427772092], [92.27806794500015, 21.427823403000104], [92.27837484200006, 21.42790727], [92.27882827200006, 21.428072664000183], [92.27930483700015, 21.428330301000074], [92.27958726300011, 21.428507052000043], [92.2798794700002, 21.42869270200015], [92.28018678000007, 21.428880403000164], [92.28046641100019, 21.429032359000075], [92.28083582900018, 21.429221470000016], [92.28103500700013, 21.429277449000153], [92.28116460300004, 21.429316319000122], [92.28158302899999, 21.429400917000066], [92.28210065000013, 21.429429979000133], [92.28245844500015, 21.42937543700009], [92.28276579500016, 21.42933287], [92.28307555400016, 21.42929026900015], [92.28339779200013, 21.429236207000088], [92.28404920900016, 21.42918668599998], [92.2846787040001, 21.42923904900016], [92.28510875600017, 21.42933476600018], [92.28553721400004, 21.429444048000164], [92.28596779400016, 21.429573616000027], [92.28638419900005, 21.42968306], [92.28670298400004, 21.42975546100007], [92.28701251500019, 21.429814441000133], [92.2874667120002, 21.429912078000143], [92.28775975900004, 21.429996115000108], [92.28828736500014, 21.430162728000084], [92.28863845800015, 21.430275890000075], [92.28873081600017, 21.430305657000133], [92.28919536000006, 21.430448299000034], [92.2896265490001, 21.430577848000155], [92.28989344899998, 21.430642503000115], [92.29012934800005, 21.43069964700004], [92.29047301900016, 21.430782986999986], [92.2908059180001, 21.430832609], [92.29116146500013, 21.43090449800019], [92.29160532100008, 21.430957115000183], [92.29190133000014, 21.43084470500014], [92.2923121070001, 21.43051626300013], [92.292536729, 21.430310015000146], [92.29276068100006, 21.430060884], [92.2929876280001, 21.429579194000155], [92.29312949300004, 21.429168651], [92.29329276500005, 21.428778130000126], [92.29346926500011, 21.428308419000075], [92.29358378800009, 21.427999832000012], [92.29372600300019, 21.42761185800009], [92.29381397500003, 21.427301381000063], [92.29391793600018, 21.426934248000123], [92.29408444600011, 21.426326965999976], [92.29419975400003, 21.425914528000135], [92.29435306200014, 21.42550382700017], [92.29446798100014, 21.425066560000175], [92.29457115300016, 21.42480328300013], [92.29463519300009, 21.424504420000176], [92.29471192500006, 21.424207640000134], [92.29482886100016, 21.423783893000177], [92.2948938630002, 21.42339246], [92.29499803300013, 21.423038869000152], [92.29507447800012, 21.422762411], [92.29513872700005, 21.42247708900004], [92.29524175800009, 21.422166405999974], [92.29550729800008, 21.42157131000016], [92.29565967400004, 21.42121705800014], [92.29578435800005, 21.420942195000066], [92.29596140600017, 21.42050859300008], [92.29613958800013, 21.420108835], [92.29631506600009, 21.419844565000176], [92.2966014980002, 21.419468157000097], [92.29692669600007, 21.419219891000182], [92.29728446500013, 21.419050188000085], [92.29772907000006, 21.418998939], [92.29817061900008, 21.419060606000073], [92.29852535300012, 21.41923633300013], [92.29890493000016, 21.419574257000022], [92.29915874500011, 21.419886815000098], [92.29943829300015, 21.42030286500011], [92.29969115400019, 21.42070799100003], [92.29992068600018, 21.421124727000063], [92.3001001340001, 21.421576010000024], [92.30027823500018, 21.422095036000144], [92.30041129200009, 21.42239344800015], [92.30049397900012, 21.42266998000008], [92.30062654200015, 21.422936796000158], [92.30079104200007, 21.42327992500003], [92.30098918200014, 21.42353906700015], [92.30123372700018, 21.423759194000183], [92.30156498000014, 21.423820107000154], [92.30214549900012, 21.423710542000038], [92.30245563000011, 21.423577603000126], [92.30271514200012, 21.42340698200013], [92.30307500500015, 21.423101790000146], [92.30352313200018, 21.422736693000047], [92.30389565000007, 21.42243132500016], [92.30425923100006, 21.42205610100001], [92.30450831600018, 21.421759203000136], [92.30470756400013, 21.421474280000098], [92.30493279300003, 21.421155137000085], [92.30520828500005, 21.42081272700017], [92.3054342210001, 21.420538724000153], [92.30559748800005, 21.420265581000024], [92.30583607800008, 21.419761143000017], [92.30599934100013, 21.419488002000094], [92.3062008170001, 21.419191757000192], [92.30646177000011, 21.41888340800017], [92.30674746300008, 21.418692105000048], [92.30715434300015, 21.418580399], [92.30746442400016, 21.418560326000033], [92.307832388, 21.41854170900001], [92.3082778710002, 21.418431727000154], [92.30868609500004, 21.418252276000146], [92.30910601800008, 21.418050090000122], [92.3093929440002, 21.417822646000104], [92.30971606000008, 21.417596960000083], [92.31007568500013, 21.417393346000154], [92.31048316000016, 21.41716649300008], [92.3108561140001, 21.41704396199998], [92.31131087800009, 21.417026400000168], [92.31186556300003, 21.417077437000046], [92.31251521100017, 21.41718811200002], [92.31289685500013, 21.417273140000134], [92.31326648100014, 21.4173222120001], [92.31368428100006, 21.417406739000114], [92.31399011100018, 21.41753796], [92.31433280700008, 21.417713819000085], [92.31453861400013, 21.417923175], [92.31468492000016, 21.418257512000025], [92.31478947400012, 21.418696269], [92.31490661500015, 21.419168710000122], [92.31504839400003, 21.419674674000078], [92.31511923500017, 21.419962646999977], [92.31521619900019, 21.42026380300007], [92.31538137100017, 21.420724292000045], [92.31555270000001, 21.421001848000117], [92.31598033800009, 21.42121264700006], [92.31647406800005, 21.421219361000055], [92.31696740300009, 21.421086120000155], [92.31725226600014, 21.420881268000073], [92.31761376400004, 21.420643748000145], [92.31786229300008, 21.420428110000046], [92.31826127200014, 21.420007218000023], [92.31847123800009, 21.41979211200004], [92.31873404800018, 21.41956498900015], [92.31903190900005, 21.41926739500002], [92.31943046900017, 21.418972926000095], [92.31977731600017, 21.418724317000056], [92.32022354700007, 21.418395324000073], [92.32052307800006, 21.418203805000132], [92.32093206600013, 21.418035605000057], [92.32130224000002, 21.417890513000145], [92.32162383200017, 21.417836389000115], [92.32191851600004, 21.417757812000104], [92.32221539900019, 21.41770402800006], [92.32258558799998, 21.417674064000096], [92.32311524600016, 21.417666719000124], [92.32343535100006, 21.41767130700015], [92.32395260100003, 21.417641556000092], [92.32432296500014, 21.417622872000095], [92.32465508800016, 21.417625035000015], [92.324975194, 21.417629620000127], [92.3252426270002, 21.417885511000065], [92.32546085800004, 21.418117255000084], [92.32587530400008, 21.418522348000124], [92.3260960130001, 21.418720194000116], [92.32632781500013, 21.418895312000075], [92.32676756300009, 21.4192233], [92.32712232900013, 21.419398966000188], [92.32752790900008, 21.41947233800005], [92.32798302900011, 21.419477300999972], [92.32845313500007, 21.41940078300007], [92.32877566600007, 21.419254082000066], [92.3291564070002, 21.41916752000003], [92.32950193800008, 21.419216891000133], [92.32992900300019, 21.41954278999998], [92.3301717700001, 21.4197628980001], [92.33031548899999, 21.420122084000127], [92.33037430900009, 21.420410217000097], [92.3304082050002, 21.42068515], [92.33046369200008, 21.42118100800019], [92.33056751600014, 21.421836473000155], [92.33065137000017, 21.42218295000015], [92.33071996400014, 21.42263121899998], [92.33071547600014, 21.42291797700011], [92.33068674300017, 21.423424037000075], [92.33061903300006, 21.423790683], [92.33059158100014, 21.424111619000087], [92.33055078000018, 21.424502721000124], [92.3305474660001, 21.424825577000036], [92.33058972800006, 21.425285502000122], [92.33058675700005, 21.425743800000077], [92.33044598100014, 21.426064056000087], [92.33011158400012, 21.42633734400016], [92.32980055200011, 21.426450028000033], [92.32935860100008, 21.426478753000026], [92.32889140500015, 21.42647396300015], [92.328470402, 21.42649336500017], [92.32808867800003, 21.426557367000157], [92.32770477800011, 21.426750068], [92.3274550980002, 21.427044751000153], [92.32720173700011, 21.427639717000147], [92.32712365900005, 21.42796135700013], [92.32704727800007, 21.42823782500011], [92.32695670100009, 21.42868379500004], [92.32687676700004, 21.429154449000066], [92.32685988100008, 21.42953393200014], [92.32683054700016, 21.42988875599997], [92.32677880300014, 21.430198740000037], [92.32677378700004, 21.43056677100003], [92.32678078000004, 21.43108362400011], [92.32684964900011, 21.431511577000038], [92.32702969400003, 21.431994419000034], [92.32719904300006, 21.432296814000097], [92.32747795800015, 21.432552541000064], [92.32787114500007, 21.432716379999988], [92.32837641200007, 21.432801905000076], [92.32876979600007, 21.43286415700004], [92.32922550000012, 21.432902962000185], [92.32933088200014, 21.432922340000175], [92.32988745400019, 21.433024681], [92.330329624, 21.433122367000124], [92.33062510500002, 21.433206291000147], [92.33101758200007, 21.43332498100017], [92.3313857080002, 21.433466588999977], [92.33176631200007, 21.433596733000115], [92.33218325500019, 21.433737655000016], [92.33246463500018, 21.433844346000058], [92.33274764100014, 21.433939729000087], [92.33307762600003, 21.434070575000078], [92.33340998600016, 21.434199128000103], [92.333826966, 21.434342303000165], [92.3342559990001, 21.434485307000102], [92.33469885900013, 21.434625864000054], [92.33520301400017, 21.434792651000123], [92.33576614000009, 21.435028593000084], [92.33614505800017, 21.435203897], [92.33654905300011, 21.435439799], [92.33681723300009, 21.435625677000132], [92.33705075600011, 21.435868474000017], [92.33720638600005, 21.436216200000047], [92.33731196200006, 21.43656236600009], [92.33738279300013, 21.436884186000043], [92.33740345100011, 21.437310547000095], [92.33742144600006, 21.43787239300019], [92.33741772900004, 21.438206541000113], [92.33740198400005, 21.438504738], [92.33739606400007, 21.43896533100002], [92.33736624200014, 21.439401429000043], [92.3373488100001, 21.439896044000022], [92.33733158000007, 21.440365827000107], [92.33730320700016, 21.440779329], [92.33729768300003, 21.441113502000064], [92.33728287500008, 21.44147037900018], [92.3372277690001, 21.441870709000113], [92.33720037000006, 21.4421939020001], [92.33717275400011, 21.44250355200012], [92.33713103500008, 21.442835974000104], [92.3370655670002, 21.443191303000106], [92.33699880100016, 21.44361662800003], [92.33694556900002, 21.443983071000048], [92.33686973700014, 21.444293394000056], [92.33681411800006, 21.44477499900006], [92.33673548000013, 21.44521177700011], [92.33667112500007, 21.44548582300007], [92.3365543000001, 21.44606083600013], [92.33643672000011, 21.446588453000174], [92.33638402300011, 21.446988747999967], [92.33640278600018, 21.447333873000048], [92.33668660300009, 21.44744052200008], [92.3372412280001, 21.44748017900008], [92.33760831600006, 21.447554058000037], [92.33806336800006, 21.44766282600017], [92.33851763500007, 21.447873187000084], [92.3389320330001, 21.448154084000123], [92.33915093700006, 21.448385794000103], [92.33934534100018, 21.448744259000023], [92.33950173900013, 21.449101000000155], [92.33969319300019, 21.44942564600018], [92.33989932200012, 21.449876500000187], [92.34010391500004, 21.450268683000047], [92.34031007900006, 21.45057054800003], [92.34056644700013, 21.450882996000132], [92.34075772800009, 21.45119635700007], [92.3409374860002, 21.45165660900011], [92.34099278800016, 21.452175036000085], [92.3410132520001, 21.452739101000134], [92.34100791100008, 21.453197429000056], [92.34100200500012, 21.45365801900016], [92.34099908100006, 21.454003442000044], [92.34101857700006, 21.454393701000072], [92.34103994600014, 21.45475006999999], [92.34105817700015, 21.455325454], [92.34105486100003, 21.45564605000004], [92.34107194900002, 21.456187585], [92.34104232200019, 21.45663496500009], [92.34103771000014, 21.457025562000183], [92.34110974300017, 21.457383479000043], [92.34120085200016, 21.457878832000063], [92.34122291200003, 21.458165212000154], [92.3412923840001, 21.45862700500004], [92.34131261000016, 21.45894953000004], [92.34139331900019, 21.45939762300003], [92.34149874700017, 21.459996614000147], [92.34154332300017, 21.460296224000047], [92.34156596200017, 21.460618716000113], [92.34161090000015, 21.46094089400009], [92.34164396500012, 21.461274527000114], [92.34170186200004, 21.461652959000162], [92.341747887, 21.461929974000043], [92.34186796500018, 21.462275931000022], [92.34195015500006, 21.462552441000128], [92.34204479900006, 21.462853606000124], [92.34222627000008, 21.463268682000148], [92.34239454500005, 21.463650082000072], [92.34257191900014, 21.46411036400019], [92.34274008000011, 21.464626041000088], [92.34294401200015, 21.46517289700006], [92.34305186000017, 21.46550773600012], [92.34318065700006, 21.465946122], [92.34326174000012, 21.466416783000113], [92.34332037000019, 21.46672748200018], [92.34350281500008, 21.467052245000104], [92.34387179100008, 21.467089963000035], [92.34433036500019, 21.466774270000144], [92.34461545200003, 21.466580649000036], [92.34488966200018, 21.466423302000067], [92.34534765500013, 21.466071495000165], [92.34562273100016, 21.465855440000155], [92.3458707440002, 21.46560590500019], [92.34615624600019, 21.465400989000102], [92.3464799370002, 21.465209083000047], [92.34706149900018, 21.46489391500006], [92.34755860100012, 21.464575413000034], [92.34800546500014, 21.46428244900011], [92.34823991100018, 21.46408953700012], [92.34862501700007, 21.463817754000104], [92.34892455500017, 21.46362392700013], [92.34941895000014, 21.463400268000044], [92.34986544900005, 21.463197601000047], [92.35016092200004, 21.463051233000044], [92.3506328540002, 21.462780483000188], [92.35103091000008, 21.46256495], [92.35139079100009, 21.46237478300003], [92.35174765800008, 21.4622975260001], [92.35211754400012, 21.46224266100006], [92.35249605100006, 21.462499192999985], [92.35265251600015, 21.46300716000019], [92.35273386200015, 21.463342366000063], [92.35281278100018, 21.463939461000166], [92.352808965, 21.464377447000174], [92.35286487900004, 21.464780731000133], [92.35295991599997, 21.465217327000175], [92.35312731000016, 21.46554229200018], [92.35357128100003, 21.46570760400016], [92.35407420100012, 21.465826933000187], [92.35438181400008, 21.46591064000006], [92.354883686, 21.46607738800003], [92.35535870500013, 21.466345045000082], [92.35539961300015, 21.466368095000178], [92.35590061200014, 21.46674253300006], [92.35614426100011, 21.467009983000025], [92.35642425900005, 21.46728821000005], [92.35680186200011, 21.467637294000156], [92.35708204399998, 21.46792680200008], [92.35733775500012, 21.468194082000025], [92.3575446640001, 21.468425932], [92.35780110100006, 21.468738346000123], [92.35817779100017, 21.469179993000125], [92.35855504900013, 21.46961937400016], [92.3588953590002, 21.470047987000044], [92.35904105100019, 21.470222006000142], [92.35909021600008, 21.47028000400013], [92.35943126800004, 21.47060476600018], [92.35963740000005, 21.470825337], [92.36001433900009, 21.471244401000092], [92.36025923300008, 21.471475710000107], [92.36047784100003, 21.471684815000117], [92.3606869890001, 21.471905341000024], [92.36107538900012, 21.472324240000148], [92.3614531990001, 21.47268459700001], [92.36183060700006, 21.473020127000098], [92.36222124000017, 21.47342770400013], [92.36251500500003, 21.473660577000146], [92.36285643300005, 21.474007897000092], [92.36312380100014, 21.47428628900002], [92.36333054699998, 21.474506846999986], [92.36357277300016, 21.474945864000176], [92.36380276400007, 21.475373768000054], [92.36402992400002, 21.47581299800015], [92.36429595300012, 21.47634423200003], [92.36449159300014, 21.476623634000077], [92.36473414200003, 21.476970094000137], [92.36502363500011, 21.47738586700018], [92.36532750600014, 21.477758545000086], [92.36563183500016, 21.4781966810001], [92.36577626000013, 21.47844068900008], [92.36604332799999, 21.47881162800013], [92.36631246200005, 21.47912384800003], [92.36657930000013, 21.479368380000153], [92.36682463600016, 21.479588384000067], [92.36710466300019, 21.479753718999973], [92.36762283700006, 21.479768950999983], [92.36789536100002, 21.479656736000038], [92.36830402700008, 21.47949970000019], [92.36878488000019, 21.479332609000153], [92.36921787700004, 21.479188772000043], [92.36962672100015, 21.479043018000084], [92.36993708900002, 21.47888511600013], [92.37034501900007, 21.478682939], [92.37060670800014, 21.478534755], [92.37090483499998, 21.47836573800015], [92.37129902700013, 21.478208901000073], [92.37163366700008, 21.47809805600002], [92.37214103700012, 21.477930581000123], [92.37251208000004, 21.477796643000033], [92.3728707960002, 21.47768319500011], [92.37343720100012, 21.47758711500012], [92.3739044240001, 21.47769560300003], [92.37448110700012, 21.478010212000072], [92.37478561500012, 21.478197758000135], [92.37506920900012, 21.47839688900018], [92.37549600300008, 21.47868879200007], [92.37583987800019, 21.478887064000105], [92.3762173130001, 21.47910969100019], [92.37659752500008, 21.479354849], [92.37687770900004, 21.479529194000122], [92.37729546500015, 21.47982122200017], [92.37760131800013, 21.480053891000125], [92.37783123500003, 21.480251521000127], [92.37813727200006, 21.480495475000055], [92.37840580600005, 21.480694814000117], [92.3786754570001, 21.480925738000053], [92.37900631700012, 21.481101614000067], [92.37933644300006, 21.48123235600019], [92.3797191880002, 21.4812246460001], [92.37997995000012, 21.48102002900015], [92.38035532300017, 21.48063319], [92.38056604900004, 21.480429283000092], [92.380979384, 21.479892917000143], [92.3811911460001, 21.47964159100013], [92.38143984900017, 21.479437142000165], [92.38173208800015, 21.479243374000134], [92.38358448700018, 21.485214719999988], [92.38222547800007, 21.486477902000104], [92.38111909600019, 21.487593004000132], [92.38083463400011, 21.48893566600003], [92.38107947600014, 21.491419769000117], [92.38093322500004, 21.492121661000112], [92.38089383300013, 21.492310713000165], [92.38069971100003, 21.493242345000112], [92.38011150700004, 21.494781208000177], [92.379721458, 21.495935758000144], [92.37822005900006, 21.497869120000075], [92.37691153500015, 21.499131553000154], [92.37549490700019, 21.50001402099997], [92.37387230300004, 21.500802343000032], [92.37296471500008, 21.50158048700007], [92.37247052500004, 21.50263943900012], [92.37207882700017, 21.50369693200014], [92.372093324, 21.50374426700006], [92.37315819400004, 21.507221117000142], [92.37371297400011, 21.50989270100007], [92.37456160000016, 21.511792602000128], [92.37457095100012, 21.512368092000145], [92.37458505300003, 21.51245101500018], [92.37468430700005, 21.513034652000044], [92.37438830500008, 21.51370929700016], [92.37399040100001, 21.514385391000133], [92.37207623400019, 21.51613271500014], [92.37026302499999, 21.51778603400004], [92.36916178400008, 21.519237353000165], [92.36772024200019, 21.521291003999977], [92.36726361100017, 21.521941519000052], [92.36627039200016, 21.52377278200015], [92.36512517200009, 21.525697789], [92.36477787400014, 21.526281554000093], [92.36347363300013, 21.527830529000084], [92.36327849400004, 21.528406662000066], [92.36291301300008, 21.53109132400016], [92.36193887700011, 21.534071295000047], [92.36107599300016, 21.53701783200006], [92.3610666260002, 21.53704981700014], [92.36017479600008, 21.538782552000043], [92.35868300700002, 21.541388342000175], [92.35809186000006, 21.54253758700014], [92.35670041500015, 21.54524261000006], [92.35456091500004, 21.54913519200005], [92.354546696, 21.549161074999972], [92.35431594700003, 21.549581103000094], [92.35339091400016, 21.551248826000176], [92.3531711660001, 21.551644727000166], [92.35222905699999, 21.55334200800013], [92.35157195099998, 21.55455939500007], [92.3515508770002, 21.554598435000116], [92.35134382100011, 21.554982034000147], [92.35004474900012, 21.557388685000035], [92.34933416000001, 21.559043430000088], [92.34876322400004, 21.560372941000026], [92.34717063100015, 21.563074885000162], [92.3467953670002, 21.563715629000058], [92.34550591300007, 21.56591726000005], [92.34508033300006, 21.566643884000143], [92.34329696200018, 21.570208547000107], [92.34234007800006, 21.5717073510001], [92.34120187300016, 21.5734908930001], [92.33981122699998, 21.576723990000175], [92.339131872, 21.578303364000078], [92.33779750700018, 21.580236745000093], [92.33693247900004, 21.58149006900004], [92.33466529700019, 21.58401777500012], [92.3339694120001, 21.584793602000104], [92.3337172320002, 21.585074750000103], [92.33116202800016, 21.587536941000167], [92.3296877800002, 21.588957470000025], [92.32851078000016, 21.590044891], [92.32726885300019, 21.59119227200017], [92.32496492500013, 21.592436522000128], [92.32418642300001, 21.592856946000097], [92.32413623200006, 21.592884051000112], [92.32199516500009, 21.594040285], [92.31993812700006, 21.59533086500005], [92.31851559300014, 21.597626149000064], [92.31745477600003, 21.59895473600011], [92.31563974300002, 21.60039662400004], [92.31532696400018, 21.60057579900007], [92.31327982800008, 21.601746559000105], [92.31155689800016, 21.602276171000028], [92.31026013500008, 21.60239577200008], [92.30809335000015, 21.60222268700005], [92.30624314300007, 21.601539529000036], [92.30519431200008, 21.601453096000057], [92.30310101400005, 21.60128057300011], [92.30147864500003, 21.601303028000075], [92.29955505600014, 21.602846618000058], [92.29652365900006, 21.605434863000085], [92.29596822399998, 21.605908467], [92.29590911000008, 21.605958873000134], [92.29581859700016, 21.60603605], [92.29399551400019, 21.607072534000167], [92.28927160700005, 21.609465040000032], [92.28843309000007, 21.609902555000076], [92.28839067299998, 21.60992468700016], [92.28787629200013, 21.610193075000154], [92.28557044400014, 21.61062219200005], [92.28377108500007, 21.610957209000162], [92.28129618600019, 21.611497982], [92.27977474900013, 21.611518851000085], [92.27880782000017, 21.611532106000027], [92.27870965700015, 21.611539992000132], [92.27549549200018, 21.611798199000077], [92.27426843400008, 21.611896757000068], [92.27289961400015, 21.611973945000045], [92.27189024800015, 21.612030856000047], [92.27017431400009, 21.6122896870001], [92.26746357000019, 21.61269853600004], [92.26701138300012, 21.61289394000005], [92.26689130800008, 21.6129458260001], [92.26456143800004, 21.613952602000097], [92.26209976400008, 21.61570629300013], [92.25919152900008, 21.61912068200013], [92.25881149200018, 21.61956685000007], [92.258699293, 21.61969856999997], [92.25669840100005, 21.623267704000057]]]}}, {"type": "Feature", "properties": {"adm3_name": "Chakaria", "adm3_name1": null, "adm3_name2": null, "adm3_name3": null, "adm3_pcode": "BD20220016", "adm2_name": "Cox's Bazar", "adm2_name1": null, "adm2_name2": null, "adm2_name3": null, "adm2_pcode": "BD2022", "adm1_name": "Chattogram", "adm1_name1": null, "adm1_name2": null, "adm1_name3": null, "adm1_pcode": "BD20", "adm0_name": "Bangladesh", "adm0_name1": null, "adm0_name2": null, "adm0_name3": null, "adm0_pcode": "BD", "valid_on": "2023-05-21", "valid_to": null, "area_sqkm": 493.27138318, "version": "v03", "lang": "en", "lang1": null, "lang2": null, "lang3": null, "adm3_ref_name": null, "center_lat": 21.74110917, "center_lon": 92.0517345}, "geometry": {"type": "Polygon", "coordinates": [[[92.05808951900013, 21.917081536000182], [92.05788459700005, 21.91776363800011], [92.05777129400019, 21.918844193000098], [92.05761907300013, 21.920205178000174], [92.0575435450001, 21.920926298000154], [92.05742332500006, 21.921526067000116], [92.05721323800003, 21.92184927800014], [92.05682850800014, 21.921973747000038], [92.05670927000006, 21.92196846400003], [92.05605502000009, 21.921942783000134], [92.05562562800009, 21.92194815200014], [92.05489334300017, 21.921837654000058], [92.05416052600003, 21.921648141000105], [92.05364182800008, 21.921415316000093], [92.05295020400007, 21.92110337200006], [92.0522562880002, 21.920631164000042], [92.05160192100016, 21.919921410000143], [92.05124807300018, 21.91924628300012], [92.05088852500012, 21.918130994000137], [92.05062116700003, 21.91745478600012], [92.05049179200006, 21.91665720300017], [92.05039866300007, 21.916531938000162], [92.05030551100003, 21.91644731000008], [92.05012226400004, 21.916406701000028], [92.04998559800009, 21.916451299000187], [92.04985196000007, 21.9166651810001], [92.04971836400017, 21.91692421400012], [92.049356719, 21.91722447000012], [92.04896782600008, 21.917522804999976], [92.04806128700011, 21.918294918000015], [92.04781531700019, 21.918182842000192], [92.04744943500015, 21.918187400000022], [92.04696139200018, 21.918193475000066], [92.04635283100015, 21.918316188000176], [92.04611334600014, 21.918657813000095], [92.04563017100008, 21.91900472400016], [92.04551999699999, 21.91980303500003], [92.04515998700003, 21.920261293000124], [92.04370231200016, 21.920733203000054], [92.04200414900009, 21.921436103000133], [92.04066800600009, 21.921906477000164], [92.03920383000008, 21.921924643000068], [92.03874910000013, 21.92193479800011], [92.03891722800017, 21.921720497000024], [92.03906680500006, 21.921519971000123], [92.03933750900006, 21.921202802000096], [92.03970033800016, 21.9209409340001], [92.04000089300007, 21.920596302000035], [92.04018027300015, 21.920280265000088], [92.04014534600003, 21.919993982000108], [92.03998423100012, 21.919427058999986], [92.03966785400013, 21.918661134000104], [92.03938557200001, 21.918122804000177], [92.03934579100019, 21.91749567900007], [92.03943244100009, 21.91712435600016], [92.03967229400013, 21.91680757200004], [92.03988291300004, 21.916604028999984], [92.04003228500017, 21.91634706400015], [92.04008725199998, 21.915917434000107], [92.04026602200003, 21.91560140500019], [92.04044643300017, 21.915400498000167], [92.04071551400011, 21.91497046500001], [92.04098659200014, 21.91468038400012], [92.04101438200013, 21.914508458000057], [92.04095047200019, 21.914310581000166], [92.04076643100018, 21.914256423000097], [92.04027901500012, 21.91434826300008], [92.03997301100003, 21.914352059], [92.03966394700007, 21.914098521000028], [92.03941435500019, 21.913731369000175], [92.03895149000016, 21.913423297000065], [92.03861383200012, 21.91328525400013], [92.03812256900005, 21.91314910900013], [92.03757365500013, 21.913212353000063], [92.03745393900016, 21.91338541600004], [92.03724268400003, 21.913586703000135], [92.03681593100015, 21.91364843100007], [92.0363559270001, 21.91354124500009], [92.03595495100012, 21.913288840000064], [92.03573621000004, 21.91292129700014], [92.03569888599998, 21.912465718000192], [92.03572405100005, 21.912065805000054], [92.03574700300015, 21.91155303900007], [92.03574052300013, 21.91109707900017], [92.03576526600017, 21.910667824000086], [92.03588296200013, 21.910352553000052], [92.03615266500015, 21.91000831200006], [92.03645378300018, 21.909661425000024], [92.036693248, 21.90931756000009], [92.0367801000001, 21.909002672000156], [92.03686755800004, 21.908687778000058], [92.03676995700005, 21.908289387000025], [92.03658104200014, 21.907892126000093], [92.03630245700009, 21.907611112000154], [92.035932151, 21.90738767400012], [92.03549813100017, 21.90693700500003], [92.03515622900011, 21.9065416360001], [92.034874796, 21.90605972500009], [92.034746967, 21.905661707000036], [92.03471086900004, 21.905291900000066], [92.03443328700018, 21.90512375300011], [92.03400697200016, 21.905214817], [92.03382538100016, 21.905332198000053], [92.03352362100003, 21.905591044000175], [92.03331320300003, 21.905851014000177], [92.03313484400013, 21.906196380000154], [92.03277242000013, 21.906485319000183], [92.0324382140002, 21.906631681000192], [92.03232009600003, 21.906917603000068], [92.03214253300018, 21.90731939799997], [92.0319022610002, 21.907606827000052], [92.03147818000019, 21.907898786000146], [92.03108068000017, 21.90784725100002], [92.03080389900009, 21.907735532000117], [92.03011912400018, 21.906831899000053], [92.02962705600015, 21.906637041000124], [92.02913764400017, 21.90658663800008], [92.02846359400013, 21.906482070000152], [92.02818985000005, 21.90654188400015], [92.02803928400004, 21.906715323000185], [92.02773511700019, 21.906804862000058], [92.02727590300003, 21.90675182299998], [92.02678569100016, 21.90664498400014], [92.02644662400007, 21.906448232], [92.02632166200004, 21.906251097000165], [92.02625656100008, 21.90596743700013], [92.02613277900014, 21.905853821000107], [92.02585482400013, 21.90565857200005], [92.02530229500013, 21.905464445000064], [92.02499611100006, 21.905411772000036], [92.02450568400008, 21.90533202000006], [92.02395519900006, 21.905282351000096], [92.0234050970002, 21.905259771000033], [92.0227929300001, 21.905210857000043], [92.02230272500015, 21.905104001999973], [92.02159762200012, 21.90494108700011], [92.02095560400011, 21.904919626000037], [92.02009833700015, 21.904817273000162], [92.01927146500014, 21.90468293500004], [92.01826222600005, 21.904611786000146], [92.01731482700006, 21.9045940580001], [92.01572223400018, 21.90432911700009], [92.0150191400001, 21.90430838000009], [92.01428580700008, 21.904288012000166], [92.01373431100012, 21.90420896900008], [92.0132735590002, 21.904045286000155], [92.01281378900018, 21.903908679000153], [92.01232574700009, 21.90399818400016], [92.01196170000009, 21.90417421800015], [92.01153897900019, 21.904522552], [92.01111664000018, 21.90489796999998], [92.01075277500019, 21.905130443000132], [92.01026615500007, 21.90527862300013], [92.00974711300006, 21.905314313000076], [92.00916496200017, 21.90520628300004], [92.00861488700019, 21.90518590700009], [92.0082810360002, 21.905359307000083], [92.00810220400012, 21.90567530700008], [92.00798606100005, 21.906105679000177], [92.00796319300008, 21.906674890000147], [92.00794254500016, 21.907359212000074], [92.00779394300014, 21.907674842000063], [92.00749016700001, 21.907793689000073], [92.007124901, 21.907883938000168], [92.00602409900006, 21.907840925000073], [92.00498396000006, 21.907767815000057], [92.00412886700008, 21.907778236000127], [92.00309071900017, 21.907847323000055], [92.00214411400009, 21.907888197000034], [92.00122812000018, 21.90795578600006], [92.0007112420002, 21.908104306999974], [92.00037740200014, 21.908279949000132], [92.0001977300002, 21.908537251000098], [91.99965059800019, 21.90877192800008], [91.99903943500016, 21.908752265000146], [91.99827485400004, 21.908705113000167], [91.99753951500008, 21.908542460000092], [91.99716963600008, 21.908346021000114], [91.9971082670001, 21.908223916000054], [91.99701286900017, 21.90803410800015], [91.99697727400019, 21.90769363300012], [91.99697091700011, 21.907237660000135], [91.9969625780002, 21.906639478000045], [91.99689630700016, 21.906267765999985], [91.99670870200015, 21.905956229000083], [91.99642839000006, 21.905589369000097], [91.99611944700018, 21.90533800300011], [91.99587551300004, 21.90536805500011], [91.99541832600016, 21.90545939499998], [91.99483976700014, 21.905608643000107], [91.99410881100005, 21.905759738000086], [91.99343914500008, 21.905968789000042], [91.9928311320001, 21.906174831000044], [91.99231285900015, 21.906266900000105], [91.99188412000012, 21.9061863], [91.99160658100016, 21.906018077000056], [91.99148009500016, 21.905708050000044], [91.99147692700006, 21.905480062000038], [91.99141264600019, 21.905250559000137], [91.99128773000012, 21.90505339400005], [91.99100982000004, 21.904858081000157], [91.99042689500004, 21.90469355400012], [91.98999737600013, 21.904556513999978], [91.98956704400007, 21.904360786000154], [91.98925652100002, 21.903994283000088], [91.98906873300012, 21.90371208400012], [91.98863643000016, 21.903374144000054], [91.98808160300018, 21.903010589000075], [91.98743485900013, 21.90264814400018], [91.98697213000014, 21.902339915000027], [91.98663155600019, 21.90203021000002], [91.98629396300004, 21.901892052000164], [91.98595733600018, 21.901866768000048], [91.98555847300014, 21.90175869500007], [91.98537286400011, 21.901589351000098], [91.98494533200011, 21.901594510000052], [91.98454844000014, 21.90162864700011], [91.98430134900019, 21.90143069400017], [91.98414757500012, 21.9013761060001], [91.98393451800013, 21.901408027000173], [91.98374949600009, 21.901324465000187], [91.98359511000012, 21.901181835000102], [91.9834704320001, 21.901088512000115], [91.98572876000009, 21.899469607000185], [91.98609745000005, 21.899378723000154], [91.98699995400011, 21.899156247], [91.98852644800013, 21.89815120100019], [91.98958204600007, 21.89764400700011], [91.99096171000019, 21.89747831300008], [91.99127489400013, 21.89707943000002], [91.99121619400012, 21.896685046000073], [91.99094524600008, 21.896293231000072], [91.99057060400014, 21.896099086000106], [91.99024997800007, 21.896005888000047], [91.98992992400008, 21.895910418000142], [91.98854605500003, 21.895728471000098], [91.98780025100018, 21.89559073000015], [91.98753135100014, 21.895345633000034], [91.98719067300016, 21.895099096000138], [91.987127772, 21.895053576000123], [91.98699435200018, 21.89495702400012], [91.98656851600015, 21.894865086000152], [91.98603355500018, 21.894623195000122], [91.98544602100009, 21.894384199000058], [91.98528500700007, 21.89428680300017], [91.98480123000007, 21.893897543000094], [91.98442456800018, 21.893556659000183], [91.98351971300019, 21.89341855900011], [91.98314511800004, 21.893226653000056], [91.98298001800003, 21.89283355000009], [91.9827179670001, 21.89241827100011], [91.98254594700012, 21.892145667000136], [91.98227579900015, 21.8918531650001], [91.98221304100008, 21.89116306699998], [91.98199190500009, 21.89052228800017], [91.9814610050002, 21.89052868100009], [91.98049725700002, 21.890854099000023], [91.97999509700009, 21.890664302], [91.97970417700014, 21.89036195600005], [91.97935208500013, 21.890079460000152], [91.97914228900004, 21.88971879200011], [91.97908216900004, 21.889567854000063], [91.97893012000014, 21.88918611300005], [91.9787612830001, 21.888824951000174], [91.97859086400013, 21.888349116000143], [91.97854226000004, 21.887795355000037], [91.9788864300001, 21.88750448900015], [91.97921407800004, 21.887500550000084], [91.9797092440001, 21.887762210000062], [91.97981796700014, 21.888219671000172], [91.97984689000015, 21.88883101300013], [91.979973982, 21.889135329999988], [91.98051236300006, 21.889451891000192], [91.98042023800014, 21.88886825600008], [91.9802694660001, 21.88855158800004], [91.98019751900011, 21.888400478000108], [91.98022695100008, 21.88827482000005], [91.9806190920001, 21.888006169999983], [91.98116820100012, 21.888107849000164], [91.98162347300013, 21.888446445000113], [91.98177183899998, 21.88880784900016], [91.98179680800018, 21.889132509000035], [91.98182659200017, 21.889763437], [91.98240938800006, 21.89014248300009], [91.98257980200015, 21.890526495000074], [91.9826278500002, 21.89102712600004], [91.98289065800009, 21.891270046000045], [91.98330470900015, 21.89134182000015], [91.98357930900016, 21.89116918300016], [91.98423801700011, 21.891046103000065], [91.98465146600012, 21.891117878000102], [91.98535394800018, 21.891186168000047], [91.98588877200018, 21.89102619400012], [91.9858027100002, 21.890794690000178], [91.98518087100013, 21.890610287000072], [91.9842711350002, 21.890467734000083], [91.98397888699998, 21.89023871600017], [91.98384594600009, 21.889547209000057], [91.98392446100013, 21.889277596000056], [91.983914873, 21.88858460100016], [91.98391006300017, 21.888236976000087], [91.98436310100016, 21.88815475300015], [91.98481241600012, 21.888038626000025], [91.98510918400018, 21.887948308000034], [91.98534679800014, 21.888098365000076], [91.9855348050001, 21.888363712000114], [91.98574302700013, 21.888609699000142], [91.98597172700005, 21.88885543800012], [91.98624098700009, 21.88907201500018], [91.98650027300005, 21.889307827000152], [91.98662420200009, 21.889382793000152], [91.98706138900013, 21.88927813900017], [91.98726329200008, 21.88896639900014], [91.98725637600018, 21.88846753399997], [91.98754218300013, 21.88823154], [91.98757957500004, 21.887962426000115], [91.98662278300009, 21.88743438700004], [91.98604105400017, 21.88713210400016], [91.98558483800008, 21.88698408500011], [91.98488131100004, 21.88683904800007], [91.98430280300016, 21.886769260000165], [91.98380759200012, 21.886775228000147], [91.98372263000005, 21.88662272900001], [91.98371835200004, 21.88631347800009], [91.98359093900007, 21.88608395700004], [91.98354903500012, 21.88600847200007], [91.98309547399998, 21.886052318000168], [91.982848704, 21.886093672000015], [91.9828371800001, 21.88526048], [91.98283590400018, 21.885168172000192], [91.98279160500016, 21.884938420000026], [91.98258428700007, 21.884902538000063], [91.98240053500012, 21.88504620500015], [91.98213557400015, 21.885253367000075], [91.98197073900013, 21.884955351000087], [91.98183909800014, 21.884717347000105], [91.98257682800005, 21.884363038], [91.98302664000016, 21.88404831700018], [91.98323123300014, 21.88393071000013], [91.98346954900012, 21.883234729000037], [91.98363302300015, 21.883117617000096], [91.98429222900018, 21.88303291200009], [91.9843675240001, 21.88253079800012], [91.98461436200006, 21.882451060000108], [91.98514639600006, 21.882135343000186], [91.9853205340001, 21.882104591000143], [91.98584617700016, 21.882011765000073], [91.98630400700017, 21.882277162000094], [91.98655396100008, 21.882297380000182], [91.98671689900004, 21.88231056], [91.98742146900008, 21.882532342000047], [91.98791932100005, 21.882718235000084], [91.98837340300014, 21.882712751000156], [91.98902674500005, 21.882205911000142], [91.98972116600004, 21.88169631700009], [91.9898766180001, 21.88100132700015], [91.98986886600017, 21.88066051100003], [91.98988960100019, 21.88052807300005], [91.99009939900014, 21.879187972000125], [91.99024994500019, 21.878214258000185], [91.99032636400017, 21.877719992000152], [91.99089369100017, 21.8769432630001], [91.99174192100014, 21.875623550000057], [91.99203124100012, 21.87524949900012], [91.99255278700008, 21.87457520600003], [91.99283120400014, 21.873839494000094], [91.99310982800012, 21.873103230000083], [91.99318295800009, 21.87244761700009], [91.99347598600019, 21.872168635000094], [91.99333838700011, 21.87175262700015], [91.99283900400007, 21.871410987000104], [91.99242770200016, 21.87153336300014], [91.99211176400013, 21.871507813000164], [91.99201484100018, 21.871499975], [91.99170797700003, 21.871185135000076], [91.99167991299998, 21.87115634200012], [91.99118422600009, 21.871123954000097], [91.99056246800018, 21.87093956700005], [91.99059822500004, 21.870553070000085], [91.990725892, 21.870430580000118], [91.99096760900005, 21.8701986640001], [91.99102690800004, 21.870114413000124], [91.99114158000015, 21.87011572000017], [91.99121922600017, 21.870116605000135], [91.99138227500009, 21.87012187700003], [91.99223555100014, 21.870149469000012], [91.99271670700017, 21.869963033000033], [91.99300816100015, 21.870049814000026], [91.9932958490001, 21.869865719000188], [91.9933292280001, 21.869587194000133], [91.99333920300018, 21.869503965000092], [91.99289763600012, 21.869057771000087], [91.99293828900005, 21.86893881100002], [91.99300259400013, 21.86875064500009], [91.99308357700016, 21.868513678000113], [91.99332101900006, 21.86819472800005], [91.99331725500014, 21.867923853000093], [91.9929313560001, 21.86774113400014], [91.9925013740002, 21.867911145000107], [91.99180379800003, 21.868188246000045], [91.99158741900015, 21.867497752000077], [91.99147392100019, 21.86720434000017], [91.99120234300011, 21.866502255000057], [91.9913988850002, 21.86580676800014], [91.99143630999998, 21.865497012000105], [91.99064737000009, 21.865158864000023], [91.99010633699999, 21.86481997200002], [91.99022492100005, 21.864432477000037], [91.99101002200007, 21.864538133000053], [91.99146404599998, 21.864532644000064], [91.991532926, 21.863570037999978], [91.99140051900014, 21.862916910000138], [91.99081721400012, 21.86253789400007], [91.99052420700013, 21.862441437000143], [91.99002999400017, 21.86227874000008], [91.9889147470002, 21.862215444000185], [91.98851044700012, 21.862798292000093], [91.98796571200006, 21.86288516200017], [91.98776639300019, 21.862730509000073], [91.98779788400003, 21.862561936000077], [91.98788179200005, 21.862112767000156], [91.98783162100011, 21.861458642000116], [91.98600870200016, 21.860941035000167], [91.98526090900003, 21.860602362000122], [91.98451800200013, 21.860572929000114], [91.98443358600002, 21.86045880400013], [91.9849175380001, 21.859644721000052], [91.98514102900003, 21.859244866000097], [91.98519957700012, 21.859140116000106], [91.9855675500001, 21.858903141000155], [91.98648249300004, 21.859393321000027], [91.98632067100016, 21.859627814000135], [91.9862859340002, 21.860088802000064], [91.98678844300014, 21.860660713000073], [91.98712121200003, 21.860850860000085], [91.98778137300019, 21.860842898000158], [91.98856546500008, 21.860833438000043], [91.98868617599999, 21.86059943900017], [91.9886819250001, 21.860292444000038], [91.98859428800006, 21.85994581799997], [91.98850728800011, 21.859601440000063], [91.98850141300011, 21.85917706500004], [91.98870327700007, 21.85886532500001], [91.98923949900006, 21.85885885400012], [91.98948310100013, 21.858548868000014], [91.98910703000018, 21.858244103000118], [91.98922242200013, 21.857626362000076], [91.98959307299998, 21.857583505000036], [91.98954771300015, 21.85727700700005], [91.98917334400016, 21.857051242000125], [91.98846834100004, 21.856788827000173], [91.98634923700018, 21.85615014399997], [91.98560657900003, 21.856123251000156], [91.98490936300004, 21.855753935000166], [91.98476857200006, 21.85567935600011], [91.98429202500017, 21.85535458900017], [91.98425178600013, 21.855327165], [91.98389738800012, 21.854686289000085], [91.98390038500008, 21.854122502999985], [91.9839009440002, 21.854017208000073], [91.98403592200003, 21.853597434000164], [91.98411940800014, 21.85339506500003], [91.98420928700006, 21.853177198000026], [91.98425865500008, 21.853045186000145], [91.98438199100013, 21.852709183000115], [91.98456596800014, 21.852099222], [91.98492888300007, 21.85194371700004], [91.98516471700003, 21.851969550000092], [91.98529587500008, 21.85201099600016], [91.98551434100006, 21.852080032], [91.98579297000009, 21.852239156000053], [91.98607160000006, 21.85239827900017], [91.98625955600016, 21.852663629000062], [91.98641680399999, 21.85292934900002], [91.98643193000004, 21.853282801000148], [91.98652789100004, 21.853558817000078], [91.98669445100018, 21.8537575200001], [91.986982561, 21.85380175800003], [91.98739706800012, 21.85391416200008], [91.98777127200015, 21.853887902000054], [91.98797494500008, 21.853808984000068], [91.98819671000018, 21.853557810000098], [91.98817252200013, 21.85332683900009], [91.9883760400001, 21.853091842000083], [91.98842277200009, 21.852955103000056], [91.98845506800006, 21.852860605000046], [91.98874296300016, 21.852780368000083], [91.98894535000017, 21.852507004000188], [91.988691657, 21.852087876000155], [91.98831567600007, 21.85174472799997], [91.98773572100015, 21.85155981800017], [91.98695380000004, 21.851722768000116], [91.98690682500012, 21.85129888800003], [91.98731325500017, 21.850871801000153], [91.98689617600007, 21.850529143000017], [91.98652766800012, 21.850725488000023], [91.98624033900006, 21.850846350999973], [91.98564582800014, 21.85048231500008], [91.98540867600008, 21.85036092200005], [91.98485367100005, 21.85020512500006], [91.98436549600012, 21.85044038600006], [91.98399110700012, 21.850760296999965], [91.98320186600012, 21.85173115800012], [91.98307430300014, 21.851654346000146], [91.98334837800013, 21.850747458000058], [91.9833899950001, 21.850609749000114], [91.983425243, 21.85018487800005], [91.98321593100013, 21.849957112000027], [91.98300502700005, 21.849614221000024], [91.98365822, 21.849105152000107], [91.983984534, 21.848830302000067], [91.98405985500011, 21.84833044600009], [91.98471995900019, 21.848322498000186], [91.98538590000015, 21.84873666800013], [91.98557366200004, 21.84874467600008], [91.98608764200014, 21.84876659500003], [91.9869170520002, 21.84906590600002], [91.98728927300016, 21.849138180000125], [91.98754189300013, 21.84948056100012], [91.98832648700017, 21.849511739000036], [91.98831902199998, 21.848972239000034], [91.98837664600018, 21.848908593999965], [91.98897100700003, 21.848910967999984], [91.98910297700013, 21.849001163000082], [91.98968193300004, 21.849070937000192], [91.99006067700014, 21.84916746400006], [91.99037120400016, 21.849412214000097], [91.99062349400009, 21.849887051000053], [91.99083457500006, 21.850343270000053], [91.99087815000019, 21.85064703800009], [91.99089089900008, 21.850735915000087], [91.99094814600011, 21.85113498200019], [91.99111423500011, 21.851209737000033], [91.9915297280001, 21.851437259000022], [91.99174395100016, 21.851974259000087], [91.99186939700007, 21.85212626600014], [91.99203172300014, 21.852507951000177], [91.9921889800001, 21.852773665000143], [91.9924184240001, 21.85307673700015], [91.9926881520002, 21.853331532000027], [91.99289261600006, 21.853309945000092], [91.9930790570001, 21.853073418000122], [91.99306093500007, 21.852896931000032], [91.99302651300002, 21.85262973300013], [91.99275665300007, 21.852365381000084], [91.99260605300009, 21.85184153199998], [91.99271586900011, 21.851639494000153], [91.99300023400008, 21.851473575], [91.99334342400005, 21.851297937000083], [91.99345474900014, 21.85121519000006], [91.99356177400017, 21.851361651], [91.993985973, 21.85168148000008], [91.99435846200004, 21.85196370300008], [91.99469931500005, 21.852179404000083], [91.99509880000016, 21.852193683999985], [91.99537319000012, 21.852046999000038], [91.99557796900012, 21.851772104000133], [91.99565758800003, 21.851540855999986], [91.99539081300009, 21.851335206000044], [91.99530714200017, 21.85097734200008], [91.99526341000012, 21.850777162000043], [91.99529039000004, 21.850628906000054], [91.99534408200003, 21.85064630800008], [91.99540525800012, 21.850670310999988], [91.99551958300009, 21.850793175000035], [91.99568508900012, 21.850915421000025], [91.99590137900003, 21.851008379000064], [91.99629886800017, 21.850879316000146], [91.99633277500004, 21.850372351000033], [91.99628731600012, 21.850047942000117], [91.99612538700012, 21.849571006000076], [91.99616166100009, 21.849222883000152], [91.99545618700017, 21.84892437800005], [91.99500434800018, 21.84908337100012], [91.99472349100012, 21.84962635500011], [91.99427271400003, 21.849862095000105], [91.99418510700013, 21.849517727000034], [91.99413491500007, 21.848863607000055], [91.99408472200014, 21.84820948300012], [91.99387483200013, 21.84794109900014], [91.99366756200004, 21.84790522600008], [91.99325903300007, 21.848178831000098], [91.99326651600012, 21.84871832900012], [91.99351964300018, 21.849139714000103], [91.99323449400009, 21.849373444000094], [91.99265287100002, 21.849111812000103], [91.99244245100004, 21.848805053000035], [91.99227476200008, 21.848615175000134], [91.99210922300017, 21.848086644000034], [91.99276023100003, 21.847916197000018], [91.99296423200013, 21.847760209000114], [91.99273418600012, 21.847433367000065], [91.99236079100001, 21.84747545400006], [91.99206707600013, 21.847335639000107], [91.99158851600015, 21.84715504600001], [91.99126110600008, 21.84693518100005], [91.99123199600018, 21.846915633000037], [91.9909813650001, 21.846560247000127], [91.99091686500009, 21.846042008000097], [91.9910598850002, 21.84532459200011], [91.99141785600006, 21.845161307000183], [91.99194911300009, 21.84491897700019], [91.99273740199999, 21.844875364000075], [91.99349277200014, 21.844152803000043], [91.99386747800008, 21.843577076000088], [91.99412495100017, 21.843079543000044], [91.99424017700011, 21.84285688300008], [91.99463816700018, 21.84245882400012], [91.99499499600012, 21.842491474000155], [91.99552188700011, 21.84269663000009], [91.99587653600003, 21.84317022], [91.99672170800017, 21.843580524], [91.997427303, 21.84426012700004], [91.9979619560001, 21.844425686000136], [91.99803678500018, 21.844474229000184], [91.99839584700004, 21.844707157000073], [91.99856281000007, 21.84493451700007], [91.99889434500005, 21.845217226000102], [91.99925568300011, 21.845726617000025], [91.99926165300008, 21.84615550400008], [91.99957744400018, 21.8468651], [92.00027390000008, 21.84742784500014], [92.00057738500004, 21.847209683000187], [92.0006376450001, 21.84606656400001], [92.0009431090001, 21.845990613000026], [92.0011425730001, 21.846111396000026], [92.00156498400014, 21.8458538590001], [92.00151951500004, 21.845529452000164], [92.00126879700008, 21.84516930600006], [92.00097740300009, 21.844828769], [92.00050096800004, 21.844433130000027], [91.99985943300015, 21.84394391500018], [91.9995000200002, 21.84338294300011], [91.9994827020002, 21.843355911000174], [91.99976318500018, 21.842912859000137], [92.00010641100016, 21.842564621000065], [92.00057831700013, 21.842635358000166], [92.00114969400005, 21.842888497000047], [92.00167021800013, 21.843119103000106], [92.00216525900015, 21.843380706], [92.00238384100015, 21.844011214000147], [92.00267946600019, 21.844255949000058], [92.00306407600004, 21.844393511000078], [92.00421992600008, 21.84495065700014], [92.00467972900003, 21.845017312000095], [92.00507731900007, 21.84608487500003], [92.00523620800016, 21.846509644000093], [92.0047833910001, 21.846944108000173], [92.00478840000005, 21.847303018], [92.00548786799999, 21.848080182], [92.00678171600015, 21.847563232000027], [92.00662181300015, 21.847066234000124], [92.00623218400011, 21.846569772000066], [92.00667960400006, 21.845706410000048], [92.00621024600008, 21.84499869400014], [92.00551378500012, 21.844435976000113], [92.00504739700006, 21.843940444000168], [92.00504339500009, 21.843653768000024], [92.00503243700007, 21.842868229000146], [92.00433599000007, 21.842305504000024], [92.00295046700012, 21.841751147000082], [92.00268462800005, 21.84126976300007], [92.00232629800007, 21.84112154000013], [92.00214561100012, 21.84116656300006], [92.00185629300017, 21.841342113], [92.00138014000015, 21.84133355600011], [92.00111713700011, 21.841193384000064], [92.00091234500007, 21.841112679000048], [92.00062303700008, 21.840998668999987], [92.00055703500016, 21.840669731000162], [92.00065971900011, 21.840324412000086], [92.00051841900017, 21.840109846000075], [92.00017247500011, 21.840141276000054], [91.99940723900005, 21.84015055499998], [91.99870965500008, 21.84033372300007], [91.99818804200015, 21.840368717000104], [91.99793999800005, 21.840199684000083], [91.99793382600006, 21.840167678000114], [91.99789035200007, 21.839942230000077], [91.997853668, 21.83951258100018], [91.99784828900005, 21.839125561000117], [91.99745898500015, 21.838472499999966], [91.99757232900009, 21.838129825000124], [91.997601267, 21.838042338000093], [91.99787681700008, 21.837863607000145], [91.99836373000011, 21.837542305], [91.99883493800002, 21.837513745000138], [91.99868395100009, 21.83697945600011], [91.99859332400013, 21.83665875300011], [91.99898545900015, 21.836301836000132], [91.99942129300013, 21.83629655300018], [91.9995624140002, 21.83634980500011], [91.99965883400017, 21.83638618900011], [92.00037835400019, 21.836657695000042], [92.00093484800004, 21.83692333600004], [92.0012937520001, 21.83733473799998], [92.0016805690002, 21.837545091000095], [92.0018586160001, 21.837098499999968], [92.0021473270001, 21.836879948000046], [92.00256216400004, 21.83691789100004], [92.00281029600018, 21.837072609000074], [92.00289245300013, 21.837458694000134], [92.00286354400015, 21.837588074000166], [92.00274277800008, 21.837823046999972], [92.00323740800013, 21.83797061700011], [92.00360667900009, 21.83802347600016], [92.00389958500011, 21.838105936000034], [92.00557245900018, 21.83926195700019], [92.00605729500012, 21.839498598000148], [92.00667199000009, 21.839705596000044], [92.00705060200016, 21.839414263000037], [92.00650409500014, 21.838635242000123], [92.00604034500014, 21.83828417100011], [92.00566871700016, 21.838085871000033], [92.0049106830001, 21.837935947000062], [92.00460162500013, 21.83779633900008], [92.00446005100014, 21.837554341000157], [92.00437325900009, 21.837338734000127], [92.00402002400006, 21.83646122300013], [92.00378630800009, 21.836089577999985], [92.00331823900018, 21.835172314000147], [92.00361511800014, 21.834525267000174], [92.00384584000005, 21.834250090000012], [92.00421210300004, 21.834087939000028], [92.00462222600015, 21.833767552999973], [92.00492967600019, 21.833792489000075], [92.00500519000002, 21.833773113000063], [92.00528158400016, 21.83370219300008], [92.00521797500016, 21.833545266000158], [92.00493803300009, 21.833290613000145], [92.00482736800006, 21.83306257600003], [92.00490133200014, 21.832860966], [92.00502293900018, 21.832885985000075], [92.00562509500008, 21.833009869000023], [92.00613192500009, 21.83301804200005], [92.00645587200017, 21.833089483000037], [92.00723257600015, 21.833260769000162], [92.00730251100015, 21.83327619099998], [92.00751944600006, 21.833416916000033], [92.00750433300016, 21.833856382000135], [92.00791685600007, 21.83417268], [92.0080477620001, 21.83467229100006], [92.0085054700001, 21.834937640000078], [92.00898634200013, 21.83490689900009], [92.0091448730002, 21.834357663000162], [92.0094863700001, 21.834270965000087], [92.00998300400016, 21.8343800560001], [92.01019933800012, 21.835108906000016], [92.01036702800013, 21.835298763000026], [92.01053812300017, 21.835384375], [92.01064559200006, 21.835383064000155], [92.01064398900002, 21.83526839299998], [92.01051246700018, 21.83500220400009], [92.01072792100007, 21.834562878000156], [92.01103533600019, 21.83470450300007], [92.01123792800007, 21.83491707800016], [92.01142456500014, 21.835086838000166], [92.01189481800009, 21.83539527400012], [92.01198056900012, 21.835450072000185], [92.01218125600013, 21.83539300900003], [92.01230066600004, 21.835147834000054], [92.01247162900012, 21.835102052000025], [92.01263722000004, 21.835057709000125], [92.01290403300015, 21.835470207000185], [92.01323446700013, 21.83603963000013], [92.01340856600007, 21.836410249000153], [92.01353299300018, 21.836523422000027], [92.01375014100017, 21.836678470000038], [92.01398063200014, 21.836689992000117], [92.01433414700017, 21.83671434700011], [92.01449108900005, 21.836956149], [92.01451892800009, 21.83744714800008], [92.01460737700006, 21.83759725700014], [92.01477804400008, 21.83781948800015], [92.01513441700013, 21.83793749700004], [92.01525985200016, 21.838122337000073], [92.0152325630001, 21.838366388999987], [92.01518891500001, 21.83853895800013], [92.01491702800018, 21.839115734000075], [92.01458604800018, 21.83934916000004], [92.01437572600014, 21.83968146500007], [92.01421025700006, 21.839927204000105], [92.01446032500013, 21.84023954999998], [92.01492081900005, 21.84044705600013], [92.01496469100016, 21.840570454000044], [92.0147754250001, 21.840809154000056], [92.01477964500009, 21.841110166000078], [92.01492184200004, 21.841395155000157], [92.01486726200017, 21.84188325800011], [92.01481388700012, 21.842457363999983], [92.01487931900016, 21.842743291000147], [92.01529860300008, 21.842788220000045], [92.01554697100016, 21.842823566000106], [92.01591272400015, 21.84243529000014], [92.016238419, 21.84212200800016], [92.01671186800019, 21.842018407000182], [92.01705145100016, 21.842143281000062], [92.01728456700005, 21.842341138000165], [92.01798472400014, 21.842992041000116], [92.01823500800009, 21.843318713000144], [92.01824104700017, 21.843748729000026], [92.01819901300007, 21.84403597000005], [92.01821212500005, 21.844563230000176], [92.01846042800008, 21.84463695200003], [92.01874866800011, 21.844903756000065], [92.01916865400005, 21.844893114000115], [92.01928659900017, 21.844703595000112], [92.01948185700013, 21.843532827000104], [92.01945844700015, 21.84295966200017], [92.019325751, 21.84225880800011], [92.01911951300019, 21.841788234000035], [92.01891327600009, 21.84131766100012], [92.018462811, 21.841278505000048], [92.01832848000004, 21.84109628900012], [92.01816921300008, 21.8410318870001], [92.01813736399998, 21.840739370000165], [92.01818080700014, 21.840552466000133], [92.01812850900006, 21.840108680000185], [92.01791235800005, 21.840025307000133], [92.01751438600013, 21.84008504500008], [92.01731419200013, 21.840075635], [92.01683824700007, 21.840081457000167], [92.01625483000004, 21.84008859100004], [92.01597686600013, 21.83997729800012], [92.01574074000013, 21.83956443000011], [92.0155339160001, 21.839050850000035], [92.01563515499998, 21.83860518600011], [92.01572285100013, 21.838288715000147], [92.01603484500004, 21.838211018000038], [92.01662706299999, 21.838162969000052], [92.01685614900015, 21.838074150000068], [92.01692868999999, 21.83777220000013], [92.01690609700017, 21.83725636700018], [92.01677905200006, 21.83695685800018], [92.01643887900008, 21.83678898100004], [92.01596254200018, 21.836766132000037], [92.01554018800005, 21.836468395000168], [92.015495741, 21.836238573000173], [92.01553696600013, 21.835982835000152], [92.0153947730002, 21.835697845000027], [92.01517622000011, 21.835442461000184], [92.01502615200013, 21.835126764999984], [92.01506428200014, 21.835114573000055], [92.01590490300015, 21.83484576500001], [92.01638143500014, 21.834882949000075], [92.01654623200017, 21.83492659600006], [92.017105819, 21.835074801000133], [92.01786231800014, 21.83536661000005], [92.01849841500012, 21.835831925000093], [92.01885575100005, 21.83612861500012], [92.01896644100015, 21.83635664100018], [92.01900197800012, 21.83670027800008], [92.01905206200018, 21.836986392000142], [92.019467593, 21.837052985000014], [92.01977464700019, 21.8370492250001], [92.02002190200017, 21.837160887000095], [92.02000916800017, 21.83734741600017], [92.01999764200008, 21.837619947000064], [92.02000046200016, 21.837820621000162], [92.02030210100014, 21.83768110900013], [92.02066944700016, 21.837407947000088], [92.02097113200017, 21.837416212000164], [92.02140968500015, 21.837428224000064], [92.02297186200013, 21.837131377000105], [92.02293036300017, 21.836690948000182], [92.02266675500005, 21.836144623], [92.02250785100006, 21.835764270000084], [92.0224997860002, 21.835190917000148], [92.02275028300005, 21.834805543000073], [92.02297216599999, 21.834205475000147], [92.02309006500008, 21.833860189000177], [92.0231442180002, 21.833701594000104], [92.02324622900005, 21.833315814000173], [92.0232900090001, 21.833150248000152], [92.02318717300011, 21.832700951], [92.02314659300015, 21.832523651000088], [92.02309913500011, 21.832316305000177], [92.02301329900013, 21.83167222300017], [92.02280121100017, 21.831149160000166], [92.02231103100013, 21.8308684430001], [92.02026207600011, 21.830750187000092], [92.01890388900011, 21.830394731000183], [92.01874020000014, 21.830127928000024], [92.01809173200013, 21.829508648000115], [92.01876422200019, 21.828622354000174], [92.01897477400018, 21.82733933000003], [92.01902943200008, 21.827006269000094], [92.018635582, 21.826294272000098], [92.01827668400017, 21.825649967000174], [92.01847574600009, 21.82514632800013], [92.01880304500008, 21.824950420999983], [92.01933644000007, 21.824751992000188], [92.02020089900014, 21.82462626900019], [92.02052708500014, 21.824351353000168], [92.02031721700018, 21.824085260000118], [92.02001640300011, 21.82410761500006], [92.01908053000005, 21.824177160000033], [92.01882295800004, 21.824134024000045], [92.01863713300008, 21.824021606000144], [92.01845797800007, 21.823837426000182], [92.01834750200015, 21.8236237320001], [92.01821490400005, 21.823474822000037], [92.01815866100009, 21.82329630600003], [92.0181827990001, 21.82321194600013], [92.01822452400012, 21.823066118000156], [92.01857047000016, 21.82306585500004], [92.01908044100014, 21.823335206000024], [92.01943543200014, 21.823467057000187], [92.01968782300014, 21.82339945500013], [92.01965400100016, 21.823177655000052], [92.01936071700004, 21.823066553000103], [92.01910493400015, 21.822944177000068], [92.01905943100019, 21.822673813000108], [92.01877180800011, 21.822677332000126], [92.01852993800014, 21.822488104000115], [92.01847684800003, 21.822446569000135], [92.01826498200006, 21.822119424000164], [92.0179614110001, 21.821822074000067], [92.01792951900012, 21.821774564000066], [92.01774187200016, 21.821495022000022], [92.01767634700013, 21.821201928000107], [92.01781119000003, 21.820963729000027], [92.01812525800005, 21.820759448000047], [92.0186602510002, 21.820676143000185], [92.01865702000003, 21.820445902000074], [92.01823997000014, 21.820103319000054], [92.0180718260001, 21.819842305000122], [92.01804588400006, 21.81963474500003], [92.01811174700009, 21.81940455800003], [92.01831028800012, 21.819255835000092], [92.01843038300018, 21.81898344500013], [92.01859613700003, 21.81891119800008], [92.01871197300005, 21.81895995800005], [92.01886809500019, 21.81914442100009], [92.01912279100009, 21.81924165900017], [92.01931326900007, 21.81913897400011], [92.01909463600015, 21.818876427000134], [92.01886125700014, 21.818657069000096], [92.01873382600013, 21.818328891000135], [92.01866970800017, 21.8181361340001], [92.01851637900018, 21.81782384600018], [92.01859973300014, 21.816362475000176], [92.01846618900015, 21.81563262300017], [92.01808587700009, 21.815020929000184], [92.01783167600013, 21.814522833000183], [92.01789100200006, 21.81349486900001], [92.01852169300008, 21.81321172000014], [92.01867175900009, 21.812663528000087], [92.01856084500014, 21.811943015000054], [92.01855360800016, 21.811891657000047], [92.01863098700011, 21.811838697000155], [92.01883139000006, 21.81169993000009], [92.01886294700012, 21.811678456000095], [92.01890369000017, 21.811651997000126], [92.01893895500018, 21.811631371000033], [92.01897789500003, 21.811612751000098], [92.01901745100008, 21.81159840300012], [92.01905589100005, 21.811587051000117], [92.01910278800011, 21.811574792000044], [92.01939735700006, 21.811502616000098], [92.01943460400003, 21.811493670000118], [92.01947251100006, 21.811485032000064], [92.01952130000012, 21.811475452000025], [92.01955224500011, 21.811470735000057], [92.01959210000012, 21.81146627400011], [92.01965078300009, 21.8114613140001], [92.02009221700018, 21.81143069900014], [92.02016828600017, 21.811425101], [92.02020554600006, 21.811421808000034], [92.02023244400016, 21.811418831000026], [92.020267102, 21.811413725000136], [92.02031114400012, 21.811404793000122], [92.02036564200017, 21.811391763000074], [92.02060637400018, 21.811330409000163], [92.02084757900019, 21.811269551000123], [92.02090258100009, 21.811255378000112], [92.0209382450002, 21.811245652000025], [92.02097298100006, 21.81123520600005], [92.02099709900011, 21.811226800000043], [92.02102093600001, 21.811217511000052], [92.02105385400012, 21.811203451000154], [92.02110383300004, 21.811180857000068], [92.0211744720001, 21.811148119], [92.02125551900019, 21.8111105590001], [92.02140747300012, 21.811040661], [92.02145697300011, 21.8110173340001], [92.02149600899997, 21.81099754700017], [92.02152406500016, 21.81098135999997], [92.02156003200002, 21.81095526500002], [92.02159688600005, 21.810924130000046], [92.02162388500011, 21.81089985500006], [92.02180181200015, 21.810736641000062], [92.02182815900011, 21.810711876000084], [92.0218590790002, 21.81068098999998], [92.02188050100017, 21.810656706000145], [92.02189993200011, 21.810631043000058], [92.02192343400009, 21.810596228000065], [92.021944997, 21.810560580000185], [92.02195946200004, 21.810533036000038], [92.02197016900016, 21.810506572000122], [92.02197780900008, 21.81047811400009], [92.021983707, 21.810446952000177], [92.0219902030002, 21.810397917000103], [92.02199268700008, 21.810366149000174], [92.02199291700009, 21.810336336999967], [92.02198981700019, 21.81030720000018], [92.02198358400011, 21.810275925000155], [92.02197316700006, 21.810234423999987], [92.02196386200006, 21.8102005290001], [92.02190566300015, 21.809993936000183], [92.02176671500018, 21.80949431500011], [92.0217572570001, 21.809459319000098], [92.02174816900009, 21.80942372600009], [92.02173820100012, 21.809377923000113], [92.02173338400019, 21.809348764000106], [92.02172902200016, 21.8093114510001], [92.02172577500016, 21.809274561000052], [92.02172307800004, 21.80923814500005], [92.02169778700016, 21.80886073800019], [92.02166182200011, 21.80833954600007], [92.02165875100013, 21.80828468600015], [92.02165762100003, 21.808237649999967], [92.02165893500018, 21.808190833000083], [92.02166186200014, 21.80814876000011], [92.02166592700019, 21.80810098400002], [92.021672507, 21.808030273000156], [92.02167948000016, 21.807959445000165], [92.02168353200017, 21.80792339100003], [92.02169009900007, 21.807877541000096], [92.02169544400004, 21.807849109000074], [92.02170381000002, 21.807812822000187], [92.02171301300018, 21.807777019000127], [92.02172763000004, 21.807724184000108], [92.02174212500012, 21.807676765000053], [92.02175401400012, 21.807643409000093], [92.0217709170002, 21.807605934000094], [92.02179300500006, 21.807570336000026], [92.02181724000019, 21.8075393900001], [92.02184825400008, 21.807504419000168], [92.02187337700013, 21.807477685000094], [92.021972877, 21.807374297000024], [92.02200907900016, 21.807335893000072], [92.02203735700004, 21.807304209000108], [92.02205737600019, 21.8072794360001], [92.02207536700013, 21.807253280000054], [92.02209707200007, 21.80721663900016], [92.02212244100014, 21.807169835000025], [92.02214714100006, 21.807122275000154], [92.02216812100016, 21.80707931200004], [92.0221852750002, 21.807038658000067], [92.0221930510001, 21.80701135700002], [92.022197248, 21.806982001999984], [92.02219932600019, 21.806949443000065], [92.02220035200008, 21.806906162000132], [92.02220111800017, 21.80674519300004], [92.02220012700019, 21.80668011299997], [92.02219669100003, 21.80663696100015], [92.02219088300012, 21.80660990100006], [92.02218071900018, 21.806582600000183], [92.0221669170001, 21.806553180000037], [92.02214679700018, 21.806514647000142], [92.0221297440001, 21.80648348300008], [92.02211235100003, 21.806452443000182], [92.02209480700014, 21.806422156000053], [92.02207241500008, 21.806386607000036], [92.022054385, 21.806362388000082], [92.0220340030001, 21.80634113299999], [92.02200912700016, 21.806319873], [92.02198856100006, 21.8063038410001], [92.02195925800004, 21.8062821690001], [92.02183695200006, 21.806194744000038], [92.02179077400012, 21.806160866000084], [92.0217519970002, 21.806130176000067], [92.02172122300016, 21.80610221700016], [92.02169945300011, 21.806078681000145], [92.02168063699997, 21.80605460800018], [92.021653077, 21.80601527700003], [92.02161287100006, 21.805953830000192], [92.02159312000015, 21.805924282000092], [92.02157317900014, 21.805896215000132], [92.02154155900001, 21.805854770000167], [92.02150866100015, 21.805813255000032], [92.0214191820001, 21.80570182300005], [92.021385652, 21.805660349000163], [92.02136340400011, 21.80563335700009], [92.0213354600001, 21.805601077000063], [92.02131326500017, 21.805577846000176], [92.02127936099998, 21.80554835100014], [92.02124068500018, 21.805518837000022], [92.02121104400015, 21.80549744900003], [92.02108907100006, 21.80541104500014], [92.02098263000005, 21.8053351530001], [92.02093763200008, 21.805303821000166], [92.02090109200009, 21.8052803220001], [92.0208734740001, 21.80526519600005], [92.02083320300005, 21.805249770000046], [92.02078634500009, 21.80523662799999], [92.02075023300011, 21.805227976000026], [92.02069466600005, 21.80521554100011], [92.0206578120002, 21.80520774300004], [92.02061231000016, 21.805199067], [92.02057736000012, 21.805193809000116], [92.0205326460001, 21.805189281000082], [92.0204958000001, 21.805186583000022], [92.02045834800003, 21.80518424000013], [92.02009831800007, 21.80516336700009], [92.02004230100016, 21.805160633000014], [92.01999692000004, 21.80515948100009], [92.01995186600004, 21.80516012099997], [92.01991505800004, 21.805161709000117], [92.01987775800012, 21.805163767000124], [92.01964112300016, 21.805178665000085], [92.01938519000004, 21.80519477600012], [92.01915758000007, 21.805209573000184], [92.01911086700017, 21.805212397000048], [92.01905122800014, 21.805215091000093], [92.01901039300003, 21.805215285000088], [92.01897860200017, 21.805213806000097], [92.01894676500012, 21.80521005700001], [92.01890642900014, 21.805203184000106], [92.01885823100008, 21.805193117000044], [92.01878325500007, 21.805175766000104], [92.01859220100005, 21.805165057000067], [92.01817144600017, 21.80508418200003], [92.01789315000008, 21.804944220000152], [92.01778608000006, 21.804879436000135], [92.01772027500004, 21.80483961900012], [92.01762850500012, 21.804747220000024], [92.01760465500007, 21.80472538800018], [92.01758360600019, 21.80470119100005], [92.01755996600019, 21.80466890600013], [92.01753448100015, 21.804629273000103], [92.01750620000018, 21.804582231000154], [92.01742993700003, 21.80445281300007], [92.01740533100008, 21.804410772999972], [92.01738710400008, 21.804378967], [92.01736928500014, 21.804346699000178], [92.01734373100015, 21.804298328000186], [92.01722119700014, 21.80405872900019], [92.01719854400011, 21.80401700100009], [92.01717521700004, 21.803978716000017], [92.01714806100011, 21.803943507000042], [92.01711620700019, 21.80390751599998], [92.01707885700012, 21.80386787200007], [92.01704084300013, 21.803828695000163], [92.0170092240001, 21.803797639000038], [92.01686010700013, 21.803703299000063], [92.01679224200007, 21.803671210000175], [92.01675838100005, 21.803655502000083], [92.01672477400018, 21.80364031099998], [92.01668344600017, 21.803622948000054], [92.01663939500014, 21.80360790100019], [92.01659205600004, 21.803595164000114], [92.01653722800012, 21.803581987000143], [92.0164899090002, 21.803569954000125], [92.01644993100012, 21.80355818000004], [92.01634146300017, 21.803633440000056], [92.01607523500019, 21.803806936], [92.01561147400008, 21.804147269000055], [92.01536795600003, 21.80432597300006], [92.01508882900009, 21.804568545000052], [92.01447187400015, 21.805104697000047], [92.01440113000012, 21.805166175000124], [92.01415093800006, 21.805383598000105], [92.01380493700009, 21.805678522000164], [92.01352086900005, 21.805885886000112], [92.0119961170002, 21.80727658400002], [92.01143651600017, 21.807786975000113], [92.01110185300007, 21.80800223300014], [92.01005442700011, 21.80867594], [92.00969444700019, 21.8087896990001], [92.00915006400015, 21.80896173000002], [92.00728383300003, 21.809080008000024], [92.00616863700014, 21.808926305000057], [92.0052795310001, 21.80847117200011], [92.00520469800006, 21.80837134900014], [92.00486238500002, 21.807914727000025], [92.00455687200008, 21.80710603700004], [92.0042977060001, 21.8059503180001], [92.00445083700009, 21.80500475700012], [92.00473002100011, 21.80382076000012], [92.0050962270002, 21.802791618000015], [92.0050215770001, 21.800971554000057], [92.00454646100019, 21.799530618000063], [92.00439380900019, 21.799067644000104], [92.00324165800015, 21.797205400000053], [92.00178752900018, 21.795634601000188], [92.00119120600016, 21.795068367000056], [92.00110736400012, 21.795012545000077], [91.99988710900016, 21.79420007699997], [91.99899944000015, 21.793840462000162], [91.99805843400009, 21.793911830000013], [91.99731261500011, 21.79396839000009], [91.99670437400016, 21.794385348000105], [91.99651427600003, 21.794515662000094], [91.99636342600019, 21.794596333000072], [91.99525713100002, 21.795187944000077], [91.99346167500016, 21.797019925000086], [91.99340080500008, 21.797093670000038], [91.99332746800019, 21.79718251899999], [91.991981834, 21.79885940500003], [91.99062123300018, 21.80038115100018], [91.99000008900009, 21.800794839000105], [91.98989126600009, 21.800864500000102], [91.98954200800011, 21.80108807400012], [91.9893153180002, 21.801233186000047], [91.98875119400009, 21.801144404000183], [91.98810851000019, 21.800925147000044], [91.9876205450002, 21.80066362399998], [91.9858491120001, 21.79715693200012], [91.98501214300006, 21.79550001399997], [91.9831865860001, 21.79244030900003], [91.98314391800011, 21.792402951000156], [91.98086074700012, 21.790403883000124], [91.97928657100005, 21.789419184999986], [91.97779709700012, 21.78928753400004], [91.97416466300012, 21.789779709000186], [91.97407248700011, 21.78979219700011], [91.9733561000001, 21.789815765000128], [91.97301226300016, 21.789827074000073], [91.96836972200015, 21.789979714000083], [91.96632954700004, 21.790148431000148], [91.96544240200006, 21.790221788000053], [91.96490885800017, 21.79026590300009], [91.9602685390002, 21.790649508000115], [91.96008533400004, 21.79064594199997], [91.95654355100015, 21.79057695400013], [91.95645540800007, 21.790575236000166], [91.95635734000012, 21.790545195000107], [91.95622757300015, 21.790505442000097], [91.95450285600015, 21.78997708700018], [91.95259824200014, 21.789139399000135], [91.95102134000007, 21.787939397000116], [91.949952833, 21.786494433000144], [91.9492667520002, 21.784949370000106], [91.94926191900004, 21.784868063000033], [91.94924934000016, 21.78465644300013], [91.94922681200006, 21.784277455], [91.94920910600001, 21.783979570000156], [91.94916739900003, 21.783277909000105], [91.9493257800001, 21.781746776000148], [91.94913634000005, 21.780567829], [91.94855452900015, 21.77972363200007], [91.94815402500006, 21.779306262000034], [91.94730656000019, 21.778423099], [91.94635236800008, 21.77747854600011], [91.94595378200017, 21.776943233000168], [91.94543524600005, 21.776246814], [91.94526563000005, 21.77541650200004], [91.94525994300005, 21.775388664000047], [91.94526880500007, 21.774528346000125], [91.9452884210001, 21.774287914000126], [91.94533905300017, 21.773667306999982], [91.94575932200007, 21.772603523999976], [91.94615952400011, 21.770771154999977], [91.9464220050001, 21.76899029100008], [91.94669436900006, 21.766425560000073], [91.94659038800006, 21.765812856000025], [91.94652345700013, 21.76541846600003], [91.94636089400007, 21.764460552], [91.94546965400008, 21.76198188000012], [91.94545792200017, 21.761949251000146], [91.94536161200017, 21.761681392000128], [91.94420889400004, 21.75966369500003], [91.94427415600012, 21.75963575700007], [91.94338371200013, 21.75863292000014], [91.94118063300004, 21.758196030000022], [91.94117380000006, 21.757687944999986], [91.94102836900004, 21.75714484800011], [91.94094105800019, 21.75700540500003], [91.94082329600019, 21.756731483000067], [91.94068839600004, 21.75652730800016], [91.94049430800015, 21.75623355], [91.94021000900017, 21.755634732000033], [91.94005058800002, 21.755192157000067], [91.93985990200008, 21.754706936], [91.93936448300019, 21.75397088400001], [91.93777305300017, 21.751095006000128], [91.93763433900006, 21.750974726000095], [91.93721088000012, 21.750607543], [91.93690447600017, 21.749044755], [91.93677229000002, 21.748370539], [91.93671706000009, 21.748088834000043], [91.93695228500013, 21.746556802000157], [91.93750720200012, 21.74597682700005], [91.93867586300007, 21.745389659000125], [91.9409690720002, 21.744741509000107], [91.94356334200006, 21.74365968400008], [91.94364448600004, 21.743537559000174], [91.9445985000001, 21.74210170500004], [91.94506745100011, 21.741395892000185], [91.94553835300013, 21.73989932800015], [91.94556606200007, 21.73981126500007], [91.9456560820002, 21.739525171000025], [91.94566976100003, 21.738054982000108], [91.94567698300006, 21.73727880500013], [91.94551197200019, 21.73491620600015], [91.94541886100006, 21.733583011000064], [91.94529033100008, 21.73174260600007], [91.94523344100014, 21.730927969000106], [91.94525271400005, 21.730731098999968], [91.94590792600007, 21.7240383030001], [91.94657280500013, 21.71958695400008], [91.94675490999998, 21.718367731000058], [91.94738248000004, 21.716206254000156], [91.94797050600005, 21.714180917000192], [91.94808070300019, 21.71362991300009], [91.94842323800003, 21.711917171000096], [91.95050964900008, 21.705518058999985], [91.95185952000014, 21.70137767199998], [91.95255226600005, 21.699252770000044], [91.95311989000015, 21.69743934700017], [91.9545226410001, 21.692957713000112], [91.95538154600001, 21.69021348700005], [91.95606634300015, 21.688025472000106], [91.95679866700016, 21.685685536000108], [91.95754891600012, 21.68460382800015], [91.9583364660001, 21.68346832399999], [91.95987424900005, 21.68125335600007], [91.96028657500005, 21.680558941000072], [91.96034542400008, 21.68045983000013], [91.96140700500007, 21.678670421000106], [91.96219374100014, 21.677151991000073], [91.96274408400012, 21.67608979000005], [91.96279273900012, 21.676025996000078], [91.96486233600007, 21.67331702400014], [91.96719167900011, 21.670442389000016], [91.96794487300008, 21.669433272000106], [91.96890734300013, 21.6681394470001], [91.97026102400014, 21.66684097800004], [91.9726051180001, 21.66626449400013], [91.97533792200011, 21.665500476000148], [91.97767634800016, 21.664555981000092], [91.98060276600017, 21.663604440000142], [91.98234620600016, 21.662118351000174], [91.98370473900007, 21.661187731999973], [91.98448582000009, 21.66099326200009], [91.98683726300004, 21.660965131000125], [91.98979309200013, 21.662212117000138], [91.99374954600012, 21.66491230000014], [91.9944216400001, 21.665185310000027], [91.99769039500012, 21.66651305099998], [92.00064954800007, 21.667942667000148], [92.00261374000007, 21.66828698300003], [92.0043797670001, 21.668448535000095], [92.00551723600012, 21.66568714800013], [92.00723252400013, 21.662185007000176], [92.00745709600005, 21.661527552000052], [92.0076091410001, 21.661083202000043], [92.0075029300001, 21.660797426000045], [92.00740531600002, 21.66053478300006], [92.00542100400014, 21.658727757000122], [92.00522736200014, 21.658041491000176], [92.00490342800015, 21.65689346100004], [92.00459692300012, 21.65580718500007], [92.0033634020001, 21.651609158999975], [92.00293623100004, 21.64904953700011], [92.00226996000004, 21.643379385000117], [92.0028452480002, 21.64245580900007], [92.00361361300008, 21.641349289000175], [92.00380218800018, 21.64079612900008], [92.00299788000007, 21.63934056400018], [92.00278210100004, 21.637877898000113], [92.0027720170001, 21.637146517000076], [92.00178729900017, 21.63679037300011], [92.00156901900004, 21.635144860000082], [92.00151856400004, 21.63148342700009], [92.00265586200015, 21.62872206500009], [92.00361269500019, 21.627060128000153], [92.00438350400015, 21.626136455], [92.00513910000012, 21.624111187000153], [92.00646930400006, 21.621164601000032], [92.00659115100007, 21.619627875000106], [92.00767278400014, 21.616257570000187], [92.00847290300015, 21.614315290000093], [92.00887962800016, 21.613827224000033], [92.00979224600019, 21.612558638000053], [92.01092195200005, 21.61206182800015], [92.01278252800017, 21.61203931800003], [92.01548001600003, 21.61278104300004], [92.01579848800009, 21.612851687000045], [92.01701663600016, 21.61311912800005], [92.01713834800012, 21.61314700400004], [92.01795978100017, 21.612750967000068], [92.01887500700019, 21.611676472000056], [92.01947257200015, 21.61002559500014], [92.01965614100016, 21.608379747000015], [92.01985568800006, 21.606537283000023], [92.01982543600008, 21.60644508300004], [92.01960514500001, 21.6047070570001], [92.01946915500014, 21.603318027000114], [92.01868187300005, 21.601822231000142], [92.01743676600012, 21.60047535000018], [92.01581197000019, 21.599383950000117], [92.01295505000002, 21.59787734300005], [92.01020304500014, 21.597429143000113], [92.01023070100013, 21.597412552000037], [92.01050392200011, 21.597233599000106], [92.01207933100017, 21.595631885000103], [92.01282332300008, 21.59509683500005], [92.01552769100016, 21.59356948500016], [92.01628698100012, 21.593301101000122], [92.01691245299997, 21.593080014000066], [92.01945132100008, 21.593748504000132], [92.02230522600007, 21.595039988000053], [92.02361450100011, 21.59549001200014], [92.02492278800008, 21.595868354], [92.02572845800017, 21.595930230000135], [92.02689180200014, 21.595871681], [92.02853918599999, 21.59675053000018], [92.02978013400019, 21.59814194900008], [92.02999748200006, 21.598752772000125], [92.02985762100013, 21.600718517000132], [92.02923269000019, 21.60262574400008], [92.02890730700017, 21.604027533000192], [92.02888698000004, 21.605318076000117], [92.02923514700012, 21.60623346000017], [92.03019560000013, 21.607716341000014], [92.0313357500001, 21.608580670000038], [92.03199717800015, 21.609032], [92.03243912700003, 21.609043868000185], [92.03308149400016, 21.609061117000124], [92.03353834000012, 21.608840483000165], [92.03502553300012, 21.607813094000164], [92.03936831900012, 21.60549558400004], [92.04005338800005, 21.605152663000183], [92.04058029900006, 21.605281881000053], [92.04357641700011, 21.60562890400007], [92.044458486, 21.60513265800006], [92.04600901900017, 21.60367318500016], [92.04699406500009, 21.602261296000165], [92.04708311900004, 21.60108394200006], [92.04652395900013, 21.599691050000104], [92.04633487100011, 21.59843358600017], [92.04708639100011, 21.59827081500009], [92.04756611200008, 21.598264912000047], [92.04867371400007, 21.598145165], [92.05015584300008, 21.597921457000155], [92.05129785100007, 21.598487607000095], [92.05108625400004, 21.60017445300008], [92.05207421500018, 21.601584613], [92.0524930110002, 21.60183682100012], [92.05278612900008, 21.60183320400006], [92.0538754860001, 21.601819758000033], [92.05573980700007, 21.601604824], [92.05629926400007, 21.601304416], [92.0569749300002, 21.600941602000034], [92.05738645100007, 21.600679136000167], [92.05731064100019, 21.600226280000186], [92.05695938700006, 21.5998422990001], [92.05653934600019, 21.599459173000014], [92.05589243900005, 21.59946491200003], [92.05532695000011, 21.59921000700018], [92.05528810000004, 21.599023100000068], [92.05583869600014, 21.59882213500009], [92.05604562400003, 21.598559944000158], [92.05599959400013, 21.597865146], [92.05606650400017, 21.59761114300005], [92.05609983300019, 21.597484617000077], [92.05651530600016, 21.597544955000103], [92.05738567900016, 21.5973806720001], [92.0579247730002, 21.59764718300005], [92.05859853600003, 21.59804748800019], [92.05879721100007, 21.59754382400007], [92.05941465700016, 21.59741878400007], [92.05940916000014, 21.597030530999973], [92.06027625500008, 21.596958769000082], [92.06030735600007, 21.596956194000143], [92.06112787500018, 21.596298078000018], [92.0616732740001, 21.595774311000127], [92.06183835000007, 21.595413295000128], [92.06194138300015, 21.595188508999968], [92.0620043470002, 21.594733935000022], [92.06189105100009, 21.594580139000072], [92.06173789900004, 21.594372241000144], [92.06172251900017, 21.594351362999987], [92.06131775500006, 21.59389171900017], [92.06129181000017, 21.593257209000058], [92.0615723360001, 21.592988477], [92.06176933800003, 21.592799756000147], [92.06256471500006, 21.592682081000078], [92.0632855340001, 21.593067396000095], [92.06335591900012, 21.5931139490001], [92.06413662000017, 21.593630297], [92.06488621300008, 21.594242241000018], [92.06540540400016, 21.59482120000007], [92.06585331899998, 21.59540200300006], [92.0665737270001, 21.595131035], [92.06725788400013, 21.59460552900009], [92.06795956900004, 21.593815484000174], [92.06807194400017, 21.593688957000097], [92.06819842000016, 21.593539963000183], [92.06828949900012, 21.593432669000038], [92.06832368600004, 21.593392396000127], [92.06846142700016, 21.593230131000155], [92.0687939460002, 21.59264471600011], [92.0688851480001, 21.592484151000065], [92.06906806700005, 21.591872581000075], [92.06921520200007, 21.59121952700002], [92.06906967800012, 21.59070433100004], [92.06878444800014, 21.590125395000086], [92.06849706500009, 21.589352327000086], [92.06843036500004, 21.589154445000077], [92.06837320000005, 21.588984850000145], [92.0682803310001, 21.588709327000174], [92.06777534900004, 21.588133280000022], [92.06771843600006, 21.58806835600018], [92.06764657900004, 21.58785480900019], [92.06746566400011, 21.58731716], [92.06728494800007, 21.586780094000176], [92.06743114900019, 21.58623903200015], [92.06750150500011, 21.585978654000087], [92.06754753900003, 21.585808289000113], [92.0687729730002, 21.584433944000182], [92.06924075100017, 21.583861484000067], [92.06937726200016, 21.5836944240001], [92.06952033900018, 21.583519325999987], [92.06972700000017, 21.582918694000057], [92.06981213600011, 21.582671255000093], [92.07010053900007, 21.581833040000106], [92.07013393500017, 21.581306958000084], [92.07009521900017, 21.58107549300007], [92.07002226000009, 21.58063931500004], [92.06975720000014, 21.579964022000183], [92.06965510700013, 21.57978270900003], [92.06948464300007, 21.579479973], [92.06915309400011, 21.579159136000044], [92.06862185400018, 21.578681006000068], [92.06851002800016, 21.578488537000055], [92.06848796700001, 21.578374120000092], [92.06913380200007, 21.57801766100016], [92.06936886900007, 21.577700921000087], [92.06943306200014, 21.57737727800003], [92.06980103200004, 21.57695570400017], [92.06988351700005, 21.576861202000146], [92.07007617699998, 21.57664047500009], [92.07034988100008, 21.57629085800005], [92.07055908100017, 21.576033958000096], [92.07058705700018, 21.57599661900008], [92.070787081, 21.575729658000114], [92.07086348000001, 21.57563835800005], [92.07091848100004, 21.575521358000117], [92.07094625200011, 21.57545261600012], [92.07102390000017, 21.575260414000013], [92.07104998000017, 21.57519585800003], [92.07115720000019, 21.574907656000164], [92.0712400290002, 21.575020374000076], [92.0719510180001, 21.574564509000083], [92.07266688800001, 21.574266872000067], [92.07297573000017, 21.57434912100001], [92.07388541700004, 21.574338287000046], [92.07416521400017, 21.574665629000094], [92.07419254900003, 21.57498424900018], [92.0746952770001, 21.575587414000097], [92.07508537300004, 21.57539807200004], [92.07539203300018, 21.57540619700012], [92.07577701700006, 21.575532815000088], [92.07573410500004, 21.576106804000062], [92.07572371700007, 21.576274191000152], [92.07545758000003, 21.576420872000142], [92.07506556200008, 21.576528913000118], [92.07501694200016, 21.576542313000118], [92.07481360100013, 21.576942617000043], [92.0747683030001, 21.577349378], [92.07486382200011, 21.577778279000086], [92.07494265800005, 21.57793260600016], [92.07510969700007, 21.57800220700011], [92.07544771900018, 21.577818315], [92.07562427100004, 21.577362603000154], [92.07584920400006, 21.577013338000143], [92.07619583400015, 21.576450972000146], [92.07626094500012, 21.576192784000057], [92.07639425200006, 21.57582379300004], [92.07654511300018, 21.575654654000118], [92.07707854000017, 21.575342736000096], [92.07756330200016, 21.57539990300012], [92.07798669300013, 21.575977095999974], [92.07853933500019, 21.575970200000143], [92.07909351300003, 21.576028755000095], [92.07965414000012, 21.576538757000037], [92.07965794000012, 21.57680497600012], [92.0796624530002, 21.57712113100007], [92.07967073300017, 21.577701247000107], [92.07981444100017, 21.578087770000025], [92.08072018100012, 21.57859345700001], [92.08141624299998, 21.57890986000018], [92.08203550399998, 21.5787079590001], [92.08260367900004, 21.578637399000115], [92.08279780100008, 21.57881417500016], [92.08287153700013, 21.57914903500017], [92.08267415900019, 21.579862667000043], [92.08240432000014, 21.580319832000157], [92.08262109800012, 21.580962812000053], [92.08314154000004, 21.581414301], [92.08355020699997, 21.581409187000133], [92.08375061000015, 21.581131900000173], [92.08382244900014, 21.580796488000146], [92.08378807000003, 21.58036573200002], [92.08356757300004, 21.57946317000011], [92.08376866100014, 21.579009120000023], [92.08411436900013, 21.579004793000138], [92.08474935800018, 21.579902163000156], [92.08530201200006, 21.579895241000088], [92.08591543200004, 21.579950885000073], [92.0860844130001, 21.57996621300009], [92.0865485330001, 21.58000831100003], [92.08765353800015, 21.579931242000157], [92.08868043900009, 21.579204942000104], [92.08922567500008, 21.578681099000164], [92.089421174, 21.577838798000016], [92.08941003500007, 21.577062304000094], [92.0896807850001, 21.576670589000116], [92.09029723700013, 21.576274534999982], [92.09098957800012, 21.576331314000186], [92.09138459900004, 21.57727290800011], [92.09099626000011, 21.577803449000044], [92.09067160000012, 21.578321241000083], [92.09077111000016, 21.579024857000036], [92.09093430200016, 21.579715727000178], [92.09098019600003, 21.580469711000035], [92.09181256900007, 21.580653409000092], [92.09244112600015, 21.581099299000073], [92.09341257600005, 21.581344458], [92.09389739300008, 21.58140383200015], [92.09451758300008, 21.581267343000093], [92.09445234100019, 21.580688978000126], [92.094447188, 21.580330638000135], [92.09453212800014, 21.579842137000128], [92.09475684500018, 21.57948090399998], [92.09498365100012, 21.579348169000127], [92.09518243100018, 21.579231833999984], [92.09622079600007, 21.578960711000036], [92.09704523100015, 21.578735286000153], [92.0978124940001, 21.578797301], [92.09871726400019, 21.578828907000172], [92.09916663600006, 21.579167310000173], [92.0993055040002, 21.579268379000098], [92.09949412200018, 21.579405656000176], [92.09978623400019, 21.57961825500007], [92.0999173040002, 21.580204385000116], [92.09995663400008, 21.580806008000025], [92.09973358100018, 21.581281915999966], [92.09943596400018, 21.58191654400008], [92.09891769299998, 21.582365048999975], [92.09865456600016, 21.58298719200002], [92.0986118960002, 21.583217110000078], [92.09870370400012, 21.5838650930001], [92.0993737770001, 21.583967320000113], [92.10018373400004, 21.58379940499998], [92.10099265600019, 21.58355981799997], [92.10172848300004, 21.582503989000088], [92.10266291300007, 21.580341764000025], [92.10322916600012, 21.57967162000017], [92.10339357500015, 21.579477045000147], [92.10364245700015, 21.57918249700009], [92.10463144000016, 21.578520923000042], [92.10607635800017, 21.57790448100002], [92.10759196100008, 21.577609764999977], [92.107704136, 21.577571048000095], [92.108691942, 21.5772301020001], [92.10907818600003, 21.576983643000062], [92.10978604900004, 21.576487024000073], [92.1108845600001, 21.576048666000077], [92.11205260700018, 21.575911941000015], [92.11348598200004, 21.576137578000157], [92.1142114810001, 21.576857581000127], [92.11507286600005, 21.57800028700018], [92.11541660700016, 21.579273737], [92.11543162300018, 21.580307539000103], [92.11506068000011, 21.581648766000114], [92.11474844800006, 21.582503858], [92.11469741600007, 21.583477545], [92.11477051100019, 21.58402296200012], [92.115296785, 21.58444296400006], [92.11594835500011, 21.58455659500015], [92.11633634200012, 21.58442975100013], [92.11658255600008, 21.584264070000188], [92.116979937, 21.583994874000098], [92.11729013600018, 21.582959196000047], [92.11779606400012, 21.581979725000053], [92.11797590300017, 21.58094344400007], [92.11776688200001, 21.579973068000072], [92.11704046200015, 21.579192141000192], [92.1162506610001, 21.578533923000066], [92.11624357800014, 21.578046365000034], [92.11662980900019, 21.577799891000097], [92.11721236500006, 21.577609617000178], [92.11845085700003, 21.577835428000128], [92.11859667800013, 21.577987090000022], [92.11937480900013, 21.57879670400007], [92.12037014200013, 21.580183754000075], [92.12090906300006, 21.58151340000012], [92.121763203, 21.582112072000086], [92.12202057300016, 21.581925925000064], [92.12220656600005, 21.581313995000073], [92.12212900700007, 21.58046386300009], [92.12191999200013, 21.579495752000184], [92.12202621300008, 21.579359025000144], [92.12211131100003, 21.57924948900012], [92.12237222900012, 21.57930712000018], [92.1230299660001, 21.57984507600014], [92.12393961100014, 21.580285156000116], [92.12401203900009, 21.58032019500007], [92.12518984700006, 21.58085150500017], [92.12629809000015, 21.581081174000076], [92.12729079900015, 21.582283088000054], [92.12794592700016, 21.58264044800012], [92.12925319600004, 21.583109119000085], [92.12952269800013, 21.583452042000147], [92.12968299900018, 21.58365601500003], [92.13057767200007, 21.584794409000096], [92.13111377200016, 21.58588248500007], [92.13138180700008, 21.586425393000013], [92.13185008200014, 21.587331468000116], [92.13218450100004, 21.58799769500007], [92.13316394500009, 21.588287661000095], [92.1342369210002, 21.588512737000087], [92.13453318800015, 21.588574883000092], [92.13486551200009, 21.58905600300011], [92.13578520500005, 21.58971471200016], [92.13657336000017, 21.590250933], [92.13697204300001, 21.590853108000033], [92.13822051600005, 21.591749140000047], [92.13838247500018, 21.591847450000046], [92.13851740700017, 21.591929354000058], [92.13920390200002, 21.59234605299997], [92.13986146400009, 21.592822982000087], [92.14083948500013, 21.593054222000035], [92.14156520500012, 21.593774085], [92.1417134030001, 21.594986765000158], [92.1421782160001, 21.59565128600019], [92.14244272600013, 21.595950397000138], [92.142517397, 21.595974771000044], [92.14316131700019, 21.59618496200011], [92.14420183700014, 21.596232510000107], [92.1444762050001, 21.59683175000015], [92.14467202100013, 21.59726042699998], [92.14614737300019, 21.59966555800014], [92.14633728500007, 21.59997514800017], [92.146890585, 21.60221656599998], [92.14704007400002, 21.603553384000122], [92.14673606100018, 21.604954755000165], [92.14694712300007, 21.606046960000015], [92.14703201900016, 21.607382354000038], [92.1469187400001, 21.60853970000005], [92.146348376, 21.609520084000167], [92.14558695400007, 21.610805446000086], [92.14536814000007, 21.6109633370001], [92.14455798200004, 21.611547920000078], [92.14372690300007, 21.612531657000034], [92.14278756200008, 21.614975190000166], [92.14221269100005, 21.615653102000124], [92.13917078800017, 21.616604337000012], [92.13587319000015, 21.617861321000134], [92.13451623200012, 21.618388967000044], [92.13338372600003, 21.618830330000094], [92.1319943690001, 21.619371779], [92.13173942500015, 21.61976866499998], [92.13116819700014, 21.62065791600014], [92.13007233000013, 21.62137633700013], [92.12955815900017, 21.621712533999982], [92.12885638100016, 21.622633596000185], [92.12837129299999, 21.623513498000136], [92.12616648800008, 21.625465197000096], [92.12546800900014, 21.625904130000038], [92.12468493500018, 21.626396217000035], [92.1233514760001, 21.626627723000183], [92.12317236900009, 21.626658817000077], [92.12280398400009, 21.626722771], [92.12124923900012, 21.627108359000147], [92.11813023100018, 21.627270052000085], [92.1171196620001, 21.627358815000093], [92.11650673400004, 21.62741264800019], [92.11410816600016, 21.62792856700014], [92.11281701200011, 21.62855228800015], [92.1115966210001, 21.62960178900005], [92.1108645810001, 21.630468449000148], [92.1107658150001, 21.63058537600017], [92.11039360600012, 21.631806962000155], [92.10986860900016, 21.63241872800012], [92.10949844900006, 21.632850061000056], [92.10822166500009, 21.634509814000126], [92.10707430100001, 21.636104707000015], [92.10623812600005, 21.636722610999982], [92.10513388700008, 21.63679756300013], [92.10409334700012, 21.636810744000115], [92.10233641800016, 21.63671107800019], [92.10135841700014, 21.636540583000055], [92.099862787, 21.63655949499997], [92.09947817099999, 21.636930092], [92.09903362100016, 21.637664924999967], [92.09918680000015, 21.638405749000185], [92.0997681720001, 21.63899215700019], [92.10074443000008, 21.639040770000065], [92.10184519300009, 21.638724323000076], [92.10288161700004, 21.638467382000044], [92.10366203400008, 21.638457501000175], [92.10464181800012, 21.638749871000016], [92.10511013100006, 21.63965601500007], [92.105650675, 21.64104663300003], [92.10618800800017, 21.642256678000024], [92.10730435700009, 21.64297172800002], [92.10853398400013, 21.64259038700004], [92.1112616910001, 21.64231417200017], [92.11213096300008, 21.64257213500008], [92.11263317000015, 21.642721165000182], [92.11282167000013, 21.64282912500005], [92.11387871900013, 21.643434525000032], [92.11428161600014, 21.64393821200008], [92.11493880300009, 21.644759793000105], [92.11580775100003, 21.646390008000083], [92.11581443400013, 21.64650618700017], [92.11589508400004, 21.647908268000094], [92.11591371300011, 21.649185837], [92.11579897500019, 21.650219026000173], [92.11503981100009, 21.650722486000063], [92.11476811200009, 21.650902669000175], [92.11398852500014, 21.65097355200004], [92.11361973300018, 21.65089203300016], [92.11346703500016, 21.650858280000136], [92.11326880000018, 21.650677936000136], [92.11303196500006, 21.650652789000105], [92.11279414000018, 21.650627537000105], [92.1123550160001, 21.650758112000176], [92.11067636100017, 21.651257256000065], [92.10834437500012, 21.651896439000154], [92.10717394700009, 21.651911298000016], [92.10639169300003, 21.65179931000017], [92.10515518900007, 21.651754037000046], [92.10450508399998, 21.65176228100006], [92.10327356900018, 21.652019452000104], [92.10217125600019, 21.652277233], [92.10195742900015, 21.652395080000076], [92.10171965300003, 21.652526774000137], [92.1017892590001, 21.652830674000086], [92.10212076200008, 21.65325091], [92.10297291500012, 21.65372776300012], [92.10460907400005, 21.654436243000134], [92.1062461320002, 21.655205648000106], [92.10768823400014, 21.655977511000117], [92.10826160900007, 21.656411714000058], [92.10847696100012, 21.656574795000154], [92.10855098000008, 21.657181152000135], [92.10856335100016, 21.65803211500014], [92.10857749000013, 21.659004969000136], [92.1085916340001, 21.659977821000155], [92.10905916600007, 21.660823], [92.10984856500005, 21.661422524000045], [92.110568306, 21.661715894000167], [92.11124109000008, 21.661640834000025], [92.1118016260001, 21.661578295000083], [92.11258042100013, 21.661448730000075], [92.11328048700017, 21.66165550700009], [92.113364473, 21.66168031400008], [92.1136326460001, 21.662225496000076], [92.11364179300006, 21.6623265020001], [92.11369866400003, 21.662954445000082], [92.11370964000008, 21.663075635000155], [92.11368244200014, 21.66333697800019], [92.11359577500014, 21.66416976700009], [92.11276391800016, 21.665092432000108], [92.112415623, 21.665397378000137], [92.11225711800012, 21.66553615400005], [92.11222002099998, 21.665568634000124], [92.11205743800014, 21.665710981000075], [92.1116693580002, 21.66593445300009], [92.11141196200003, 21.66608266999998], [92.11063200600017, 21.666092592000098], [92.11018215100012, 21.666464047000034], [92.11020315100012, 21.666589722000026], [92.11021773000016, 21.666676971000072], [92.11025292100015, 21.66688757800017], [92.11039129900001, 21.667434416000106], [92.11039433600018, 21.667642989000058], [92.11040457500008, 21.66834632300015], [92.11015822000019, 21.668549115000076], [92.11013472600001, 21.668568454000138], [92.10950481600014, 21.669086973000162], [92.10859621500003, 21.66922043300019], [92.10850984200005, 21.669201364000116], [92.10846062200005, 21.66919049800009], [92.10821428800011, 21.66913611500013], [92.10755189800005, 21.668989877000115], [92.10676838400002, 21.668756007000127], [92.10526626500018, 21.66835064100013], [92.1042871590002, 21.66811923700004], [92.10363167700012, 21.667761814000187], [92.10265437400017, 21.66765454800003], [92.10219919100007, 21.667660313000056], [92.10207201500003, 21.667842535000034], [92.10207820000011, 21.66826914700016], [92.10247522499998, 21.668749505000108], [92.10302445500014, 21.669106754000097], [92.10304994600006, 21.66912333600004], [92.10327919600019, 21.66927245100004], [92.10331091100005, 21.66929307900017], [92.1033944400001, 21.669347411000047], [92.10496647000014, 21.670117642000093], [92.10523459700005, 21.670660583000142], [92.10583166700007, 21.671443170000146], [92.10603902600008, 21.672291659999985], [92.10572687500013, 21.673207699000045], [92.10539645500012, 21.6739016410001], [92.10534835200014, 21.67400266700008], [92.10490173500006, 21.674768770000128], [92.104776873, 21.674982951], [92.1046558910001, 21.67559178500011], [92.10455253300012, 21.675895450000098], [92.10395097400016, 21.67766281300004], [92.10359548900016, 21.678707199000144], [92.10341548900016, 21.679743470000176], [92.10327401300003, 21.680016509000097], [92.10323243100015, 21.680096759000037], [92.10316232200012, 21.68023206700019], [92.10225276000017, 21.680304554000088], [92.10189522200005, 21.680309087000182], [92.10160192300003, 21.68031280400004], [92.10151493000006, 21.68007842200018], [92.10146772500013, 21.679951236000136], [92.10074876100015, 21.679777266000144], [92.09867292000007, 21.680167022000035], [92.09744760800015, 21.68091173500011], [92.09735959500006, 21.68133067200006], [92.09733547600007, 21.681445476000135], [92.09720412100012, 21.68207071400019], [92.09693009800014, 21.68230180800009], [92.0966904620002, 21.682503900000142], [92.09565484300003, 21.682880468], [92.09506627700017, 21.68264407999999], [92.09485354200007, 21.682673858000157], [92.09479329700014, 21.682683651], [92.09461192600014, 21.682710774000043], [92.09429442800018, 21.683263388000114], [92.09450524000005, 21.684353415000146], [92.09484898100015, 21.68492429600002], [92.09530526700007, 21.685682079000117], [92.09655614500019, 21.68670026100017], [92.09839228100003, 21.687447511000187], [92.0985562950001, 21.68751425800008], [92.09858447100015, 21.687525725000057], [92.09896030000004, 21.687725793000084], [92.09969878700014, 21.688118916], [92.10010293400012, 21.689086831999987], [92.10089685100013, 21.689988852000056], [92.10168196799998, 21.690283679000174], [92.10237129500013, 21.690358038], [92.1025871280001, 21.69038131999997], [92.10318016900004, 21.690445289000024], [92.1037045, 21.690561038000112], [92.10448575300006, 21.690733500000192], [92.10484099600006, 21.69096365700011], [92.10540509300012, 21.691329124000106], [92.10588009600008, 21.692047165000076], [92.10600342700008, 21.69223359900002], [92.10589852200019, 21.69350762600004], [92.1058956440001, 21.69354258500016], [92.10589307600009, 21.693573764000178], [92.1054671070001, 21.694608144000142], [92.10545223300011, 21.69464426200011], [92.10539337400013, 21.694787187000145], [92.10519158300002, 21.695740644000068], [92.1051826420001, 21.695783214000187], [92.10514682600018, 21.69595373300018], [92.10498878200008, 21.696072486000162], [92.10493594600013, 21.696112187000153], [92.10484156100006, 21.69618337100019], [92.10398840700014, 21.696819560000165], [92.10387095400012, 21.6976721690001], [92.104596635, 21.698288014000127], [92.10485909300007, 21.698510745000192], [92.10565955200013, 21.699898037000025], [92.10651448700008, 21.70117262000008], [92.10659048700018, 21.701285924000047], [92.10704406300005, 21.701766889000112], [92.10738362900003, 21.702126955999972], [92.1092048340002, 21.702996352000184], [92.10974213900016, 21.703252841000165], [92.11078518300013, 21.70342016900014], [92.11176187300009, 21.703468682000164], [92.11305071800007, 21.702601134000133], [92.11407791500005, 21.70186002500003], [92.11423456400013, 21.70174700399997], [92.11459563200003, 21.701486494000108], [92.11524862600004, 21.701661027000057], [92.11590785700014, 21.702262163000057], [92.11611769100011, 21.70323025000016], [92.11626441500016, 21.704384266999966], [92.1164075760002, 21.705294506000087], [92.11648702000019, 21.706266515000095], [92.11649236900018, 21.706632178000064], [92.11645895000015, 21.707124702000158], [92.11643870800009, 21.707423022000114], [92.11586067300016, 21.70791578700016], [92.11528206000014, 21.70841081599997], [92.1140492090002, 21.708607160000042], [92.11281756000017, 21.70892764600012], [92.11243811100013, 21.709661686000118], [92.11205805700013, 21.710395738000102], [92.11184362500012, 21.711173170999984], [92.11168749600006, 21.711739217000115], [92.11079724600012, 21.71314801700015], [92.10990523200007, 21.714437183000086], [92.10952954700014, 21.714995247000047], [92.10920467300008, 21.715477828000132], [92.10909080000016, 21.71657421500015], [92.10947731100009, 21.716860523000037], [92.10960854300009, 21.716788864000023], [92.10992496600011, 21.71656730100011], [92.11090239000015, 21.715882887000134], [92.11407104000011, 21.714564677000112], [92.11497727100004, 21.714250591999985], [92.11753460199998, 21.714217920000124], [92.11763402500014, 21.714216650000026], [92.11803471800016, 21.71421152700003], [92.11911797200008, 21.714880056000027], [92.11967611400007, 21.715224507000187], [92.1204246910001, 21.716158157000166], [92.12073680000009, 21.71654742400017], [92.12080181100004, 21.717904756], [92.12080375900001, 21.717945454000187], [92.12082995100008, 21.718492273000038], [92.12050313600014, 21.720255356000166], [92.12046836400009, 21.720442942000034], [92.11969730800007, 21.721121061000133], [92.1184044950001, 21.721683939000172], [92.11736692200014, 21.721941028], [92.11671918500014, 21.722132172000045], [92.11654457500003, 21.723531853999987], [92.11617686800008, 21.72415246600019], [92.11603645100013, 21.72438945900018], [92.11601131800006, 21.72440558400018], [92.11552032900005, 21.724700829000028], [92.11480970600013, 21.725012425000045], [92.11403506900007, 21.725449], [92.11308043500014, 21.726919593000105], [92.11307455000008, 21.726979903000085], [92.11296748300003, 21.728076923000117], [92.11325023800009, 21.728989897000133], [92.11442222000005, 21.72969962000019], [92.11568162600014, 21.73126384400007], [92.11568340900004, 21.731385729000124], [92.1158829490002, 21.731687955000098], [92.11653933300016, 21.732043036999983], [92.11699739200014, 21.73222004600018], [92.11745723900009, 21.732518938], [92.11779017300012, 21.733061015000033], [92.11792598800002, 21.73342500500013], [92.11793399300007, 21.733971238000095], [92.1177442730002, 21.7343393970001], [92.11762003400014, 21.734765413], [92.117170897, 21.73519784100006], [92.11573949200016, 21.735216143000173], [92.11456417000005, 21.73523116299998], [92.1143733150002, 21.73523360000013], [92.11352865000003, 21.735305342000174], [92.11288599300002, 21.73564236599998], [92.11281826100014, 21.735677886000076], [92.11277741300012, 21.735756770000023], [92.11243815, 21.736411940000096], [92.11254613700015, 21.736860832000104], [92.1126154320001, 21.737148892000107], [92.11271536300012, 21.737564289000147], [92.11331367000014, 21.73840776300011], [92.11370130900019, 21.7386597200001], [92.1137735310001, 21.738706662000027], [92.11475046100014, 21.738755137000055], [92.11514007200009, 21.73871178200011], [92.11598442400015, 21.738617459000068], [92.11715465400016, 21.73854153600007], [92.11855150300005, 21.73797732500003], [92.11870764500014, 21.73791437100016], [92.11916471600006, 21.737664529000085], [92.12019207000014, 21.737102952000043], [92.12124271000005, 21.736577017000172], [92.12193653200006, 21.736229487000173], [92.12211866000001, 21.736179444000015], [92.12355678600017, 21.73578428100012], [92.12407803700006, 21.735759494000092], [92.12531222600012, 21.735700797000106], [92.12693960500002, 21.735740847000045], [92.12804995300007, 21.73603134800004], [92.12967733400018, 21.73607137000016], [92.13084752500009, 21.735995356000046], [92.13155783000013, 21.735620483000048], [92.13178684000007, 21.735543034000102], [92.13324146500008, 21.735052461000123], [92.13454149600011, 21.734974745999978], [92.1349376300002, 21.735333107000088], [92.1354591430001, 21.73538733300012], [92.13604167800008, 21.735196953000184], [92.13651204900015, 21.73446077200009], [92.13673851200014, 21.733912433000114], [92.13725461400003, 21.733601000000192], [92.1386216570001, 21.73364429800006], [92.13979362200018, 21.73369010500005], [92.14044678700014, 21.73386452300008], [92.14129593400014, 21.734097358000042], [92.14234795800013, 21.73481293900005], [92.14352351700012, 21.735100232000093], [92.14456594300003, 21.735208638000188], [92.14684255500015, 21.735118170000135], [92.14782247300019, 21.73541022900008], [92.15062362500015, 21.735617670000067], [92.15093357800015, 21.735613643000022], [92.1524457590001, 21.735593986000083], [92.1526528830002, 21.735540019000155], [92.15271332900005, 21.735524269999985], [92.15367690800008, 21.73527320200003], [92.15471358000008, 21.73495494100007], [92.15568865700004, 21.73488129000009], [92.15634002200017, 21.73493376000016], [92.15693434800016, 21.735535553000148], [92.15700176500013, 21.735829309999986], [92.15714303900012, 21.736444882000114], [92.157218242, 21.73711213600012], [92.15722821800011, 21.73778023800014], [92.15769813600014, 21.738747115000137], [92.15822600400008, 21.73922560300008], [92.15875300000016, 21.73964540600008], [92.15908427700015, 21.740065500000014], [92.15915679300008, 21.74055218500007], [92.15890555700008, 21.741162741000153], [92.15871775800008, 21.741652819000024], [92.15872592200009, 21.742199038000024], [92.158342125, 21.74263071900009], [92.1578867240001, 21.74263665800015], [92.1574932150001, 21.742458929000122], [92.15683999600014, 21.74228458300007], [92.15605631900007, 21.742111937000175], [92.15520801600013, 21.741940123000177], [92.15475170700012, 21.74188511500006], [92.15417462800008, 21.742441211000028], [92.15405413300016, 21.743111014000135], [92.15394332800014, 21.74439022500019], [92.15389711600005, 21.745666342], [92.15447070500016, 21.74677861600003], [92.15476810800016, 21.747357190000116], [92.15552355700004, 21.748774859000093], [92.15644191600006, 21.75049819900005], [92.1575489650001, 21.753270682], [92.15767398300017, 21.753583766000133], [92.15847043200006, 21.755578297000056], [92.15901565100012, 21.757131140000013], [92.16016987100005, 21.76041884400007], [92.16049342600013, 21.76109795400015], [92.16158087700012, 21.763380349999977], [92.16181573500018, 21.76475295500012], [92.16215168100007, 21.76671629300006], [92.16255279500007, 21.76817859199997], [92.16263358700019, 21.768473122000046], [92.16336855800017, 21.76973901100007], [92.16416242000008, 21.770579709000174], [92.16468895000014, 21.77099948700004], [92.16511840300006, 21.7712715400001], [92.16534593400013, 21.77141529800008], [92.16573953400001, 21.771593], [92.16688239400008, 21.77196512300003], [92.16879518899998, 21.772537803000148], [92.1691261840001, 21.77319004500015], [92.1697896440001, 21.773933947000046], [92.17064545900013, 21.774711158000116], [92.17130569700004, 21.775240063000126], [92.17188705700005, 21.775626649000117], [92.17289148100019, 21.776079347000064], [92.17389591100016, 21.776532039000074], [92.17459128800004, 21.776845437000077], [92.1755206250001, 21.777406621000125], [92.17606364300008, 21.777793696000117], [92.17668825599998, 21.7785022380001], [92.17707999600009, 21.7790346540001], [92.17755441700018, 21.77996020100005], [92.17763980300015, 21.78053249000004], [92.1776544170001, 21.781499934000124], [92.17724595300007, 21.782401276000144], [92.17664620700015, 21.78334097600009], [92.17638631700015, 21.783917814000176], [92.1762804240002, 21.784528462000083], [92.17629823200008, 21.785199599000123], [92.17634521400004, 21.78560037000011], [92.17672101400007, 21.78609237900008], [92.17742679400016, 21.78675206100013], [92.17893489900018, 21.787687867000102], [92.18002599100004, 21.788113089000092], [92.18084791100017, 21.78833160700009], [92.18123754300007, 21.788383804000034], [92.18172861300002, 21.788377320000052], [92.18199460900018, 21.788373806000095], [92.1823176470001, 21.78808283300009], [92.1827781250002, 21.787407768000094], [92.18277745600005, 21.78601247400013], [92.18241506800007, 21.78370449700003], [92.18223084100003, 21.782349853000028], [92.1822701110001, 21.78122640099997], [92.18222206400009, 21.780080210999984], [92.18225768500014, 21.779391644000157], [92.18247310600009, 21.778413998000076], [92.1827375960001, 21.77763639700015], [92.18307750600019, 21.776771788000076], [92.18334871900015, 21.776438493000114], [92.18397111900015, 21.775985875000174], [92.18494253100005, 21.775270605000117], [92.1862100410001, 21.774852456000076], [92.18773296100017, 21.77407253500013], [92.1886017170001, 21.773673981], [92.18930494400013, 21.77349264500009], [92.19030275700015, 21.773508096000057], [92.19082333200015, 21.77360562900003], [92.19107077500013, 21.773887658000035], [92.19122683200015, 21.774057612000036], [92.19149073400013, 21.77425480700009], [92.19180023500007, 21.77442272600007], [92.19201723400016, 21.774563201000035], [92.1922022390001, 21.774618088000068], [92.19234033800007, 21.774616257], [92.19247778300019, 21.774571428000115], [92.19256919600019, 21.774527209000098], [92.19273711200003, 21.774467641000115], [92.19289099100007, 21.774494270000105], [92.19309068600018, 21.77450595600004], [92.19338331800003, 21.774573749000012], [92.19368032700004, 21.774735660000033], [92.19392858400005, 21.7754329710001], [92.19403060300004, 21.775829461], [92.194057951, 21.776370212000074], [92.1939067200002, 21.777340502000072], [92.1937777010001, 21.777462443000104], [92.19363855500012, 21.777731881000022], [92.19355477300013, 21.778277733000095], [92.19342992500009, 21.778814571999987], [92.19322811400019, 21.779316623000057], [92.19326828200013, 21.779985442000054], [92.19337605200019, 21.780285836000076], [92.1937250840001, 21.781258701000183], [92.1938121290001, 21.78149909600006], [92.19386173000004, 21.781674072000158], [92.1942246270001, 21.78295421700011], [92.19450813800006, 21.784469745000138], [92.19530132800014, 21.785249329000123], [92.19553605800019, 21.78542191300005], [92.19601824900019, 21.78577644000012], [92.19616655600015, 21.785885481000037], [92.19628645800009, 21.785973636000108], [92.196354326, 21.78602544900002], [92.19759194700003, 21.786069946999987], [92.19843589200013, 21.785936812000102], [92.19927676000009, 21.7855621650001], [92.2006358930002, 21.78505645200005], [92.20212862700004, 21.784792753000033], [92.2023630330001, 21.78478149300014], [92.20379058500009, 21.78471291700015], [92.20381992800009, 21.784711507000054], [92.20544594500006, 21.78462885800002], [92.20632689700011, 21.78490284700007], [92.20642159500017, 21.784932299], [92.20647294700012, 21.78494827000003], [92.20675436000005, 21.785035792000144], [92.20712036600014, 21.78512844900007], [92.20744591800008, 21.785210866000057], [92.2085839340001, 21.785498954000104], [92.20891840200005, 21.785627378000072], [92.20995887700008, 21.78602687600005], [92.21074209800014, 21.78610089200015], [92.21165388499998, 21.786187052000173], [92.212642642, 21.787024877000135], [92.21270147899997, 21.78737465500012], [92.21278575400015, 21.787875652000082], [92.21250776300013, 21.788904895000087], [92.21228689100013, 21.789278080000145], [92.21178197800003, 21.790318765], [92.21114154900005, 21.79099555000016], [92.21085362900004, 21.79130934500006], [92.21018107900017, 21.792042328000036], [92.20984986600001, 21.79236030300018], [92.20942359500003, 21.792769534], [92.20883405000018, 21.793338072000154], [92.20844675100005, 21.794010130000174], [92.20828780100004, 21.794285945000183], [92.20820011100005, 21.794436766000103], [92.20803104800018, 21.796141163000186], [92.20825135600012, 21.79777940000008], [92.20826440200011, 21.798630293000087], [92.20792784200017, 21.799240411000085], [92.20775756400013, 21.799549091000074], [92.20628983000017, 21.80145370100007], [92.20556803200014, 21.80264348000003], [92.20481128700015, 21.803890842000044], [92.20476549900008, 21.80396631600007], [92.20456463000005, 21.804330850000042], [92.20425922300012, 21.804885097000124], [92.2041520030001, 21.80640806800011], [92.20444498400013, 21.808530700000063], [92.20518801000014, 21.81028386300011], [92.20558952700003, 21.811007661000133], [92.20594130000012, 21.81270509500007], [92.20595714500007, 21.813738809000142], [92.20597112000007, 21.814650639000092], [92.205848973, 21.815198581000118], [92.20576348700007, 21.81537806200015], [92.20547075899998, 21.815996009], [92.20542136800009, 21.81605015600013], [92.20502257500004, 21.816487355], [92.20431163500018, 21.816754386000184], [92.20418126100009, 21.816803354000115], [92.20314785500017, 21.81736346000008], [92.20237828800003, 21.81810289900011], [92.2018204540002, 21.818782783000017], [92.20141944800008, 21.819271520000086], [92.20032508300005, 21.820076234000055], [92.2003076520001, 21.820121617000154], [92.19994898400012, 21.8210542220001], [92.19983580000013, 21.822150611000154], [92.19958649600011, 21.822883099000023], [92.1985567530001, 21.823686943000098], [92.19791146700015, 21.82405899400004], [92.1970645070001, 21.82400932200005], [92.19608332600018, 21.823719885000173], [92.19550867800007, 21.82363280600015], [92.19497405000004, 21.82355179000018], [92.19451192999998, 21.823133530000064], [92.19373056400019, 21.82314392300009], [92.19314406100005, 21.823090768000043], [92.19274936000016, 21.822852204000014], [92.192159146, 21.822555289000093], [92.19202490000009, 21.82231326100009], [92.19175890900004, 21.821953342000086], [92.1915553990001, 21.821409734000042], [92.1915461160001, 21.82080033400007], [92.19133796700004, 21.819952025000134], [92.1912988260001, 21.81986781100011], [92.19100115100002, 21.819227331000036], [92.18976291800016, 21.81912186300019], [92.18923463400017, 21.818643512000165], [92.18883410100017, 21.817980608000028], [92.18830950000017, 21.81774375600014], [92.18752908500016, 21.817815055000096], [92.18734035000011, 21.818241967000063], [92.18735143300006, 21.81897099100013], [92.18735203600016, 21.819010625000033], [92.18736255400017, 21.81970226900006], [92.18737730900006, 21.820672798000032], [92.18739024800016, 21.821523697000146], [92.1875346430001, 21.82243380900013], [92.18768307100015, 21.82364863100014], [92.18776035100012, 21.8244377260001], [92.18770029400002, 21.82482294800019], [92.18763544900008, 21.825238871000067], [92.1875229960001, 21.825960165000083], [92.18683646000017, 21.827915224000094], [92.18645347800009, 21.828407921000064], [92.18521915600007, 21.828604875000053], [92.18431060000006, 21.82879976900017], [92.18360001700017, 21.82917488800001], [92.18243835100014, 21.82985848300001], [92.1815408430001, 21.830782382000166], [92.18132871600005, 21.83103124300004], [92.18096476400018, 21.831458220000115], [92.18084773600009, 21.832310843000073], [92.18105307600018, 21.832976347000056], [92.18151338000007, 21.83327502200018], [92.18203525700017, 21.833329070000048], [92.18319232500016, 21.832340778000173], [92.183572589, 21.83166752700015], [92.18395836500014, 21.831357655999966], [92.1849377640001, 21.83152754100007], [92.18494606500013, 21.832073746000106], [92.1849571780001, 21.832805025000084], [92.18497563300014, 21.83401931100002], [92.18499146800008, 21.83506115199998], [92.18499412300002, 21.835235854000075], [92.18507970500019, 21.836571156000048], [92.18561823900018, 21.837719854000056], [92.1856720720001, 21.837894296000115], [92.1858236110001, 21.838385347000155], [92.18543967100015, 21.838817102000064], [92.18460494900017, 21.83961828500003], [92.1844925380002, 21.8407733520001], [92.18495843600004, 21.84143765300007], [92.1852355370001, 21.842526606000035], [92.18576853700017, 21.843309662000024], [92.18550274800009, 21.843799447000094], [92.18499354100015, 21.843746598999985], [92.18362547400005, 21.84370377400012], [92.18226295700003, 21.84402657700008], [92.18181183200011, 21.844335052000133], [92.18123111600016, 21.8447084500001], [92.18005733300015, 21.84460207100011], [92.17842968000019, 21.844623587000115], [92.17687007000012, 21.844827047000024], [92.17639065200007, 21.844833377000043], [92.1761538510001, 21.844836503000124], [92.1749773000002, 21.844547264000084], [92.173922435, 21.84371010400008], [92.17306617200018, 21.843053168000097], [92.17247406100012, 21.84263430300018], [92.17129940800015, 21.842469178999977], [92.17077197600003, 21.842049455000108], [92.17069660900012, 21.84138222500013], [92.17114130900012, 21.840647195000088], [92.17164390600004, 21.839423783000086], [92.1714339940001, 21.838453561000108], [92.17090477, 21.83791421500007], [92.17018033700003, 21.837377434000132], [92.17012594000005, 21.837272470000187], [92.16971087500008, 21.836471578000157], [92.1693094150001, 21.835745427], [92.16930117200019, 21.835199219000117], [92.16935851600016, 21.834713101000034], [92.16954421300017, 21.834040176000087], [92.16969864800006, 21.83384248200008], [92.16992730600015, 21.833549773000072], [92.17056719400017, 21.832812178000097], [92.17199767400001, 21.832671440000126], [92.17238348300009, 21.832361596000112], [92.1730270760001, 21.83132875299998], [92.17314655700017, 21.83113700700011], [92.17312294800007, 21.83080748800012], [92.17306382300006, 21.829982252000036], [92.172853, 21.82895109200018], [92.17302108700005, 21.828149382000106], [92.17309600600015, 21.827792047000116], [92.17319468900001, 21.827713144000086], [92.17386823200007, 21.827174604999982], [92.17389875900005, 21.827162148000127], [92.1750973520002, 21.82667303900007], [92.17632703300006, 21.826169200000038], [92.17703396700011, 21.825552605000098], [92.17787082500007, 21.82493429100009], [92.17784963600019, 21.823534921000146], [92.17789190400009, 21.82201506300015], [92.17821906900008, 21.821527815000138], [92.17859235200018, 21.820971879000126], [92.17988204900018, 21.820164722000072], [92.17993534400006, 21.819373891999987], [92.18037993299998, 21.818638846000113], [92.18029715799997, 21.81748409900007], [92.17995916000007, 21.81663748699998], [92.17981482100015, 21.815727362000075], [92.17994195900019, 21.815386300000114], [92.18006514500007, 21.815055835000067], [92.18089607000019, 21.814010922000023], [92.18068554500007, 21.813040721000107], [92.17988828400007, 21.81195862200019], [92.1796783740001, 21.810988411000096], [92.17975410200017, 21.810686787], [92.17992347300009, 21.810012190000066], [92.1810157290002, 21.809024779000026], [92.18110411900005, 21.808892239000045], [92.18158835200006, 21.808166133000043], [92.18281049700005, 21.807176995000077], [92.18286192900018, 21.806264285000054], [92.18285272200006, 21.80565713900006], [92.18265140800008, 21.80529408400014], [92.18180363100004, 21.805183387000113], [92.18140686600015, 21.80476421999998], [92.18132751200017, 21.804484667000054], [92.18120065500005, 21.804037771000026], [92.18118684100017, 21.80312592100006], [92.18163227100007, 21.802449557000045], [92.18240560900011, 21.802116937000108], [92.18279650300013, 21.80194880700003], [92.18331304200012, 21.801698169000076], [92.18467242400015, 21.801194827000188], [92.18577379900006, 21.800814535000143], [92.18667388500012, 21.800073447000102], [92.18678535100008, 21.79885743500006], [92.18663327700011, 21.79739884900016], [92.18661943400014, 21.796487002000106], [92.18666992000004, 21.795513351000125], [92.1868122050002, 21.7940810770001], [92.18683923700013, 21.793808955000145], [92.18729894000006, 21.792845726999985], [92.18739435700002, 21.79264579500017], [92.18798676400013, 21.79310711200003], [92.18830757000018, 21.793356926000115], [92.18899078800007, 21.7925259860001], [92.18990198100005, 21.791883157000143], [92.19083624100006, 21.791412040000125], [92.19105488500003, 21.791252826000118], [92.19158400500015, 21.790792885000144], [92.19151157800007, 21.790067528000066], [92.19096688300004, 21.789287492000028], [92.19081368900015, 21.78858592000006], [92.19077289100017, 21.787248502000068], [92.19084144700014, 21.785812484000076], [92.19085050300004, 21.785622810000064], [92.19093631300018, 21.783863215], [92.19049344900014, 21.78384114300013], [92.19051262900012, 21.783769331000087], [92.19058781200005, 21.78348784400015], [92.1906003630001, 21.78190564500005], [92.19112227500011, 21.78006893900016], [92.19135693800007, 21.779330928000093], [92.19163964200004, 21.778441821000172], [92.19167326600012, 21.778347535000023], [92.19182292300019, 21.777934565000123], [92.19207158000006, 21.777128492000145], [92.19213631900016, 21.776339194000172], [92.19197350400009, 21.775724938000167], [92.1916629120002, 21.77548535700015], [92.19133850000014, 21.775346306000074], [92.19087642400012, 21.775237749000098], [92.19023615700019, 21.775272552000047], [92.1897805440002, 21.77526529400012], [92.18865600800007, 21.775327973000117], [92.18734664300018, 21.7757549910001], [92.18714407700014, 21.77582105200014], [92.18585065300005, 21.77655492800011], [92.18483829000019, 21.77778927700018], [92.18413988200012, 21.778952096000182], [92.18396318000009, 21.780171226000164], [92.18390083800011, 21.780642421000152], [92.1845093930001, 21.780939630000148], [92.18456763400019, 21.781817564000164], [92.18482515300008, 21.78346733100011], [92.18485106100013, 21.78363330100018], [92.18486229300015, 21.783705929000178], [92.18499298900014, 21.785577346000025], [92.1849957030002, 21.78710640600002], [92.18471794200019, 21.787683493000088], [92.18391137000009, 21.788477819000093], [92.18380218200008, 21.788532411000176], [92.18298956199999, 21.788938703000042], [92.18280230700003, 21.789139025999987], [92.18265891800019, 21.789294474000087], [92.18196467900003, 21.790047101000084], [92.18054074000008, 21.79055126700007], [92.17884660400006, 21.7904517180001], [92.17715158200014, 21.79029346600015], [92.17603521400014, 21.789637696000057], [92.17550525100006, 21.789037405000045], [92.17534592600015, 21.788803192000103], [92.17497253300007, 21.78825428800019], [92.17443338400011, 21.787044586000093], [92.17422264300018, 21.78601341900014], [92.17420064700013, 21.784555355000066], [92.17338802200015, 21.78243946499998], [92.17206317000011, 21.78093532000014], [92.16994044400019, 21.779716962000066], [92.16937152200018, 21.779390415000137], [92.1674714190001, 21.778564261000156], [92.1666765760001, 21.77766264500019], [92.166529358, 21.7765109770001], [92.16637146700003, 21.774688968000078], [92.1657723850002, 21.77378477800005], [92.16478791100008, 21.77324909700002], [92.16470917700013, 21.773195144000113], [92.16452482100016, 21.773067275000074], [92.16381444100017, 21.773442295000052], [92.1625875380002, 21.774065627000084], [92.16073556100014, 21.775019843000166], [92.1606544220001, 21.775061649000065], [92.16006728000019, 21.77531539200004], [92.15909980900017, 21.77587435900017], [92.15813628600011, 21.77673803500005], [92.156970355, 21.777118976000054], [92.15632335700013, 21.777371233000054], [92.15567210500006, 21.77737972800014], [92.15541260700007, 21.777313941000102], [92.15475743600018, 21.777147842000147], [92.15448889400017, 21.776605020000147], [92.15369383299998, 21.775642382000058], [92.15323013400007, 21.775099841000042], [92.15291504300006, 21.774959465000165], [92.15270577900014, 21.774865115000182], [92.15250291200016, 21.774876791000054], [92.151470039, 21.77494216700012], [92.14997632300009, 21.77514220500018], [92.14796218600014, 21.775412209000137], [92.14744385200004, 21.77554085100013], [92.14575351000019, 21.775684717000104], [92.14433076300014, 21.776310460000104], [92.14349224200015, 21.776808960000153], [92.1431783610002, 21.777603176000127], [92.14319022199999, 21.77840104700016], [92.14319460100012, 21.77869561900019], [92.14307735900019, 21.77954823500005], [92.1430504870001, 21.779613539000138], [92.1429688770001, 21.779811859000176], [92.1427000320001, 21.780465178000156], [92.14244960700012, 21.781138918000124], [92.141626369, 21.782668922000084], [92.141512739, 21.78376530800017], [92.14110572700008, 21.784292192000066], [92.14004357600004, 21.785667140000157], [92.13959797000012, 21.786343410000143], [92.13849893000014, 21.78684301300018], [92.13765609700016, 21.787097737000124], [92.13662140800005, 21.787535536], [92.1363709420001, 21.78820926999998], [92.13605067600008, 21.78857687700014], [92.1359315850001, 21.789307608000115], [92.13595142400004, 21.790646082000023], [92.13596852400002, 21.791799470000058], [92.1354612230001, 21.792718082000192], [92.13469169500019, 21.79351817500003], [92.13385662500019, 21.794260416999975], [92.13301431100012, 21.794512854], [92.13195035700005, 21.794612380000103], [92.13151888200014, 21.794654072000128], [92.13054247700006, 21.794666668000104], [92.1284570590002, 21.794510694], [92.12721638900018, 21.794224159], [92.12663193400005, 21.793930077000027], [92.12564404100016, 21.793576164000115], [92.12505406800005, 21.793278985000143], [92.12484635900006, 21.792430555000124], [92.12484322500012, 21.79221811800005], [92.12484262599997, 21.792177476000063], [92.12484095700012, 21.792064363], [92.12483740400012, 21.791823386999965], [92.12431788900017, 21.79105797800014], [92.12345275500019, 21.79062436200013], [92.12215070700012, 21.79064110000013], [92.12180749200002, 21.790625430999967], [92.12161874100013, 21.790616812000053], [92.12124595400013, 21.7905997900001], [92.12110878000016, 21.79059352500019], [92.1190171820001, 21.790013088000023], [92.1171916290001, 21.789853628000174], [92.11524125900007, 21.79000052200007], [92.1141349720001, 21.790014688000156], [92.11316213000003, 21.79026869000006], [92.11205702400008, 21.790404733], [92.11114411600005, 21.790294497000104], [92.1104853920001, 21.789756574000137], [92.11034570400011, 21.789090115000135], [92.11007815600016, 21.78860589600015], [92.10961904400017, 21.788370198000166], [92.1087752470001, 21.788563841000098], [92.10793558000017, 21.78899898400016], [92.10729197000018, 21.789492564000113], [92.107223192, 21.789913356000113], [92.107112825, 21.790589782000154], [92.10693278400015, 21.791626053000186], [92.10675302900012, 21.792723274000082], [92.10663556600008, 21.793575883000017], [92.10651749700014, 21.794428498000116], [92.10600347000019, 21.79485947699999], [92.1040789770002, 21.796825530000035], [92.10391125700016, 21.797852604000127], [92.1038998030001, 21.79792274600004], [92.10370286900013, 21.798880212000086], [92.10347440400017, 21.79999611200003], [92.10358933300017, 21.80089805500012], [92.10362116600004, 21.801147871000182], [92.10376340500017, 21.802313237000135], [92.10376945700017, 21.8023628200001], [92.10384921600007, 21.803395779000027], [92.10372817200005, 21.80400461300013], [92.10308272300017, 21.80437856500015], [92.1024957410001, 21.80460572200002], [92.10211154000018, 21.804754404000107], [92.10081173200012, 21.804892857000084], [92.09996515500018, 21.80490362900008], [92.09943548600012, 21.804910364000023], [92.09911918100016, 21.804914385000075], [92.09897569000009, 21.804761823999968], [92.09872260700018, 21.80449274400013], [92.09864672000003, 21.803764507000153], [92.0982484070002, 21.803223231000118], [92.09778952800019, 21.803046195000036], [92.097204, 21.80305363300016], [92.09655587400005, 21.803244732000053], [92.09628736600007, 21.803284133000034], [92.0961011510002, 21.803311458000053], [92.09505940300016, 21.803324682000095], [92.09481082200011, 21.80331203200012], [92.09445759599998, 21.803294630000096], [92.09408203100008, 21.80327612500008], [92.09291036800005, 21.803290979000053], [92.0920854790001, 21.80359169700006], [92.09083806100011, 21.804046438000114], [92.08960965900008, 21.804608330000065], [92.08909408400012, 21.804980587000045], [92.08890282500005, 21.805003324999973], [92.08831607400009, 21.805076009000118], [92.0879894320002, 21.805116472], [92.08729716900007, 21.805218020000098], [92.08707995700019, 21.805249882000055], [92.08629686700004, 21.805137866], [92.08563988400016, 21.80471947900014], [92.0852003170001, 21.80462344100016], [92.08511727000007, 21.80460642700018], [92.08446647000005, 21.80461464800004], [92.08304401400011, 21.805300852000187], [92.08253981300004, 21.806460850000065], [92.08232152700015, 21.807156747000192], [92.08227178900012, 21.807315310000035], [92.08223177500014, 21.807442871000035], [92.08217014200011, 21.80763932500014], [92.08212449900014, 21.80778480800018], [92.08208974200005, 21.807895591000033], [92.08204180900009, 21.808049713000173], [92.08181335500018, 21.80844569600015], [92.081406786, 21.809150404000036], [92.08101817700009, 21.80927721200004], [92.0809366630001, 21.80928275600013], [92.08051703000012, 21.809312732000137], [92.08035300600005, 21.809324449000087], [92.08031317100006, 21.80932729400007], [92.08018760200002, 21.809336264000137], [92.0801164670001, 21.809341345000064], [92.07997725800004, 21.809351289], [92.07980637100019, 21.809393602000057], [92.07919915300005, 21.80954395500015], [92.07862175500009, 21.810158524000087], [92.07844061800012, 21.811133837000057], [92.07834980200005, 21.811557587000152], [92.07825771600005, 21.81198726000008], [92.07827007500009, 21.81284321200019], [92.07827053900013, 21.812875332000033], [92.07827264300016, 21.813021055999968], [92.07829225900014, 21.813168188000077], [92.07831901700007, 21.813368893000074], [92.07841837800004, 21.814114163000113], [92.07855809300014, 21.81483464500002], [92.07862381900009, 21.814907920000167], [92.07887434700018, 21.815166025999986], [92.07891090800013, 21.815203693], [92.07929890100013, 21.815603417000034], [92.0795509530002, 21.81586308800013], [92.0804040180002, 21.816337724000164], [92.08100894000012, 21.816937135000103], [92.0811306820001, 21.817057767000108], [92.08140257500014, 21.817844500000092], [92.08147781600002, 21.81857501600018], [92.08148660100017, 21.819182201000046], [92.0814335340001, 21.81933934300008], [92.08142458300017, 21.81936584900012], [92.08077632600009, 21.819554634000042], [92.08062892900006, 21.819556492], [92.0804213510001, 21.819559109000124], [92.08019012000005, 21.819562024000106], [92.07982013200018, 21.81972472100017], [92.07947838600018, 21.819875771000056], [92.07935462000006, 21.820304020000037], [92.0793660380001, 21.82109403800007], [92.07996659300017, 21.822120452000036], [92.08011818200015, 21.82235344500009], [92.08028459000008, 21.82260921400018], [92.08063239500018, 21.82314378500007], [92.08095747000016, 21.823402823000038], [92.08105686600004, 21.823482027000182], [92.08115951500008, 21.82356382300003], [92.081314582, 21.82368225500005], [92.08144739900007, 21.82378369300011], [92.08171619300015, 21.824202981000155], [92.0818393460001, 21.82439508500005], [92.08188903000013, 21.82447258500008], [92.08262179700012, 21.82561559500016], [92.08266342300016, 21.825730443000054], [92.083215719, 21.82725423800008], [92.08326036200009, 21.827377405000107], [92.08337510800015, 21.827683632000117], [92.08352740700008, 21.82788463600002], [92.08379300500019, 21.82823516600007], [92.08409818800016, 21.82863793900009], [92.0846882080001, 21.82893300300003], [92.08499360800016, 21.82892914300004], [92.08514390700003, 21.828927242000134], [92.08585835100018, 21.82879855600015], [92.08709107800013, 21.828478189], [92.0882629520001, 21.828463359000068], [92.08835747100005, 21.82848177900013], [92.08885198100006, 21.8285788500001], [92.08970501600004, 21.829113345], [92.09020862600016, 21.829570968000098], [92.09035126300017, 21.829700579000075], [92.09069493800007, 21.830012868000097], [92.09096807900005, 21.830921475000025], [92.09097404200008, 21.83099065000016], [92.090984294, 21.831109584000046], [92.09099261300008, 21.831206093000162], [92.09112514800012, 21.83274361800011], [92.09112921900004, 21.833023510000146], [92.09113841100009, 21.83365551600002], [92.09115344800017, 21.83468930500004], [92.09145935600009, 21.835045880000166], [92.09161711000019, 21.835229761000164], [92.09241009200008, 21.836009858000125], [92.09280940700012, 21.836614340999972], [92.09307963300012, 21.837279160000037], [92.09309379900003, 21.838252], [92.09272103200004, 21.839471314000036], [92.09268460000004, 21.83954880600004], [92.09240498100007, 21.840143571000112], [92.09195457000004, 21.84051501400006], [92.09065914100006, 21.84101908700012], [92.08976356000011, 21.842123113000127], [92.08912850600012, 21.843226091000076], [92.08883489700008, 21.84398836400004], [92.08856400500008, 21.84469165000013], [92.08838733900018, 21.845971683000073], [92.0885914000001, 21.846576391000042], [92.08905775200014, 21.847299683000188], [92.08913657500017, 21.848271706000048], [92.08894144100003, 21.849414844000137], [92.08889701000015, 21.849674450000123], [92.08885784200015, 21.849789013000077], [92.08852180800005, 21.85077187800016], [92.0878849410002, 21.851752969000074], [92.08777181600016, 21.85187957100004], [92.08711572900012, 21.852613821000034], [92.08583490500001, 21.85409069900004], [92.08533059300004, 21.855250711999986], [92.08536766399999, 21.85780358], [92.08544353600007, 21.85853182200003], [92.08577378800004, 21.858832417000144], [92.08636043100017, 21.858885946000044], [92.08720761600017, 21.85893617100004], [92.08786014900011, 21.85898886000001], [92.08819065400019, 21.859348142999977], [92.08820569000017, 21.86038192799998], [92.088224271, 21.86165948900009], [92.08800656400001, 21.862242257], [92.08772261500008, 21.863002337000182], [92.08722070300013, 21.864286494000112], [92.08704161000014, 21.86544239], [92.0873815970001, 21.866411102000086], [92.08746014600013, 21.867322172000115], [92.08708316000019, 21.86829997000001], [92.08637710000005, 21.868977161000032], [92.08547459100004, 21.869659094000042], [92.08543622000019, 21.870181083000148], [92.08542050000011, 21.870388981000133], [92.08575457100011, 21.870992043000115], [92.08647893800014, 21.87153146100013], [92.08687891199997, 21.872133686000154], [92.08727739900019, 21.872674971000095], [92.08741887200006, 21.873463336000043], [92.08737389600009, 21.873572267999975], [92.08716717100015, 21.874076071], [92.08671484600012, 21.874323365000066], [92.08615583300013, 21.874330448000023], [92.08606373100014, 21.874331615000187], [92.08560611700011, 21.87421550099998], [92.08514942400006, 21.874162587000058], [92.0848870850001, 21.874043999000037], [92.08436567200005, 21.87398964300013], [92.08410599100017, 21.874053884000034], [92.08404686100005, 21.874479060000056], [92.08399215800006, 21.875208952000037], [92.08401854200014, 21.87554830300013], [92.08407246900003, 21.87624191200007], [92.08421215900006, 21.876908393000065], [92.08409191400017, 21.87758041800015], [92.08410250600014, 21.87830948600009], [92.08410906600017, 21.878760919000058], [92.08411299000011, 21.879031045000033], [92.08411752600011, 21.879343271000096], [92.08426161600016, 21.88031221100016], [92.08466869700015, 21.88140198700006], [92.08483226300001, 21.881669181000177], [92.08491879800016, 21.88181054200004], [92.08493891900014, 21.881843410999977], [92.0850019400001, 21.881946358000107], [92.08515324100011, 21.883368983000082], [92.08517582200011, 21.884921914000074], [92.08516048400008, 21.88498669300003], [92.08493026500014, 21.885958999000025], [92.08441703000005, 21.8865118330001], [92.083838243, 21.88700680000011], [92.08260324800005, 21.887205298000026], [92.08172224999998, 21.88734527400004], [92.0813682120002, 21.887401523000165], [92.08071880400013, 21.887531643999978], [92.080289263, 21.88779040600008], [92.0802020430001, 21.887842949000117], [92.08017801300002, 21.888233931000116], [92.08017241700014, 21.888325006000116], [92.08014969400011, 21.88869472200014], [92.0804864480001, 21.889480623000054], [92.08056498100007, 21.8903917], [92.08038114700014, 21.891184177000127], [92.07928137900012, 21.891744412000037], [92.07882989800015, 21.892054890000168], [92.07740103500015, 21.892316751000067], [92.0771439790002, 21.89244059800012], [92.07623654400015, 21.89287778300013], [92.07572240000007, 21.89337191000004], [92.0752126340002, 21.894168496000077], [92.07509756600007, 21.895201669000187], [92.0748572600001, 21.895905367000182], [92.07478862699998, 21.896106345000078], [92.07446512400014, 21.896548396000185], [92.07336239600005, 21.896867069000166], [92.07325515600002, 21.896956787000136], [92.07284731300012, 21.897297988], [92.07261850000009, 21.89773987300009], [92.07253078500003, 21.89790926800015], [92.07222510600008, 21.899312829], [92.07178324600011, 21.90029141500014], [92.07155785000009, 21.900443543000108], [92.07004150200004, 21.901466973000083], [92.06975620600008, 21.90145151500002], [92.06873999600003, 21.90139645200003], [92.06821541100004, 21.901368025000068], [92.06788288200016, 21.901242798999988], [92.06618497900007, 21.900603376000106], [92.06504107200004, 21.900953682000136], [92.06499054900019, 21.900969154], [92.0649313890001, 21.90098727100019], [92.06410941900015, 21.90123898200011], [92.06288212400011, 21.90198358200007], [92.06270539100012, 21.902184467000097], [92.0621769390001, 21.902782583000032], [92.06216340600014, 21.903108178000082], [92.06212887200013, 21.903939083000182], [92.062149196, 21.904070668000145], [92.06234430199999, 21.905333838], [92.062467937, 21.90602177500017], [92.06262767900012, 21.906910609000192], [92.062503204, 21.907338855999967], [92.06251194700013, 21.90794604400014], [92.062546258, 21.908226986000102], [92.062586001, 21.90855240900015], [92.06285628800009, 21.909219529000097], [92.06299944000006, 21.910129804000178], [92.06301341300002, 21.910663328000055], [92.06269939300017, 21.91042028300012], [92.06228574300007, 21.910256148000144], [92.0619168290001, 21.91004856100011], [92.0615920240001, 21.90971173300011], [92.06144983300015, 21.90932972400003], [92.06103068000004, 21.908824757000104], [92.06061456600008, 21.908489073000055], [92.060455086, 21.90842851000008], [92.06037860500015, 21.908399466000162], [92.06002175600003, 21.908063037000147], [92.0598036090002, 21.907824205999987], [92.06001425900007, 21.90754162400009], [92.06005488900001, 21.90738082500019], [92.05988029400004, 21.907184342000164], [92.05949216300019, 21.907069547], [92.05893459700007, 21.907117167000024], [92.05881095300015, 21.907477673000187], [92.05881901100008, 21.908038346000126], [92.05882013400009, 21.90811646200001], [92.05882704600015, 21.908597245000124], [92.0588791610001, 21.909235496000065], [92.05888611200004, 21.909718894000093], [92.05889525900017, 21.910355069000047], [92.05899722300012, 21.911473563000072], [92.05901387300003, 21.91263150700013], [92.05895042500015, 21.914192308000054], [92.05879186900017, 21.915153777000114], [92.05858980700015, 21.91603451500015], [92.05808951900013, 21.917081536000182]]]}}, {"type": "Feature", "properties": {"adm3_name": "Coxs Bazar Sadar", "adm3_name1": null, "adm3_name2": null, "adm3_name3": null, "adm3_pcode": "BD20220024", "adm2_name": "Cox's Bazar", "adm2_name1": null, "adm2_name2": null, "adm2_name3": null, "adm2_pcode": "BD2022", "adm1_name": "Chattogram", "adm1_name1": null, "adm1_name2": null, "adm1_name3": null, "adm1_pcode": "BD20", "adm0_name": "Bangladesh", "adm0_name1": null, "adm0_name2": null, "adm0_name3": null, "adm0_pcode": "BD", "valid_on": "2023-05-21", "valid_to": null, "area_sqkm": 120.61247215, "version": "v03", "lang": "en", "lang1": null, "lang2": null, "lang3": null, "adm3_ref_name": null, "center_lat": 21.46611549, "center_lon": 92.01564253}, "geometry": {"type": "Polygon", "coordinates": [[[92.01968490600018, 21.54516347200007], [92.01917550100018, 21.545265222000126], [92.01813593800006, 21.54550014500012], [92.01702072400019, 21.545217877000027], [92.01574829100014, 21.54508426100017], [92.01434037000007, 21.545101280000097], [92.01328776800005, 21.54511399500018], [92.01230041000002, 21.54490392800011], [92.01175662400016, 21.54478823100004], [92.01097813000007, 21.54462259400009], [92.01078637800003, 21.54451363100003], [92.0096981310001, 21.543895229000043], [92.00764933800014, 21.542073814000048], [92.00718631200004, 21.541662166000094], [92.00708775600003, 21.54157454500006], [92.00656360300013, 21.541108546000146], [92.00488515500012, 21.540313689000186], [91.99961716000013, 21.54040404699998], [91.99962155200012, 21.540372384000136], [92.00016758599998, 21.535665188000053], [92.00023384500008, 21.535165303000156], [92.00030134200006, 21.534656078000012], [92.00059350800007, 21.532451806999973], [92.00061067400009, 21.53211771900004], [92.000778771, 21.528846204], [92.00078553400016, 21.528424693000034], [92.00082953300011, 21.5256824760001], [92.00116554700003, 21.522777228000052], [92.00142073400013, 21.520841524000105], [92.00159506800014, 21.519873113000187], [92.00178509900013, 21.519803711000122], [92.0023429310001, 21.519599981000113], [92.00405519400016, 21.51777773499998], [92.00605025599998, 21.515994972000044], [92.00736974800009, 21.515270168000086], [92.00576099000006, 21.513158192000162], [92.00501286500008, 21.512178284000072], [92.00369638600012, 21.511670293000066], [92.00172195700009, 21.510906025000054], [92.00087285700016, 21.510390148000056], [92.00061592800012, 21.50997002000014], [92.0001893490001, 21.50927247700008], [91.9994377660002, 21.50804346600006], [91.9986293570002, 21.506138267999972], [91.99818246800004, 21.50508504600009], [91.9977096390001, 21.504826558], [91.99704813900007, 21.50430841100001], [91.99562632900006, 21.502925596000125], [91.99534859900012, 21.50256437700017], [91.99429324600015, 21.50119175200018], [91.99396891300006, 21.50067571300019], [91.99276368900013, 21.49875807400008], [91.99241612600008, 21.498151716000166], [91.99170679700012, 21.496914202000085], [91.99151818900015, 21.49658514900011], [91.99094128700017, 21.49545410899998], [91.99077689900008, 21.495188354000106], [91.98985716099997, 21.49370144700009], [91.98822341099998, 21.491839108000136], [91.98670720000007, 21.49011069300019], [91.98660971100009, 21.490002000000175], [91.98415075899999, 21.48726041100008], [91.9839822190001, 21.487072494000074], [91.98315863300019, 21.485762324], [91.98276365500016, 21.485133976999975], [91.98198767700006, 21.48428153300017], [91.98012067000008, 21.482230489000074], [91.98010007500005, 21.482207862999985], [91.97913876500007, 21.481715763000125], [91.97848257700014, 21.48166708900004], [91.97746825500008, 21.48162490900006], [91.97681222500017, 21.481632672000103], [91.97555758600015, 21.48071955500012], [91.97564150200003, 21.480601195000133], [91.97589069600019, 21.47922752800008], [91.97618759600005, 21.47758121900017], [91.97600065700016, 21.475552333000167], [91.97543281500003, 21.474817209000093], [91.97503063099998, 21.47474717900019], [91.973210333, 21.474510011000064], [91.97164542700006, 21.474832244000027], [91.971525025, 21.475086577000184], [91.97143854600006, 21.47518334700004], [91.9708526180001, 21.475839001999987], [91.970714686, 21.475993347000042], [91.97039329000006, 21.47635298600005], [91.96969306700015, 21.476480900000183], [91.96885939999999, 21.476192696000112], [91.96827816800004, 21.4756621840001], [91.96769873500017, 21.47531001800013], [91.96748574700013, 21.47531252500005], [91.96693299500004, 21.475319031000026], [91.96614924700003, 21.475301557000023], [91.96520958800016, 21.475280601000065], [91.964684923, 21.475022486000114], [91.963876722, 21.474624877000167], [91.96366771900006, 21.47452202800008], [91.96333846200008, 21.474423683000055], [91.96248222200012, 21.474167929000032], [91.960782908, 21.47309057700005], [91.95919010400002, 21.471328155000094], [91.95907271400011, 21.471198262000087], [91.95870883900011, 21.470912782000084], [91.9583153010002, 21.470604029000185], [91.95649245600009, 21.469173867000166], [91.95539517200012, 21.46854971400012], [91.95479122700016, 21.468206175000034], [91.95443501800008, 21.46800355100015], [91.95385533000007, 21.46771043200016], [91.95350978200008, 21.46753570500016], [91.9515126460002, 21.466951790000053], [91.95076823700015, 21.46673413500008], [91.94920524700018, 21.466298347000077], [91.94897267300007, 21.466085999000143], [91.9485863650001, 21.46592681700008], [91.94809268900013, 21.465660159000038], [91.94756736400007, 21.465556957000047], [91.9468205890002, 21.465838063000035], [91.94661979, 21.465711365], [91.9461925970001, 21.464684048000038], [91.94601519300016, 21.46401225700015], [91.94603782500008, 21.46340982400011], [91.94630087100018, 21.461881028999983], [91.94659381600019, 21.46087400400006], [91.9475268700001, 21.458612774000017], [91.94877948100009, 21.456829909000078], [91.94979802900019, 21.455682999000032], [91.95094829800007, 21.454809602000125], [91.95134159300017, 21.45385494200019], [91.95168226800018, 21.45302799500007], [91.95171996200014, 21.45292359000007], [91.95188860700011, 21.45245646500001], [91.95240453700018, 21.45102739600003], [91.95261790500007, 21.450436383000067], [91.95273864800004, 21.450219427000036], [91.95318703700008, 21.449413735000178], [91.95352777800014, 21.44880146400004], [91.95387068600007, 21.44818529600002], [91.95406351000003, 21.447838811000054], [91.95410923000009, 21.447755696], [91.95443185700009, 21.447169177999967], [91.95535974500012, 21.445482304000052], [91.95590902000015, 21.444585780000125], [91.95608199900016, 21.444303442000034], [91.95681013400014, 21.443114962000095], [91.95744192000018, 21.4426298140001], [91.958248497, 21.44186766600012], [91.9589342590001, 21.44123312700009], [91.95893776600013, 21.44091569900013], [91.95906573700012, 21.440765805000126], [91.96027027900016, 21.439405349000026], [91.96088523700007, 21.43878769300011], [91.96140814100016, 21.438233252000146], [91.96180586100019, 21.437811542000077], [91.9627129750001, 21.43705607300018], [91.9630426830002, 21.436781483000175], [91.96312225700007, 21.436714339000105], [91.96386311600014, 21.43608920600019], [91.96672992700013, 21.432641275000094], [91.96797190400014, 21.431202033000034], [91.97176489600008, 21.427083599000127], [91.971939501, 21.426782850000052], [91.97295670400007, 21.425564149000024], [91.9744620940001, 21.424124800000016], [91.97484134000007, 21.4239024740001], [91.97502672300004, 21.42369179600007], [91.97579366300005, 21.42282019600009], [91.97582995500005, 21.422778952000044], [91.97699988500005, 21.421796752000148], [91.97744474300009, 21.42142327200014], [91.97762589000007, 21.42135842400012], [91.9776427020002, 21.421157144000176], [91.9780318600001, 21.420493036000096], [91.97907377600012, 21.41941094000009], [91.97932175200003, 21.419153399000038], [91.97996508500006, 21.41829821100015], [91.97999228800012, 21.418261942000072], [91.98054905300006, 21.417538498000056], [91.98118544900012, 21.41704350800012], [91.98138059600006, 21.416754455000103], [91.98142744800003, 21.41653884300007], [91.9821179760001, 21.41570628400018], [91.98262841600007, 21.415462687000172], [91.98291418000008, 21.41514129500007], [91.98323031400014, 21.414692873999968], [91.98347636700015, 21.414343858000052], [91.98359440000007, 21.414176432999966], [91.983897593, 21.41380730800006], [91.98396297599999, 21.413727708000067], [91.98434756000006, 21.413259491000133], [91.98451825000012, 21.41267203400014], [91.98464285000011, 21.412479120000114], [91.9848681810002, 21.412130244000025], [91.98520276900018, 21.41139747300008], [91.98551636200011, 21.410999483000182], [91.98590730100005, 21.410660316000133], [91.9860248280001, 21.41077477000016], [91.98619156800004, 21.410772793000092], [91.98630054600017, 21.410771502000046], [91.9864403860002, 21.410734001000094], [91.98657893300003, 21.410600934000172], [91.98660821600004, 21.41059074800006], [91.98671592900013, 21.410164415], [91.986918419, 21.409853765000094], [91.9870366180001, 21.409536945000127], [91.9872081040001, 21.409197988000074], [91.98744217700005, 21.40895864800018], [91.98762293300007, 21.408813920000114], [91.98764507600004, 21.40865421900014], [91.98768049800009, 21.408398731000148], [91.9882759730001, 21.407147618000067], [91.98987943400016, 21.40493174700015], [91.99024246000016, 21.404532626000048], [91.99128697200007, 21.403384242000072], [91.99349484800018, 21.40058767900007], [91.99393073600015, 21.400056442000107], [91.99424203600017, 21.399677051000026], [91.99455587200003, 21.39929456800013], [91.99500086500018, 21.39875223399997], [91.99513370100016, 21.398578087999965], [91.99538419700008, 21.398249688000135], [91.99608613700008, 21.397329439000146], [91.99665540199999, 21.3965831160001], [91.99781245999998, 21.395374957000058], [91.99869895800015, 21.394700586000113], [91.9993044630001, 21.395443065], [92.00091543900015, 21.39565628300005], [92.00187296300015, 21.395687749], [92.00193789899998, 21.395145104000164], [92.00243479400018, 21.395209160000093], [92.00319444000013, 21.3957185430001], [92.00370180300013, 21.396058753000148], [92.00451952300011, 21.39579571000013], [92.0049337530001, 21.395662458000118], [92.00632616700017, 21.394040513000164], [92.00670313100011, 21.393663469000046], [92.00718743100003, 21.39370627000011], [92.00748010600017, 21.393732136000096], [92.00787467600014, 21.39396553000006], [92.00938480100012, 21.39442489000004], [92.01010718000015, 21.39517838200004], [92.01065601800008, 21.395750852000162], [92.01155904200016, 21.396692743000017], [92.01205524300008, 21.397063114000048], [92.01223773200019, 21.39719932500003], [92.01283506600004, 21.39764517700013], [92.014535965, 21.398879233000116], [92.01708564400019, 21.40060485300006], [92.0180987870001, 21.40191883000017], [92.01946472600008, 21.40383786900003], [92.02001811500008, 21.405231283000035], [92.02031672600003, 21.40598316400019], [92.02044142000005, 21.40637225200004], [92.0212847000002, 21.40703263900008], [92.02254562200005, 21.40768798000005], [92.02340080300002, 21.40816163000011], [92.02355452400008, 21.408246769000186], [92.02362676200016, 21.408286779000093], [92.02488926100011, 21.409054971000046], [92.02531012399999, 21.409327588000167], [92.02615496800007, 21.410098558000186], [92.02650879500015, 21.41078579100008], [92.02658356, 21.410931005], [92.02706732400009, 21.41197241900005], [92.02738244400007, 21.41265078000015], [92.02741615200017, 21.413131747000023], [92.02741854800018, 21.413165925000044], [92.02770109800014, 21.413092108000058], [92.02781389800003, 21.41308310700009], [92.02784121200017, 21.41306124800019], [92.02786865900003, 21.41308935799998], [92.0279637180002, 21.413271894], [92.02796965900006, 21.413360395000154], [92.0279488650001, 21.413435069000116], [92.02789539400004, 21.413534633000154], [92.02789539400004, 21.413598244000184], [92.02792510000018, 21.413667386000043], [92.02804095400018, 21.41371993400014], [92.02838554500016, 21.41376971600016], [92.02862913500007, 21.41378907600017], [92.02867072500015, 21.413844390000122], [92.02868557700015, 21.414024160000054], [92.02868557700015, 21.41417074100002], [92.02868260700006, 21.414333915000043], [92.02865884100004, 21.414439009000034], [92.02857835300017, 21.414541390000068], [92.02839683300004, 21.414706173000127], [92.02835524500017, 21.414782505], [92.02836237400015, 21.414827862000152], [92.0283825730001, 21.414918577000094], [92.02838802800011, 21.415019008000172], [92.02841922400006, 21.415051575000064], [92.0284620010001, 21.415131225000096], [92.02848695300003, 21.415195387999972], [92.02851250200013, 21.41528057100004], [92.02853255999997, 21.41537094600011], [92.02852319500005, 21.41553279700014], [92.02851844300017, 21.415668867000022], [92.02853186200014, 21.415864078000084], [92.02858887500014, 21.416014352000104], [92.02861810600012, 21.41608636799998], [92.02866943800012, 21.416170333000082], [92.02870296900016, 21.416338660000065], [92.02872435700016, 21.416484686000103], [92.02872435800003, 21.416594205000024], [92.02891338500018, 21.41670199800012], [92.02922425100013, 21.416843190000066], [92.02925096400008, 21.416855323000107], [92.02959771600018, 21.41697918000017], [92.02965323500007, 21.417299459000105], [92.02968455400008, 21.417602925000153], [92.02977129700008, 21.417833023000185], [92.02990428300006, 21.41797148100011], [92.03004993100006, 21.4181113410001], [92.03009313900009, 21.418213897999976], [92.03016255000006, 21.418455236000057], [92.03021839800004, 21.418597497], [92.03025191600017, 21.418719842000087], [92.03032489000014, 21.418986207000046], [92.03038139300014, 21.41917032000009], [92.03039677900017, 21.419220453000037], [92.03042726299998, 21.41933906300011], [92.03089117500019, 21.419414533000122], [92.03123198900016, 21.419469976000187], [92.03132611600006, 21.41949843700013], [92.03159094800009, 21.4195785120001], [92.03165910800004, 21.420191792000026], [92.03154827100019, 21.420807244000173], [92.03125776200005, 21.421178633000068], [92.03119702200019, 21.421256282], [92.03108387000009, 21.42170468900008], [92.03144884000005, 21.422203741000146], [92.03210241600016, 21.42208292300012], [92.03251390300017, 21.42163089500019], [92.03328762400014, 21.421567317999973], [92.0338271230001, 21.421784284000182], [92.033921716, 21.421934695000118], [92.0343146830001, 21.42255954300009], [92.0345664940001, 21.42350473900018], [92.03511294700007, 21.424222834000147], [92.03532792400006, 21.424728214000027], [92.03537841700006, 21.42484725700001], [92.03542081000006, 21.424946073000058], [92.03590992200003, 21.42583193700017], [92.03645485900012, 21.426439417000154], [92.037350258, 21.426541411000073], [92.03800445200017, 21.426420563000022], [92.03871359700014, 21.425965323000185], [92.03959975400016, 21.42539644200008], [92.03977644100013, 21.425227217000042], [92.04066715700009, 21.42499284700017], [92.04132447800004, 21.425097723000135], [92.04227718400017, 21.425029663000032], [92.04310357800017, 21.424461920000056], [92.04399256, 21.424060482000016], [92.04435488500008, 21.423896755999976], [92.04488093600014, 21.42365904600007], [92.04554054700009, 21.423928692000175], [92.04562868900013, 21.424024698000096], [92.04614596900012, 21.42459184300003], [92.04663438500017, 21.425423495000132], [92.04713279600014, 21.425871239], [92.04735839400013, 21.42607390100011], [92.04831573500002, 21.42629473900007], [92.04931947700015, 21.42611839200015], [92.04968318800013, 21.426054490000183], [92.05086756200006, 21.425482327000168], [92.05151785700014, 21.425083775000076], [92.05222329700007, 21.424404584000115], [92.05232704500014, 21.423287992999974], [92.05219600200019, 21.42245198400019], [92.05122850300017, 21.42145914500003], [92.05068274100012, 21.420795284000064], [92.05067183400001, 21.420014242000093], [92.05119221600012, 21.419508911000094], [92.05292578799998, 21.419548628000143], [92.05311279200004, 21.419817265000063], [92.05370985600007, 21.41990272600009], [92.0541879110001, 21.41997115099997], [92.05421566400014, 21.419979460000036], [92.05508621600006, 21.420240090000107], [92.05579472400007, 21.420231394000098], [92.05627772900016, 21.4202254650001], [92.05711936200004, 21.42027834600009], [92.05776972100011, 21.420317767000085], [92.05914415600006, 21.420580832999974], [92.05979257500019, 21.420874508000054], [92.05998375400009, 21.420961093000187], [92.06004144800005, 21.420975031000125], [92.06129989300018, 21.421279042000094], [92.06163739900006, 21.421318406000182], [92.06261312100014, 21.421432202000176], [92.0637526180002, 21.421919375000073], [92.06404140400008, 21.42207355400012], [92.06477358300003, 21.422464446000163], [92.06562244300011, 21.423458660000165], [92.0659319610001, 21.424292456000046], [92.065826764, 21.425298437000038], [92.06601440600008, 21.425910221000038], [92.06650999200008, 21.426082203000078], [92.0667934280001, 21.42618056300006], [92.06738731500008, 21.426060345000053], [92.06755611200009, 21.425333535000107], [92.06700870900005, 21.424559124999973], [92.06687993500003, 21.42389017199997], [92.06717925100008, 21.423827777000042], [92.0680092570002, 21.423652717000152], [92.0683674500001, 21.423704736000104], [92.06908686700001, 21.424151904000155], [92.06928320100013, 21.425697991000106], [92.06929096500005, 21.425759131000177], [92.06888725500005, 21.426712357000156], [92.06884330400004, 21.427828212], [92.06877811200013, 21.42810889100008], [92.0684136430001, 21.429678070000136], [92.06832266200013, 21.430558711000117], [92.06820251500005, 21.4317216500001], [92.068175414, 21.432015395000178], [92.06813390300005, 21.432465289000106], [92.06762615900016, 21.43454187700013], [92.06720173000008, 21.43489218899998], [92.06682960800003, 21.43519932400011], [92.0668014060002, 21.435222601000135], [92.06669667500017, 21.43539556999997], [92.06648651600005, 21.435742659000027], [92.06639371900013, 21.435895917000096], [92.06589463900002, 21.437703129000056], [92.0658832100001, 21.437744515000077], [92.06578036000008, 21.438917534999973], [92.06525648899998, 21.439818055000046], [92.06497031700013, 21.440065073000085], [92.06466740700012, 21.440326537000033], [92.06432410500014, 21.441335452000146], [92.06511439800005, 21.44244327100006], [92.06503264800006, 21.443224958000144], [92.06500919100017, 21.44344925000007], [92.06406109000011, 21.44385153400009], [92.06334225400013, 21.44358044200004], [92.06291198600007, 21.44269394900016], [92.06296223200013, 21.442022790000124], [92.06292815300009, 21.441614562000098], [92.06226139100016, 21.441616009000143], [92.06224250800011, 21.44165525200009], [92.06195210900017, 21.44225875500007], [92.06172419800004, 21.4429862880001], [92.06199417300007, 21.44398964400017], [92.06203844300018, 21.444154169], [92.06250477500004, 21.444860874000142], [92.06258669800019, 21.44498502400012], [92.06290019400018, 21.44609872900014], [92.06273430800013, 21.44699256900003], [92.06250146800005, 21.447822806999966], [92.06248043800008, 21.447897797000167], [92.06263314000012, 21.448988918999987], [92.06272098500017, 21.449427492000154], [92.06267022500009, 21.450173623000182], [92.06231086900016, 21.45079300599997], [92.06229592699998, 21.45100222800005], [92.06195578200004, 21.45153283200011], [92.06191433400016, 21.451597488000118], [92.06186115100007, 21.45217161], [92.06183080200015, 21.452917488000082], [92.06188718100009, 21.453149242000052], [92.06203898500007, 21.453773262000027], [92.06223994200008, 21.454422568999973], [92.06257412500008, 21.454953683000042], [92.06282664800011, 21.455485802000112], [92.06376286100004, 21.45671676], [92.06446589600006, 21.457338893000042], [92.06496234899998, 21.457791536000116], [92.06506820000016, 21.458057846000145], [92.06448393300019, 21.45861940800006], [92.06420695700001, 21.458818959000155], [92.06374656800006, 21.45915065000014], [92.06306177600004, 21.459133959999974], [92.06263275900017, 21.459120137000184], [92.06210004700011, 21.458992898000076], [92.06175350300009, 21.459035401000108], [92.06153161000009, 21.459229291000156], [92.06134333200015, 21.459542249000094], [92.06117244400002, 21.459826298999985], [92.06114236400003, 21.46059129000014], [92.06102712100017, 21.461108828000135], [92.06101557500011, 21.46173978200011], [92.06107429100018, 21.462229792000187], [92.0611034920002, 21.46247348700018], [92.06123228800004, 21.46314243900008], [92.06143374400017, 21.46340410800019], [92.06165731700008, 21.463694853000163], [92.06186401200006, 21.464068579000184], [92.06193442, 21.464195978000134], [92.06200650400012, 21.46433010000004], [92.06203081300009, 21.464375330000053], [92.06214781000011, 21.46459301800013], [92.06215110900013, 21.464634743000147], [92.06221820200005, 21.4654173400001], [92.06221023600011, 21.465695015999984], [92.06243750800007, 21.466591351000034], [92.06249926900011, 21.466834925000114], [92.06253356900015, 21.466970198000183], [92.06283287200012, 21.467922280000096], [92.06312921900019, 21.46866412500009], [92.06350777900008, 21.46944318700008], [92.06365636000004, 21.46984277700011], [92.06366497700014, 21.470454366000183], [92.06361687400016, 21.470655197000156], [92.06356854100017, 21.470856981000168], [92.0631634090002, 21.471091367000042], [92.06291650600008, 21.470960605000016], [92.06223062900011, 21.47074608300005], [92.0606610910001, 21.470319383000117], [92.05996580000004, 21.470251490000066], [92.05902817700019, 21.47037773400001], [92.0573925540001, 21.470996052000032], [92.05734619800018, 21.47101357700018], [92.05651763100008, 21.471326793000117], [92.05645804500017, 21.471349318000136], [92.05604711300009, 21.471801401000164], [92.05606783200011, 21.47189197900019], [92.05617431700011, 21.47235749200007], [92.0567195210001, 21.47296488100011], [92.05726473100009, 21.473572270000034], [92.05799056200004, 21.474288059], [92.05901268500014, 21.47488956800015], [92.06003640500012, 21.475603934000105], [92.06099961800015, 21.476260342000046], [92.06154330100009, 21.47675710300001], [92.0615550920001, 21.47759456700004], [92.06125868500015, 21.477914303000034], [92.06123135600012, 21.477943810000056], [92.06186112500006, 21.478533933000108], [92.06184450300015, 21.479051532000085], [92.0616669870002, 21.47949815600009], [92.06171174700017, 21.48050116500019], [92.0622808600001, 21.480578967000042], [92.0627104780001, 21.48063101100007], [92.06321525500005, 21.480581769000082], [92.06386752000009, 21.48012928100013], [92.06429349900009, 21.47992330700015], [92.06484808800008, 21.479695434000064], [92.06544737700017, 21.47983139300004], [92.06584616200001, 21.47986947300012], [92.06624434000014, 21.479864550000173], [92.06668886700004, 21.47988772600013], [92.06754789800016, 21.47997745500004], [92.06783806400017, 21.47991651900014], [92.06807061700016, 21.480114353000147], [92.0683190920002, 21.480354998999985], [92.0686872500001, 21.480393451000168], [92.0693961730002, 21.480236246], [92.0698863840002, 21.480616239000142], [92.07036726000018, 21.48089023500006], [92.07096512400011, 21.48099345500009], [92.07156142300016, 21.48098606100018], [92.072690368, 21.480692108000085], [92.07328273200017, 21.480407062000154], [92.07374778400009, 21.479563686000176], [92.07464508600009, 21.479776062000155], [92.074953038, 21.480442773000163], [92.07549614599998, 21.480937234000123], [92.07621656000009, 21.481262422000043], [92.07616717900004, 21.481990013000086], [92.07647433900019, 21.482600289000118], [92.0767180410001, 21.482987840000135], [92.07672587900004, 21.483540157000107], [92.07703151800001, 21.484042800000054], [92.07715981400014, 21.484711738000158], [92.07735551700011, 21.485881045000156], [92.07736869800004, 21.48616377000019], [92.07744135700011, 21.487722251000093], [92.07794682600007, 21.489725305000093], [92.077932185, 21.489883526000142], [92.07789505200009, 21.49028359800019], [92.07759878900015, 21.490400168000065], [92.07755051400017, 21.4903556160001], [92.07729634499998, 21.49012397600012], [92.07669844200018, 21.490020786000116], [92.076336911, 21.489745326000047], [92.07616112700003, 21.48942640600012], [92.07596983900004, 21.489079355000115], [92.07554388100016, 21.488470555], [92.07494044700013, 21.487976844000116], [92.07434412000009, 21.487984251000114], [92.07407308, 21.487962509000056], [92.07389462200018, 21.487948192000033], [92.07314990200001, 21.487888448000092], [92.073123049, 21.487885398000174], [92.07309583900008, 21.48788230600013], [92.07225411400015, 21.48778668], [92.07183766600019, 21.48784828700002], [92.071242139, 21.487912114000096], [92.07004868400014, 21.487870463000093], [92.06879713500001, 21.48794241200011], [92.06821380700006, 21.48798754500001], [92.06796340300014, 21.488006919000043], [92.06722542100005, 21.488214467000148], [92.06719203200004, 21.488223857000037], [92.06713206100011, 21.488240723], [92.06679258100007, 21.488421], [92.06594807100004, 21.488869462000082], [92.06499813000005, 21.48916116300012], [92.06392284100014, 21.489376502000084], [92.0638086130001, 21.489399377000154], [92.06285547900012, 21.48946533400016], [92.06273292100008, 21.489643011000055], [92.06262144600004, 21.48980462200018], [92.06226779800005, 21.490086688000076], [92.0621578570001, 21.49075858200007], [92.06192283300004, 21.490984996000122], [92.06175004700015, 21.491434154], [92.06176367700004, 21.492401430000086], [92.06176731900013, 21.49265987399997], [92.06156470700006, 21.49279051400015], [92.06123540400012, 21.493002837], [92.061100393, 21.493230847000063], [92.06076944500018, 21.493789752000055], [92.0604827630001, 21.494630897000093], [92.06049443400008, 21.49545933000013], [92.06049612100014, 21.495578969], [92.05996339500012, 21.495865496000192], [92.0596113160002, 21.49626042000017], [92.05932284300002, 21.496932260000165], [92.05921053600008, 21.497437112], [92.05916622500007, 21.49791424400007], [92.05915868800002, 21.49799540600003], [92.05952097500011, 21.498325078000107], [92.05968558100005, 21.498660094000115], [92.0597668580001, 21.498825513000043], [92.0597778560001, 21.499606543000027], [92.05961812300012, 21.499883226000065], [92.05948642400017, 21.500111349000065], [92.05926002700016, 21.500951748000034], [92.05927340700003, 21.501902077000068], [92.05963961500015, 21.50250939700004], [92.05988706500017, 21.503120441000135], [92.06037194500016, 21.503674367000144], [92.0601628930001, 21.50425179300015], [92.06006146300007, 21.50453195500006], [92.06002710400014, 21.504626856000186], [92.05970673899998, 21.50529915200019], [92.05967971400014, 21.505355866000116], [92.05878620600015, 21.505423331000088], [92.05836105600014, 21.504870920000144], [92.05775680800002, 21.504320715000176], [92.0573324250002, 21.503822478000075], [92.05672965300005, 21.503838404000135], [92.05644302000007, 21.504224017000126], [92.05645400800006, 21.505005050000022], [92.0565286310001, 21.50606525100011], [92.0561247780002, 21.507075793000013], [92.0556570810001, 21.507694761000096], [92.05512271900017, 21.507868412000164], [92.05428515000006, 21.507711650000147], [92.0534387670001, 21.5068844540001], [92.0527151230001, 21.506335699999966], [92.05151742800018, 21.50595984100005], [92.05061644000006, 21.50600991100015], [92.05026567100009, 21.506029403000127], [92.04746664900011, 21.506343713000035], [92.04550009100012, 21.506408305000036], [92.044724788, 21.50643376300019], [92.0434148940002, 21.506616872000166], [92.04337169700005, 21.506644573000074], [92.04252836600017, 21.50718537900002], [92.04245650100017, 21.507545317000165], [92.04241675200018, 21.507744400000036], [92.04284501000012, 21.50852258800012], [92.0436911610002, 21.509293402000083], [92.04411782200009, 21.509956462000105], [92.0441931520001, 21.51107310800012], [92.04421891800007, 21.512915090000092], [92.04412369600004, 21.514645667000025], [92.0437824550001, 21.515821603000177], [92.0434964270001, 21.51671916099997], [92.04354969200011, 21.517120383000133], [92.0436298890001, 21.5177222100001], [92.04393561699999, 21.518276121000042], [92.04465868400007, 21.518491102000155], [92.0454309590001, 21.518535496000084], [92.04632458900016, 21.518470354000044], [92.04754570500012, 21.5183448680001], [92.04817073400005, 21.51828063400012], [92.04924423900013, 21.518267453000192], [92.05006300900004, 21.51854186700018], [92.0501187770002, 21.518561502000125], [92.05023625900014, 21.519539906000034], [92.05032445000006, 21.52019355600015], [92.05024183700004, 21.520968965000066], [92.04945880100013, 21.522511570000063], [92.04947239000006, 21.52288906600006], [92.04948252300011, 21.523170530000073], [92.05084279700003, 21.523171875000116], [92.05214756700019, 21.524589476000074], [92.05254904300017, 21.525471813000138], [92.05298200200002, 21.525949862000175], [92.05320222100005, 21.526193013000125], [92.05332528400004, 21.526443289000042], [92.05349905300011, 21.526796683000157], [92.05297826499998, 21.527769389000184], [92.05219498000014, 21.528521814000158], [92.05114894900015, 21.529035890000046], [92.0513341680001, 21.52942419500016], [92.05167906300017, 21.529547799000056], [92.05213205300015, 21.529710140000077], [92.052230388, 21.529708931000073], [92.05236848500016, 21.52970723100009], [92.05316297700017, 21.529622948000167], [92.05378039900012, 21.52852939200011], [92.0544976170001, 21.52831285100001], [92.05464831100016, 21.529033459000118], [92.05481523100013, 21.530006730000082], [92.05484469500004, 21.53064303700006], [92.05454462300008, 21.531267605000096], [92.05505638400007, 21.532010855000124], [92.05653508600005, 21.532011158000046], [92.05721844400011, 21.532011293000153], [92.057086562, 21.532862052000098], [92.05683455900004, 21.532870222000042], [92.05620159700004, 21.53289074500009], [92.05606938200003, 21.532895031000066], [92.05552513800012, 21.532912674000045], [92.05544515700018, 21.533830287], [92.05520897700018, 21.533979948000024], [92.05481105100012, 21.533910345000038], [92.05440061100006, 21.53295136600002], [92.05384720400002, 21.533107191000056], [92.0532389230001, 21.53338161100004], [92.05292778100011, 21.53352197800018], [92.05266388100011, 21.533641032000048], [92.05180510600019, 21.534690141999988], [92.05172559900006, 21.534834409000155], [92.05152250700019, 21.5352029230001], [92.05145194900018, 21.535330953000027], [92.05130908100011, 21.535590186000036], [92.0513186660001, 21.53592179600014], [92.05130471200016, 21.53605120200018], [92.05130279100013, 21.536285146000182], [92.0509324780001, 21.53671220000018], [92.05090068700002, 21.536748862000024], [92.05077575400009, 21.536868864000155], [92.05062635000019, 21.53702224100016], [92.05059563900005, 21.537053769000067], [92.05051728500013, 21.537293675000058], [92.05040828900019, 21.53753395900003], [92.05024808900004, 21.537765312999966], [92.05009770100003, 21.53796787500005], [92.04994936700001, 21.5382056360001], [92.0497990720001, 21.538801260000184], [92.04924668200005, 21.53903156300015], [92.0482991670001, 21.538727176000066], [92.04812979500014, 21.538672765000115], [92.04800295799998, 21.53858651800016], [92.04787214900011, 21.538497571], [92.04748901300019, 21.538235867000026], [92.047014563, 21.538388442000098], [92.04702032600005, 21.53879932800004], [92.04693141100006, 21.538805046000107], [92.04677820300003, 21.53880692600012], [92.04657375600004, 21.538797489000103], [92.04642659600012, 21.538775401000066], [92.04624510000002, 21.538670363999984], [92.0461397090001, 21.538252430000057], [92.04609508900018, 21.53817160500006], [92.04597629500012, 21.53795641800008], [92.04568821900006, 21.53769287700004], [92.04551159400012, 21.537723330000176], [92.0453654390002, 21.537772911000104], [92.04519433500008, 21.53786461300001], [92.04510454100011, 21.538041616000044], [92.0448843260001, 21.538078825000184], [92.044693575, 21.538111055000172], [92.04462907600009, 21.538121952000097], [92.04457584400012, 21.538094261000026], [92.04406937800013, 21.537830797000083], [92.04430140300008, 21.537383182999974], [92.04437314800003, 21.53686302900013], [92.04431251, 21.536818714000106], [92.04419568900005, 21.536733339000023], [92.0441287480001, 21.536684418000164], [92.04397208900019, 21.53656992800012], [92.04334068100019, 21.536801180000055], [92.04312442600013, 21.537078088000044], [92.04287248200006, 21.53740069500003], [92.04296458300013, 21.538291364000088], [92.04306334900014, 21.539701224000055], [92.0428277800001, 21.539853118000167], [92.04226538900019, 21.539412982000158], [92.0413863620002, 21.538978977000056], [92.0413594960001, 21.538999536000063], [92.04099360400005, 21.53927954300002], [92.04100089600013, 21.539800988000138], [92.04109235300012, 21.54068940600007], [92.04085990500005, 21.541064775000166], [92.04030272200009, 21.540997090000133], [92.04016656800019, 21.540709827000057], [92.03981225900009, 21.539962287000037], [92.03948359800017, 21.539151271000094], [92.03845154800018, 21.539163892000147], [92.03710323500013, 21.539252618000035], [92.03669805600009, 21.53866378800018], [92.03684220200012, 21.53762347600008], [92.03684884500018, 21.53754380300012], [92.03691041900015, 21.53680534800003], [92.03697283300016, 21.53561476800013], [92.03879553400009, 21.535371237000163], [92.03917344300015, 21.53535454500019], [92.03942791900005, 21.535056846000145], [92.03963579800012, 21.534813656000097], [92.03960949600008, 21.53439343600013], [92.03937281700013, 21.534047971000064], [92.03926827499998, 21.533986884000115], [92.03909160500012, 21.533883649000188], [92.03881917500013, 21.53389912700004], [92.0386532240002, 21.53391135900017], [92.03858605200014, 21.53393463900011], [92.03806313300015, 21.53411586800013], [92.03639867200019, 21.534285210000064], [92.03600074900004, 21.534215565000068], [92.03584804600007, 21.534175029000096], [92.03520390200009, 21.53400403500018], [92.03481114200008, 21.53430458800011], [92.03434395300008, 21.53497857499997], [92.03411460900008, 21.535577410000087], [92.03387944200011, 21.535801536000122], [92.03364014900012, 21.535729951000178], [92.03341382000013, 21.53559273100018], [92.03316013000006, 21.53544004100013], [92.0321998610001, 21.534930213000052], [92.03206067500014, 21.53490338800009], [92.0319498410002, 21.534882028000084], [92.03167892099998, 21.534829817000116], [92.03148366700003, 21.534792186000118], [92.03028990600012, 21.534583209000118], [92.02944293400003, 21.53446823200011], [92.0293816050002, 21.534459908000144], [92.02877888000012, 21.53437808400014], [92.02703167500005, 21.534324825000056], [92.02608444300006, 21.534708862000116], [92.02466376800015, 21.535319900000047], [92.02379553700018, 21.535702967000077], [92.02348008900003, 21.535941930000035], [92.02342101500011, 21.53599429200011], [92.02321770700019, 21.536174501000175], [92.02276935500004, 21.53625640300004], [92.02240059400015, 21.536184413000115], [92.02211248700019, 21.53603498100017], [92.02184159300015, 21.53579853300016], [92.02161692600015, 21.53565867500015], [92.02137179300018, 21.53566164700004], [92.02090301300012, 21.535743791000073], [92.01979059100012, 21.53656012800019], [92.01966811000017, 21.536729171000047], [92.01932947500012, 21.537196531000177], [92.01824486200019, 21.538547762000178], [92.01793095800014, 21.539488231000064], [92.01794276800007, 21.539571219000038], [92.01798410600014, 21.539861691000056], [92.01798828200009, 21.539891036000085], [92.01799885000008, 21.539965303000145], [92.01802811800019, 21.54005586700015], [92.01804119600007, 21.5400963350001], [92.01868190300002, 21.54207887700005], [92.01881002900018, 21.54247875600015], [92.01977514600014, 21.54430217300012], [92.01998730600013, 21.54495031600004], [92.01968490600018, 21.54516347200007]]]}}, {"type": "Feature", "properties": {"adm3_name": "Ramu", "adm3_name1": null, "adm3_name2": null, "adm3_name3": null, "adm3_pcode": "BD20220066", "adm2_name": "Cox's Bazar", "adm2_name1": null, "adm2_name2": null, "adm2_name3": null, "adm2_pcode": "BD2022", "adm1_name": "Chattogram", "adm1_name1": null, "adm1_name2": null, "adm1_name3": null, "adm1_pcode": "BD20", "adm0_name": "Bangladesh", "adm0_name1": null, "adm0_name2": null, "adm0_name3": null, "adm0_pcode": "BD", "valid_on": "2023-05-21", "valid_to": null, "area_sqkm": 384.09804373, "version": "v03", "lang": "en", "lang1": null, "lang2": null, "lang3": null, "adm3_ref_name": null, "center_lat": 21.43878767, "center_lon": 92.12036409}, "geometry": {"type": "Polygon", "coordinates": [[[92.1745685620001, 21.592501703000096], [92.17458397400014, 21.59353320499997], [92.17466090800013, 21.594320089000064], [92.17539401700009, 21.595281253], [92.17540488300011, 21.596008045000133], [92.17483079800013, 21.59692534600009], [92.17373904800007, 21.59821513600002], [92.1703205840002, 21.60123072000016], [92.16937384000016, 21.602236151000113], [92.1691626860001, 21.602460393], [92.1681284390001, 21.60320081200007], [92.16669386700005, 21.60340236900015], [92.16655245800013, 21.60339185900017], [92.16460036500018, 21.60324676500005], [92.16328799800004, 21.602900369000167], [92.16295615500002, 21.602541219000102], [92.16215610300009, 21.601458955000112], [92.16199813100019, 21.59964140500017], [92.16185156800003, 21.59855064500016], [92.16124798200019, 21.597529036000083], [92.16058189000017, 21.596686582000018], [92.15979003300009, 21.596152790000076], [92.15879934000009, 21.595436449999966], [92.15716153300019, 21.595155177000095], [92.15604173600019, 21.594562405000033], [92.155315035, 21.5940254840001], [92.15520070800005, 21.59393716200009], [92.15485230400003, 21.593668009000112], [92.15366378800007, 21.592834546000176], [92.15300136600018, 21.59223582700008], [92.15195007500012, 21.59182500200012], [92.15093338000014, 21.591704576000097], [92.15088298600006, 21.591698605999966], [92.15057537200016, 21.59166216799997], [92.14946279100002, 21.591554632000168], [92.14874419199998, 21.59156391300013], [92.1485769630001, 21.59192728800008], [92.14850709500018, 21.593203726000183], [92.14735082200019, 21.594552886000088], [92.14658405400013, 21.59571641000008], [92.14568005600012, 21.596455015000174], [92.14529055400004, 21.596642902000156], [92.1444762050001, 21.59683175000015], [92.14420183700014, 21.596232510000107], [92.14316131700019, 21.59618496200011], [92.142517397, 21.595974771000044], [92.14244272600013, 21.595950397000138], [92.1421782160001, 21.59565128600019], [92.1417134030001, 21.594986765000158], [92.14156520500012, 21.593774085], [92.14083948500013, 21.593054222000035], [92.13986146400009, 21.592822982000087], [92.13920390200002, 21.59234605299997], [92.13851740700017, 21.591929354000058], [92.13838247500018, 21.591847450000046], [92.13822051600005, 21.591749140000047], [92.13697204300001, 21.590853108000033], [92.13657336000017, 21.590250933], [92.13578520500005, 21.58971471200016], [92.13486551200009, 21.58905600300011], [92.13453318800015, 21.588574883000092], [92.1342369210002, 21.588512737000087], [92.13316394500009, 21.588287661000095], [92.13218450100004, 21.58799769500007], [92.13185008200014, 21.587331468000116], [92.13138180700008, 21.586425393000013], [92.13111377200016, 21.58588248500007], [92.13057767200007, 21.584794409000096], [92.12968299900018, 21.58365601500003], [92.12952269800013, 21.583452042000147], [92.12925319600004, 21.583109119000085], [92.12794592700016, 21.58264044800012], [92.12729079900015, 21.582283088000054], [92.12629809000015, 21.581081174000076], [92.12518984700006, 21.58085150500017], [92.12401203900009, 21.58032019500007], [92.12393961100014, 21.580285156000116], [92.1230299660001, 21.57984507600014], [92.12237222900012, 21.57930712000018], [92.12211131100003, 21.57924948900012], [92.12202621300008, 21.579359025000144], [92.12191999200013, 21.579495752000184], [92.12212900700007, 21.58046386300009], [92.12220656600005, 21.581313995000073], [92.12202057300016, 21.581925925000064], [92.121763203, 21.582112072000086], [92.12090906300006, 21.58151340000012], [92.12037014200013, 21.580183754000075], [92.11937480900013, 21.57879670400007], [92.11859667800013, 21.577987090000022], [92.11845085700003, 21.577835428000128], [92.11721236500006, 21.577609617000178], [92.11662980900019, 21.577799891000097], [92.11624357800014, 21.578046365000034], [92.1162506610001, 21.578533923000066], [92.11704046200015, 21.579192141000192], [92.11776688200001, 21.579973068000072], [92.11797590300017, 21.58094344400007], [92.11779606400012, 21.581979725000053], [92.11729013600018, 21.582959196000047], [92.116979937, 21.583994874000098], [92.11658255600008, 21.584264070000188], [92.11633634200012, 21.58442975100013], [92.11594835500011, 21.58455659500015], [92.115296785, 21.58444296400006], [92.11477051100019, 21.58402296200012], [92.11469741600007, 21.583477545], [92.11474844800006, 21.582503858], [92.11506068000011, 21.581648766000114], [92.11543162300018, 21.580307539000103], [92.11541660700016, 21.579273737], [92.11507286600005, 21.57800028700018], [92.1142114810001, 21.576857581000127], [92.11348598200004, 21.576137578000157], [92.11205260700018, 21.575911941000015], [92.1108845600001, 21.576048666000077], [92.10978604900004, 21.576487024000073], [92.10907818600003, 21.576983643000062], [92.108691942, 21.5772301020001], [92.107704136, 21.577571048000095], [92.10759196100008, 21.577609764999977], [92.10607635800017, 21.57790448100002], [92.10463144000016, 21.578520923000042], [92.10462902400013, 21.578353888000038], [92.104626645, 21.57818911000004], [92.10431753400013, 21.577468317000182], [92.1041906260001, 21.576912283000183], [92.10370936200007, 21.576638418000186], [92.1026913620002, 21.57642777200016], [92.10226742100002, 21.575986109000098], [92.10172405700018, 21.57554821500014], [92.10117825500015, 21.574941025000157], [92.10074950500001, 21.574165292000032], [92.1006195710001, 21.573439970000038], [92.10031509600009, 21.57299679500005], [92.09995252400006, 21.572667237000132], [92.09952799900003, 21.57222557700004], [92.0990169710002, 21.571906239000043], [92.0985693680002, 21.57162653300003], [92.09833389700003, 21.5712398660001], [92.09819814400004, 21.57101417800004], [92.09800453600019, 21.57001422400009], [92.0979924790002, 21.56917678600007], [92.0982214080002, 21.56867405900016], [92.0986989220001, 21.5684973650001], [92.0988726830002, 21.568161044000078], [92.09907870100017, 21.568011699000067], [92.0991091750002, 21.567990998000028], [92.09946932500014, 21.56815352500007], [92.09965331500013, 21.56848533699997], [92.1000086520001, 21.568313790000104], [92.10012247500003, 21.567921781000052], [92.10023466900009, 21.567416912000112], [92.10047377500013, 21.56747033900001], [92.10071911699998, 21.56791425900019], [92.10090632800012, 21.568469535000077], [92.10168395199997, 21.56862678900012], [92.10245977100016, 21.568616996000117], [92.10341657300006, 21.568771981000054], [92.10389779000019, 21.56864760000019], [92.104546126, 21.568480022000188], [92.10501604900008, 21.567970629000058], [92.10488854800013, 21.56741460300003], [92.10511776100014, 21.566741187000105], [92.10564097500009, 21.565786366000054], [92.10556432700014, 21.564615619000108], [92.10573402300014, 21.563999394000177], [92.10560631200019, 21.563386932000128], [92.10553853600004, 21.56283015200006], [92.1057744090001, 21.56266010400003], [92.10648642600017, 21.562371154000118], [92.10677797400012, 21.561920455], [92.10694908300013, 21.56136065400017], [92.10700639200019, 21.56119286500001], [92.1068692, 21.559966443000178], [92.10667633800006, 21.559020671999974], [92.10629643800007, 21.558751981000057], [92.10613381400009, 21.558636960000058], [92.10565179600019, 21.558306663000167], [92.10487585300001, 21.558262286000115], [92.10434057000009, 21.558379672000058], [92.1036762010001, 21.557830422999984], [92.10283728700011, 21.557561065000073], [92.10151983100019, 21.557243557000106], [92.10109595300008, 21.556801888000052], [92.100613985, 21.55647383300004], [92.10025386200016, 21.556311307999977], [92.09941757500013, 21.5562654040001], [92.09840916300004, 21.556668681000133], [92.09727803400011, 21.556949208], [92.09721999500005, 21.55696360200011], [92.09638751900007, 21.55714114400007], [92.09598248500015, 21.556995313000186], [92.09578770600012, 21.55692518300009], [92.09542275400008, 21.556426316000113], [92.09529770500012, 21.556037314000037], [92.09475521900004, 21.555653560999986], [92.094032798, 21.555217884000115], [92.09349349400014, 21.55505533800016], [92.09270875700014, 21.554396928000017], [92.09222040100008, 21.55362191000006], [92.09149877600015, 21.553240394000113], [92.09082806800006, 21.552244153000174], [92.08945075800017, 21.551870852000093], [92.08872833900017, 21.551432892000093], [92.0879460020002, 21.550939236000147], [92.08751131300016, 21.55045476800018], [92.08740035500006, 21.55033198700005], [92.08740336100016, 21.55028905400013], [92.0874505110001, 21.549663091000127], [92.08780181600014, 21.549211672000183], [92.08839677100008, 21.549091337000107], [92.08977327700012, 21.549410474000126], [92.09048928300018, 21.54940149400005], [92.09138383600003, 21.54939027200004], [92.0918537550001, 21.548880915999973], [92.09249802600004, 21.548035238000182], [92.09344590400013, 21.547578576000035], [92.09487708600005, 21.547504154000137], [92.09541278300009, 21.5473877660001], [92.09624472900015, 21.547207010000022], [92.09921889800012, 21.54661193700008], [92.10064122000006, 21.54592349700016], [92.10171428900009, 21.54590997100013], [92.10248998800006, 21.54590018900018], [92.10344104100017, 21.545666941000093], [92.10409245500006, 21.545322329000157], [92.10468014700018, 21.54470083000018], [92.10497088900007, 21.544195964000153], [92.10532514000016, 21.543911540000067], [92.10585714500007, 21.543570688999978], [92.10669353600008, 21.543670747000135], [92.10747244700013, 21.54388440800011], [92.10779402500009, 21.544286681000074], [92.10795843099999, 21.544492342000126], [92.1082557540002, 21.544664185000045], [92.1086197300001, 21.544874550000145], [92.1095753780001, 21.544918900000084], [92.11082193100015, 21.544512547000124], [92.11135470800008, 21.544225852000125], [92.11200371100006, 21.543716435000135], [92.11355041600001, 21.543416885000056], [92.11474512600012, 21.543514616000095], [92.11612482300012, 21.54405474300006], [92.11696991400015, 21.54471227300013], [92.11804702700005, 21.544978537000134], [92.11917957600019, 21.544907701000113], [92.12061965300006, 21.545449279000024], [92.12157466700006, 21.54549130800001], [92.12198638600012, 21.54509549900007], [92.1234733930001, 21.544798875000026], [92.1237832860001, 21.544357804000015], [92.12470097400018, 21.543051634000108], [92.12551461400017, 21.54158961000013], [92.12562257400003, 21.54098937400005], [92.12573561200014, 21.54036090300019], [92.1257272860002, 21.5403361650001], [92.1253610660001, 21.53924815300013], [92.12487424700004, 21.53858610100002], [92.12474727600011, 21.53802782800011], [92.12449545200002, 21.537139275000072], [92.12519675700008, 21.536125691000052], [92.12595876900008, 21.535221960000115], [92.12642042600015, 21.534157247000053], [92.12646225000009, 21.532928567], [92.1267496050001, 21.53193432000006], [92.12680280200016, 21.531750258000102], [92.12673722100016, 21.531306342000164], [92.12665393900005, 21.529688686999975], [92.12664997700006, 21.529416689000072], [92.12664256400006, 21.52890769400011], [92.12638746300019, 21.527793421000013], [92.12607733600004, 21.52695979400005], [92.126425246, 21.526287102000026], [92.12683364900016, 21.52566782000008], [92.12724773400004, 21.52543903500009], [92.12736796800004, 21.525493943000185], [92.12784744900017, 21.52565489200009], [92.12796442700011, 21.52548633600003], [92.12807975900006, 21.52520491900009], [92.12837851000018, 21.525257549000173], [92.12862302500008, 21.525644997000086], [92.12928323800008, 21.52591425900016], [92.12975949400004, 21.525853994000045], [92.12993149300013, 21.525404791000085], [92.12988281700018, 21.52489908900003], [92.12986182300006, 21.524680983000053], [92.12926211100017, 21.52446513400008], [92.12865670899998, 21.523858786000176], [92.12912154100007, 21.52301527500009], [92.12917716800018, 21.522734619000175], [92.12851206900012, 21.522129033000112], [92.12849743200007, 21.521124576999966], [92.12897202900018, 21.520951456000148], [92.12974514600006, 21.520774524000046], [92.13003575600015, 21.520269622000058], [92.12984930599998, 21.51976855200013], [92.12936576400011, 21.519327714999974], [92.12863997000011, 21.518612276000056], [92.12827688400012, 21.51828277900006], [92.12773933500011, 21.518233194000118], [92.12689980000005, 21.51790751300007], [92.12659399100005, 21.51741021600003], [92.12687870700017, 21.516458382000167], [92.12728869300014, 21.515949706000185], [92.1281223100001, 21.515828454000086], [92.12859850300015, 21.51576594000005], [92.12865169300011, 21.515318252000156], [92.1281676010002, 21.51487967200012], [92.12797447100002, 21.513877491000073], [92.12808411000015, 21.513205577000065], [92.12897029800013, 21.51263663900005], [92.12992430600019, 21.512624466000034], [92.13176426700011, 21.511986901000114], [92.13265204600009, 21.51152855000015], [92.13300229800012, 21.511020623000093], [92.13269547500005, 21.51041272900011], [92.13202795300003, 21.5096378610001], [92.13184237000007, 21.509195479000084], [92.13208755000011, 21.508720505000042], [92.13219078700018, 21.50852051400011], [92.13277983000017, 21.508009539], [92.13290155600015, 21.507671597000126], [92.13203504500012, 21.506278424000072], [92.13137334000015, 21.50577665100019], [92.13078890200012, 21.505610275000095], [92.13036301400007, 21.505604421000157], [92.1300972620001, 21.505454296000096], [92.12994451400004, 21.505153722000045], [92.12983687400003, 21.504802903999973], [92.12930372200015, 21.50418208400015], [92.1284069410001, 21.503771344000086], [92.12805884300008, 21.503184282000177], [92.12799506900012, 21.502324937000026], [92.12822267500013, 21.501595079000083], [92.12707973900007, 21.501591583000106], [92.125331469, 21.501351961000182], [92.12423024700001, 21.500898647000156], [92.12345986400015, 21.500260503000106], [92.1233304800001, 21.49944939800008], [92.123297138, 21.499479172000065], [92.12211483900018, 21.500544004000062], [92.12146707000011, 21.501123419000123], [92.12081909600016, 21.501689287000033], [92.1202334420002, 21.501728333000074], [92.11980624400019, 21.50175633300006], [92.11945354100004, 21.502097201000026], [92.11934465100012, 21.50282328500009], [92.11935031100006, 21.50321378200016], [92.11918011600005, 21.503830024000138], [92.11847626700018, 21.504620098000146], [92.11835768900016, 21.50467804600015], [92.11801323400016, 21.505630626000084], [92.11760566100008, 21.506306314000028], [92.11708110300003, 21.507150552999974], [92.11745544900009, 21.508261080000125], [92.11746516000011, 21.508931475999987], [92.1175404130002, 21.510045795999986], [92.11713848200009, 21.511111986000117], [92.11583981400008, 21.51202248100003], [92.11483011900015, 21.512312966000025], [92.11387066900016, 21.51199099100012], [92.11303119600007, 21.51166523200004], [92.11183596600011, 21.51151329400011], [92.11112317200013, 21.51168937700004], [92.11035652400011, 21.51231315500013], [92.11024680100019, 21.51298506100011], [92.11049852100001, 21.51387590799999], [92.11027017400005, 21.51460349900009], [92.10973668100007, 21.51483375400005], [92.10913845100009, 21.514674249000052], [92.10859932300008, 21.514513997000165], [92.10818459700005, 21.51474048500006], [92.10771887600015, 21.51552977100016], [92.10814020000004, 21.515802141000165], [92.108205537, 21.516191889000083], [92.10761396100008, 21.516535751000106], [92.1069592130001, 21.516598203000115], [92.106663917, 21.51682543900006], [92.10637003800014, 21.517109097000116], [92.1060067900001, 21.516723108000065], [92.10552431600013, 21.51639280700016], [92.10569539200009, 21.51583300800013], [92.10617160000004, 21.515770557], [92.10641526000012, 21.516103873000077], [92.10665347000014, 21.5161008660001], [92.10670513400015, 21.515542572000072], [92.10640400200009, 21.51532286600019], [92.10586487100016, 21.51516260500017], [92.10556151200018, 21.514830044000064], [92.10513535100017, 21.514221339000073], [92.10458979000009, 21.513614137000104], [92.10374392100016, 21.51284365400005], [92.10314107400012, 21.512404236000123], [92.10278106200019, 21.512241705000065], [92.10182565800017, 21.51219955600004], [92.10093211700007, 21.51226499000012], [92.10021068700001, 21.51188349500012], [92.09948746300006, 21.511334953000187], [92.09876762800008, 21.511064055000134], [92.09793301300004, 21.511074550000046], [92.09746002300017, 21.51136044300017], [92.09639139200016, 21.51170800400007], [92.094538467, 21.511453575000075], [92.09376193500009, 21.511350435000054], [92.09316231900004, 21.51113444900011], [92.09221072200006, 21.511315704000083], [92.0909605810001, 21.511498438000103], [92.09048676500015, 21.511727883], [92.09025354300007, 21.512121381000043], [92.08996122200011, 21.512515618000066], [92.08990390700006, 21.51268340500019], [92.08907324800003, 21.51297149700008], [92.08823962800011, 21.51309481200002], [92.0869876800001, 21.51311047500019], [92.08608955300014, 21.512898192000137], [92.085726368, 21.512512153000046], [92.08494764900018, 21.512298375000114], [92.08453909400004, 21.512917566000112], [92.0845487750002, 21.513004287000115], [92.0846075550001, 21.513530796000055], [92.08521193700017, 21.514080893000028], [92.08581951300016, 21.514854454000158], [92.08588559700013, 21.515300648000107], [92.08584261700014, 21.516472915000065], [92.0858133010002, 21.51741924900017], [92.085498868, 21.517533804000152], [92.08500444700007, 21.51771608100006], [92.08490900600009, 21.517748881000102], [92.08401430000009, 21.517947445000175], [92.08235550600017, 21.518749310000032], [92.08045291200017, 21.51916362200018], [92.0782549590001, 21.51980510100003], [92.07699180900005, 21.51997497700006], [92.07688591000004, 21.51998921800009], [92.07515624600012, 21.52001073800011], [92.07366223500003, 21.519805801000132], [92.07294636700016, 21.51981469700013], [92.07229477800013, 21.520102744999974], [92.0718720980002, 21.519773855000153], [92.07170530900015, 21.51958313100016], [92.07162990800003, 21.51949690900011], [92.07138951600001, 21.519389267000122], [92.07116609000019, 21.519414618000155], [92.0708535340001, 21.51945010600008], [92.07067502200005, 21.519452321000188], [92.07019167300012, 21.519013554000026], [92.06946551300007, 21.518295586000136], [92.06892640200016, 21.5181352030001], [92.06810042300015, 21.518759533000036], [92.06751106000013, 21.51926804300001], [92.06672618900012, 21.51939065200014], [92.06626003800017, 21.519396428000107], [92.06589768000003, 21.519066775000056], [92.06534985800016, 21.518290137000122], [92.06427084400008, 21.51791290699998], [92.06390258300007, 21.517980336000164], [92.062961685, 21.51815261100012], [92.06182101500013, 21.518336197], [92.06176455600018, 21.51835079100016], [92.06046415900016, 21.518686936000165], [92.05909902900015, 21.519150813000124], [92.05804583800017, 21.519248820000143], [92.05772855100008, 21.5192783440001], [92.05629896600004, 21.51940659900015], [92.05612191700004, 21.51942403300012], [92.05567059800012, 21.519468474000178], [92.0543334460001, 21.519600138000044], [92.05355548400007, 21.519440385000053], [92.05289462000007, 21.519114377000108], [92.0523578640001, 21.519120980000025], [92.05122683600013, 21.519247774000064], [92.05062799700005, 21.519085807000067], [92.05020302100007, 21.518589818000123], [92.0501187770002, 21.518561502000125], [92.05006300900004, 21.51854186700018], [92.04924423900013, 21.518267453000192], [92.04817073400005, 21.51828063400012], [92.04754570500012, 21.5183448680001], [92.04632458900016, 21.518470354000044], [92.0454309590001, 21.518535496000084], [92.04465868400007, 21.518491102000155], [92.04393561699999, 21.518276121000042], [92.0436298890001, 21.5177222100001], [92.04354969200011, 21.517120383000133], [92.0434964270001, 21.51671916099997], [92.0437824550001, 21.515821603000177], [92.04412369600004, 21.514645667000025], [92.04421891800007, 21.512915090000092], [92.0441931520001, 21.51107310800012], [92.04411782200009, 21.509956462000105], [92.0436911610002, 21.509293402000083], [92.04284501000012, 21.50852258800012], [92.04241675200018, 21.507744400000036], [92.04245650100017, 21.507545317000165], [92.04252836600017, 21.50718537900002], [92.04337169700005, 21.506644573000074], [92.0434148940002, 21.506616872000166], [92.044724788, 21.50643376300019], [92.04550009100012, 21.506408305000036], [92.04746664900011, 21.506343713000035], [92.05026567100009, 21.506029403000127], [92.05061644000006, 21.50600991100015], [92.05151742800018, 21.50595984100005], [92.0527151230001, 21.506335699999966], [92.0534387670001, 21.5068844540001], [92.05428515000006, 21.507711650000147], [92.05512271900017, 21.507868412000164], [92.0556570810001, 21.507694761000096], [92.0561247780002, 21.507075793000013], [92.0565286310001, 21.50606525100011], [92.05645400800006, 21.505005050000022], [92.05644302000007, 21.504224017000126], [92.05672965300005, 21.503838404000135], [92.0573324250002, 21.503822478000075], [92.05775680800002, 21.504320715000176], [92.05836105600014, 21.504870920000144], [92.05878620600015, 21.505423331000088], [92.05967971400014, 21.505355866000116], [92.05970673899998, 21.50529915200019], [92.06002710400014, 21.504626856000186], [92.06006146300007, 21.50453195500006], [92.0601628930001, 21.50425179300015], [92.06037194500016, 21.503674367000144], [92.05988706500017, 21.503120441000135], [92.05963961500015, 21.50250939700004], [92.05927340700003, 21.501902077000068], [92.05926002700016, 21.500951748000034], [92.05948642400017, 21.500111349000065], [92.05961812300012, 21.499883226000065], [92.0597778560001, 21.499606543000027], [92.0597668580001, 21.498825513000043], [92.05968558100005, 21.498660094000115], [92.05952097500011, 21.498325078000107], [92.05915868800002, 21.49799540600003], [92.05916622500007, 21.49791424400007], [92.05921053600008, 21.497437112], [92.05932284300002, 21.496932260000165], [92.0596113160002, 21.49626042000017], [92.05996339500012, 21.495865496000192], [92.06049612100014, 21.495578969], [92.06049443400008, 21.49545933000013], [92.0604827630001, 21.494630897000093], [92.06076944500018, 21.493789752000055], [92.061100393, 21.493230847000063], [92.06123540400012, 21.493002837], [92.06156470700006, 21.49279051400015], [92.06176731900013, 21.49265987399997], [92.06176367700004, 21.492401430000086], [92.06175004700015, 21.491434154], [92.06192283300004, 21.490984996000122], [92.0621578570001, 21.49075858200007], [92.06226779800005, 21.490086688000076], [92.06262144600004, 21.48980462200018], [92.06273292100008, 21.489643011000055], [92.06285547900012, 21.48946533400016], [92.0638086130001, 21.489399377000154], [92.06392284100014, 21.489376502000084], [92.06499813000005, 21.48916116300012], [92.06594807100004, 21.488869462000082], [92.06679258100007, 21.488421], [92.06713206100011, 21.488240723], [92.06719203200004, 21.488223857000037], [92.06722542100005, 21.488214467000148], [92.06796340300014, 21.488006919000043], [92.06821380700006, 21.48798754500001], [92.06879713500001, 21.48794241200011], [92.07004868400014, 21.487870463000093], [92.071242139, 21.487912114000096], [92.07183766600019, 21.48784828700002], [92.07225411400015, 21.48778668], [92.07309583900008, 21.48788230600013], [92.073123049, 21.487885398000174], [92.07314990200001, 21.487888448000092], [92.07389462200018, 21.487948192000033], [92.07407308, 21.487962509000056], [92.07434412000009, 21.487984251000114], [92.07494044700013, 21.487976844000116], [92.07554388100016, 21.488470555], [92.07596983900004, 21.489079355000115], [92.07616112700003, 21.48942640600012], [92.076336911, 21.489745326000047], [92.07669844200018, 21.490020786000116], [92.07729634499998, 21.49012397600012], [92.07755051400017, 21.4903556160001], [92.07759878900015, 21.490400168000065], [92.07789505200009, 21.49028359800019], [92.077932185, 21.489883526000142], [92.07794682600007, 21.489725305000093], [92.07744135700011, 21.487722251000093], [92.07736869800004, 21.48616377000019], [92.07735551700011, 21.485881045000156], [92.07715981400014, 21.484711738000158], [92.07703151800001, 21.484042800000054], [92.07672587900004, 21.483540157000107], [92.0767180410001, 21.482987840000135], [92.07647433900019, 21.482600289000118], [92.07616717900004, 21.481990013000086], [92.07621656000009, 21.481262422000043], [92.07549614599998, 21.480937234000123], [92.074953038, 21.480442773000163], [92.07464508600009, 21.479776062000155], [92.07374778400009, 21.479563686000176], [92.07328273200017, 21.480407062000154], [92.072690368, 21.480692108000085], [92.07156142300016, 21.48098606100018], [92.07096512400011, 21.48099345500009], [92.07036726000018, 21.48089023500006], [92.0698863840002, 21.480616239000142], [92.0693961730002, 21.480236246], [92.0686872500001, 21.480393451000168], [92.0683190920002, 21.480354998999985], [92.06807061700016, 21.480114353000147], [92.06783806400017, 21.47991651900014], [92.06754789800016, 21.47997745500004], [92.06668886700004, 21.47988772600013], [92.06624434000014, 21.479864550000173], [92.06584616200001, 21.47986947300012], [92.06544737700017, 21.47983139300004], [92.06484808800008, 21.479695434000064], [92.06429349900009, 21.47992330700015], [92.06386752000009, 21.48012928100013], [92.06321525500005, 21.480581769000082], [92.0627104780001, 21.48063101100007], [92.0622808600001, 21.480578967000042], [92.06171174700017, 21.48050116500019], [92.0616669870002, 21.47949815600009], [92.06184450300015, 21.479051532000085], [92.06186112500006, 21.478533933000108], [92.06123135600012, 21.477943810000056], [92.06125868500015, 21.477914303000034], [92.0615550920001, 21.47759456700004], [92.06154330100009, 21.47675710300001], [92.06099961800015, 21.476260342000046], [92.06003640500012, 21.475603934000105], [92.05901268500014, 21.47488956800015], [92.05799056200004, 21.474288059], [92.05726473100009, 21.473572270000034], [92.0567195210001, 21.47296488100011], [92.05617431700011, 21.47235749200007], [92.05606783200011, 21.47189197900019], [92.05604711300009, 21.471801401000164], [92.05645804500017, 21.471349318000136], [92.05651763100008, 21.471326793000117], [92.05734619800018, 21.47101357700018], [92.0573925540001, 21.470996052000032], [92.05902817700019, 21.47037773400001], [92.05996580000004, 21.470251490000066], [92.0606610910001, 21.470319383000117], [92.06223062900011, 21.47074608300005], [92.06291650600008, 21.470960605000016], [92.0631634090002, 21.471091367000042], [92.06356854100017, 21.470856981000168], [92.06361687400016, 21.470655197000156], [92.06366497700014, 21.470454366000183], [92.06365636000004, 21.46984277700011], [92.06350777900008, 21.46944318700008], [92.06312921900019, 21.46866412500009], [92.06283287200012, 21.467922280000096], [92.06253356900015, 21.466970198000183], [92.06249926900011, 21.466834925000114], [92.06243750800007, 21.466591351000034], [92.06221023600011, 21.465695015999984], [92.06221820200005, 21.4654173400001], [92.06215110900013, 21.464634743000147], [92.06214781000011, 21.46459301800013], [92.06203081300009, 21.464375330000053], [92.06200650400012, 21.46433010000004], [92.06193442, 21.464195978000134], [92.06186401200006, 21.464068579000184], [92.06165731700008, 21.463694853000163], [92.06143374400017, 21.46340410800019], [92.06123228800004, 21.46314243900008], [92.0611034920002, 21.46247348700018], [92.06107429100018, 21.462229792000187], [92.06101557500011, 21.46173978200011], [92.06102712100017, 21.461108828000135], [92.06114236400003, 21.46059129000014], [92.06117244400002, 21.459826298999985], [92.06134333200015, 21.459542249000094], [92.06153161000009, 21.459229291000156], [92.06175350300009, 21.459035401000108], [92.06210004700011, 21.458992898000076], [92.06263275900017, 21.459120137000184], [92.06306177600004, 21.459133959999974], [92.06374656800006, 21.45915065000014], [92.06420695700001, 21.458818959000155], [92.06448393300019, 21.45861940800006], [92.06506820000016, 21.458057846000145], [92.06496234899998, 21.457791536000116], [92.06446589600006, 21.457338893000042], [92.06376286100004, 21.45671676], [92.06282664800011, 21.455485802000112], [92.06257412500008, 21.454953683000042], [92.06223994200008, 21.454422568999973], [92.06203898500007, 21.453773262000027], [92.06188718100009, 21.453149242000052], [92.06183080200015, 21.452917488000082], [92.06186115100007, 21.45217161], [92.06191433400016, 21.451597488000118], [92.06195578200004, 21.45153283200011], [92.06229592699998, 21.45100222800005], [92.06231086900016, 21.45079300599997], [92.06267022500009, 21.450173623000182], [92.06272098500017, 21.449427492000154], [92.06263314000012, 21.448988918999987], [92.06248043800008, 21.447897797000167], [92.06250146800005, 21.447822806999966], [92.06273430800013, 21.44699256900003], [92.06290019400018, 21.44609872900014], [92.06258669800019, 21.44498502400012], [92.06250477500004, 21.444860874000142], [92.06203844300018, 21.444154169], [92.06199417300007, 21.44398964400017], [92.06172419800004, 21.4429862880001], [92.06195210900017, 21.44225875500007], [92.06224250800011, 21.44165525200009], [92.06226139100016, 21.441616009000143], [92.06292815300009, 21.441614562000098], [92.06296223200013, 21.442022790000124], [92.06291198600007, 21.44269394900016], [92.06334225400013, 21.44358044200004], [92.06406109000011, 21.44385153400009], [92.06500919100017, 21.44344925000007], [92.06503264800006, 21.443224958000144], [92.06511439800005, 21.44244327100006], [92.06432410500014, 21.441335452000146], [92.06466740700012, 21.440326537000033], [92.06497031700013, 21.440065073000085], [92.06525648899998, 21.439818055000046], [92.06578036000008, 21.438917534999973], [92.0658832100001, 21.437744515000077], [92.06589463900002, 21.437703129000056], [92.06639371900013, 21.435895917000096], [92.06648651600005, 21.435742659000027], [92.06669667500017, 21.43539556999997], [92.0668014060002, 21.435222601000135], [92.06682960800003, 21.43519932400011], [92.06720173000008, 21.43489218899998], [92.06762615900016, 21.43454187700013], [92.06813390300005, 21.432465289000106], [92.068175414, 21.432015395000178], [92.06820251500005, 21.4317216500001], [92.06832266200013, 21.430558711000117], [92.0684136430001, 21.429678070000136], [92.06877811200013, 21.42810889100008], [92.06884330400004, 21.427828212], [92.06888725500005, 21.426712357000156], [92.06929096500005, 21.425759131000177], [92.06928320100013, 21.425697991000106], [92.06908686700001, 21.424151904000155], [92.0683674500001, 21.423704736000104], [92.0680092570002, 21.423652717000152], [92.06717925100008, 21.423827777000042], [92.06687993500003, 21.42389017199997], [92.06700870900005, 21.424559124999973], [92.06755611200009, 21.425333535000107], [92.06738731500008, 21.426060345000053], [92.0667934280001, 21.42618056300006], [92.06650999200008, 21.426082203000078], [92.06601440600008, 21.425910221000038], [92.065826764, 21.425298437000038], [92.0659319610001, 21.424292456000046], [92.06562244300011, 21.423458660000165], [92.06477358300003, 21.422464446000163], [92.06404140400008, 21.42207355400012], [92.0637526180002, 21.421919375000073], [92.06261312100014, 21.421432202000176], [92.06163739900006, 21.421318406000182], [92.06129989300018, 21.421279042000094], [92.06004144800005, 21.420975031000125], [92.05998375400009, 21.420961093000187], [92.05979257500019, 21.420874508000054], [92.05914415600006, 21.420580832999974], [92.05776972100011, 21.420317767000085], [92.05711936200004, 21.42027834600009], [92.05627772900016, 21.4202254650001], [92.05579472400007, 21.420231394000098], [92.05508621600006, 21.420240090000107], [92.05421566400014, 21.419979460000036], [92.0541879110001, 21.41997115099997], [92.05370985600007, 21.41990272600009], [92.05311279200004, 21.419817265000063], [92.05292578799998, 21.419548628000143], [92.05119221600012, 21.419508911000094], [92.05067183400001, 21.420014242000093], [92.05068274100012, 21.420795284000064], [92.05122850300017, 21.42145914500003], [92.05219600200019, 21.42245198400019], [92.05232704500014, 21.423287992999974], [92.05222329700007, 21.424404584000115], [92.05151785700014, 21.425083775000076], [92.05086756200006, 21.425482327000168], [92.04968318800013, 21.426054490000183], [92.04931947700015, 21.42611839200015], [92.04831573500002, 21.42629473900007], [92.04735839400013, 21.42607390100011], [92.04713279600014, 21.425871239], [92.04663438500017, 21.425423495000132], [92.04614596900012, 21.42459184300003], [92.04562868900013, 21.424024698000096], [92.04554054700009, 21.423928692000175], [92.04488093600014, 21.42365904600007], [92.04435488500008, 21.423896755999976], [92.04399256, 21.424060482000016], [92.04310357800017, 21.424461920000056], [92.04227718400017, 21.425029663000032], [92.04132447800004, 21.425097723000135], [92.04066715700009, 21.42499284700017], [92.03977644100013, 21.425227217000042], [92.03959975400016, 21.42539644200008], [92.03871359700014, 21.425965323000185], [92.03800445200017, 21.426420563000022], [92.037350258, 21.426541411000073], [92.03645485900012, 21.426439417000154], [92.03590992200003, 21.42583193700017], [92.03542081000006, 21.424946073000058], [92.03537841700006, 21.42484725700001], [92.03532792400006, 21.424728214000027], [92.03511294700007, 21.424222834000147], [92.0345664940001, 21.42350473900018], [92.0343146830001, 21.42255954300009], [92.033921716, 21.421934695000118], [92.0338271230001, 21.421784284000182], [92.03328762400014, 21.421567317999973], [92.03251390300017, 21.42163089500019], [92.03210241600016, 21.42208292300012], [92.03144884000005, 21.422203741000146], [92.03108387000009, 21.42170468900008], [92.03119702200019, 21.421256282], [92.03125776200005, 21.421178633000068], [92.03154827100019, 21.420807244000173], [92.03165910800004, 21.420191792000026], [92.03159094800009, 21.4195785120001], [92.03132611600006, 21.41949843700013], [92.03123198900016, 21.419469976000187], [92.03089117500019, 21.419414533000122], [92.03042726299998, 21.41933906300011], [92.03039677900017, 21.419220453000037], [92.03038139300014, 21.41917032000009], [92.03032489000014, 21.418986207000046], [92.03025191600017, 21.418719842000087], [92.03021839800004, 21.418597497], [92.03016255000006, 21.418455236000057], [92.03009313900009, 21.418213897999976], [92.03004993100006, 21.4181113410001], [92.02990428300006, 21.41797148100011], [92.02977129700008, 21.417833023000185], [92.02968455400008, 21.417602925000153], [92.02965323500007, 21.417299459000105], [92.02959771600018, 21.41697918000017], [92.02925096400008, 21.416855323000107], [92.02922425100013, 21.416843190000066], [92.02891338500018, 21.41670199800012], [92.02872435800003, 21.416594205000024], [92.02872435700016, 21.416484686000103], [92.02870296900016, 21.416338660000065], [92.02866943800012, 21.416170333000082], [92.02861810600012, 21.41608636799998], [92.02858887500014, 21.416014352000104], [92.02853186200014, 21.415864078000084], [92.02851844300017, 21.415668867000022], [92.02852319500005, 21.41553279700014], [92.02853255999997, 21.41537094600011], [92.02851250200013, 21.41528057100004], [92.02848695300003, 21.415195387999972], [92.0284620010001, 21.415131225000096], [92.02841922400006, 21.415051575000064], [92.02838802800011, 21.415019008000172], [92.0283825730001, 21.414918577000094], [92.02836237400015, 21.414827862000152], [92.02835524500017, 21.414782505], [92.02839683300004, 21.414706173000127], [92.02857835300017, 21.414541390000068], [92.02865884100004, 21.414439009000034], [92.02868260700006, 21.414333915000043], [92.02868557700015, 21.41417074100002], [92.02868557700015, 21.414024160000054], [92.02867072500015, 21.413844390000122], [92.02862913500007, 21.41378907600017], [92.02838554500016, 21.41376971600016], [92.02804095400018, 21.41371993400014], [92.02792510000018, 21.413667386000043], [92.02789539400004, 21.413598244000184], [92.02789539400004, 21.413534633000154], [92.0279488650001, 21.413435069000116], [92.02796965900006, 21.413360395000154], [92.0279637180002, 21.413271894], [92.02786865900003, 21.41308935799998], [92.02784121200017, 21.41306124800019], [92.02781389800003, 21.41308310700009], [92.02770109800014, 21.413092108000058], [92.02741854800018, 21.413165925000044], [92.02741615200017, 21.413131747000023], [92.02738244400007, 21.41265078000015], [92.02706732400009, 21.41197241900005], [92.02658356, 21.410931005], [92.02650879500015, 21.41078579100008], [92.02615496800007, 21.410098558000186], [92.02531012399999, 21.409327588000167], [92.02488926100011, 21.409054971000046], [92.02362676200016, 21.408286779000093], [92.02355452400008, 21.408246769000186], [92.02340080300002, 21.40816163000011], [92.02254562200005, 21.40768798000005], [92.0212847000002, 21.40703263900008], [92.02044142000005, 21.40637225200004], [92.02031672600003, 21.40598316400019], [92.02001811500008, 21.405231283000035], [92.01946472600008, 21.40383786900003], [92.0180987870001, 21.40191883000017], [92.01708564400019, 21.40060485300006], [92.014535965, 21.398879233000116], [92.01283506600004, 21.39764517700013], [92.01223773200019, 21.39719932500003], [92.01205524300008, 21.397063114000048], [92.01155904200016, 21.396692743000017], [92.01065601800008, 21.395750852000162], [92.01010718000015, 21.39517838200004], [92.00938480100012, 21.39442489000004], [92.00787467600014, 21.39396553000006], [92.00748010600017, 21.393732136000096], [92.00718743100003, 21.39370627000011], [92.00670313100011, 21.393663469000046], [92.00632616700017, 21.394040513000164], [92.0049337530001, 21.395662458000118], [92.00451952300011, 21.39579571000013], [92.00370180300013, 21.396058753000148], [92.00319444000013, 21.3957185430001], [92.00243479400018, 21.395209160000093], [92.00193789899998, 21.395145104000164], [92.00187296300015, 21.395687749], [92.00091543900015, 21.39565628300005], [91.9993044630001, 21.395443065], [91.99869895800015, 21.394700586000113], [91.99877238800019, 21.394645510000032], [91.99953186100004, 21.39420747100013], [91.99959680900008, 21.39415250899998], [92.00028872000007, 21.393577550000145], [92.00118041400015, 21.391607146000183], [92.00327435200018, 21.387949361000096], [92.00522690800011, 21.385200875000066], [92.00758082100009, 21.38197117200008], [92.0091331650001, 21.379803173000028], [92.01333734900015, 21.3738260880001], [92.01554115500005, 21.3708374200001], [92.01739343000008, 21.368234520000044], [92.01879178500008, 21.366018628], [92.02043054, 21.36274996600008], [92.02161081300005, 21.35953422700004], [92.02216826900019, 21.357977257000186], [92.02298610899999, 21.3556929880001], [92.02326034700013, 21.355172653000125], [92.02337685800012, 21.354399087000047], [92.02351608000009, 21.353392702], [92.02366260000014, 21.351952733000132], [92.02405149600014, 21.351112831000137], [92.02439638900017, 21.35036795800005], [92.02481787600016, 21.349400630000105], [92.0251902330001, 21.348655394000104], [92.02528994300019, 21.34848692500009], [92.02596586200008, 21.346445782000046], [92.02637611900019, 21.345489811000107], [92.02664579700013, 21.344698021000113], [92.02720362200017, 21.343345202000023], [92.0278521420002, 21.341540468000062], [92.0285701040001, 21.339000240000075], [92.02922606800018, 21.336626711000065], [92.03067593200007, 21.332455044000085], [92.031213229, 21.33072810900012], [92.03219435400013, 21.327896635000172], [92.03366103900004, 21.323291053000105], [92.03475259400005, 21.317414832], [92.03473870700003, 21.316407371000082], [92.03473218200014, 21.315933979000135], [92.03502232800014, 21.31478351800007], [92.03537022800015, 21.31410875], [92.03577073700018, 21.31358009800016], [92.03646786000019, 21.31329401900001], [92.03744717600006, 21.312141006000104], [92.03865079600018, 21.311588781000182], [92.03977788000014, 21.310111547000133], [92.04024337500005, 21.30879360600005], [92.04003454900015, 21.308414576000132], [92.04007918100012, 21.307982801000037], [92.04063123000009, 21.307307805000164], [92.0417159540001, 21.306082218000086], [92.04248600800008, 21.306233170000155], [92.04301975400017, 21.305847385000106], [92.04354217800005, 21.305014087000075], [92.04403102200018, 21.304234342000143], [92.044346926, 21.30359697000017], [92.04528379300018, 21.301706704000082], [92.04560487999998, 21.30105885300003], [92.04633834800012, 21.29975209800017], [92.04727127800004, 21.29808994400014], [92.04760113100008, 21.29780943300011], [92.04918091200011, 21.29646594400009], [92.05032138400014, 21.29539315300002], [92.05117732000014, 21.294587997], [92.0513039540001, 21.29426485600004], [92.05163744600014, 21.29341385000015], [92.05174095900014, 21.293149706000122], [92.05186583900013, 21.29234885000011], [92.05203019700008, 21.291294815000015], [92.05291282200017, 21.290146140000104], [92.05318434200007, 21.290070845], [92.05465866300011, 21.289661994000028], [92.05582507800011, 21.28956421400011], [92.05603007700006, 21.289561709000168], [92.05654344600003, 21.289555436000114], [92.05687649400005, 21.289551366000126], [92.05784710700016, 21.289539501000093], [92.05821813900013, 21.289523887000087], [92.05928384499998, 21.289479033000077], [92.0602423000002, 21.289505237000128], [92.0605388190001, 21.289513343000067], [92.06071437900005, 21.28951812400004], [92.0613967540001, 21.289536703000067], [92.06257081600012, 21.289944517000038], [92.06383986800012, 21.290728204000118], [92.06478930700007, 21.291179395000086], [92.06618739300012, 21.291541539000036], [92.0671029020001, 21.29159326600012], [92.06740190900007, 21.29161016000012], [92.06920171400003, 21.291800266000052], [92.07017921900018, 21.291900342000133], [92.07140674100015, 21.29202600600007], [92.07219856199998, 21.29227816800011], [92.07247231700018, 21.292365347000157], [92.0728060200002, 21.292471615000068], [92.07379827900013, 21.292752895000092], [92.0745706890001, 21.29337554000017], [92.07471561900019, 21.294089458000087], [92.07472643100016, 21.29485965900011], [92.07472864200008, 21.295017226000084], [92.07451642400014, 21.29590261700008], [92.07382049100016, 21.297554827], [92.0732969020001, 21.298656283000184], [92.07325940300012, 21.29920311700016], [92.07353567800016, 21.29966254800007], [92.07360040400016, 21.299661750000155], [92.0741649630001, 21.299654790000147], [92.07479070000005, 21.29943710700013], [92.07550381100003, 21.299008372000117], [92.07635412400009, 21.29878565300004], [92.07689488500017, 21.298864772000115], [92.07739219700011, 21.299109241], [92.07753058600014, 21.299421678000044], [92.07757818400012, 21.299529141000107], [92.07758764600004, 21.300201827000024], [92.0776416980001, 21.300876222000113], [92.07778427100004, 21.301420831000144], [92.07810572900019, 21.301922591999983], [92.07918842200013, 21.302204978000077], [92.08048680400009, 21.301850264000052], [92.08090449800005, 21.301700604000132], [92.08169370500002, 21.301415397000028], [92.08303367500008, 21.300850183000023], [92.0837706120002, 21.300772450000068], [92.08393096300006, 21.300755535000178], [92.08496788500008, 21.300995551000142], [92.08499309900003, 21.30101651500007], [92.08546824000018, 21.301411543000086], [92.08590184700006, 21.301792237000143], [92.08612833700016, 21.302220655000042], [92.08620496100008, 21.302443219000168], [92.08615793900009, 21.302994686999966], [92.08604283699998, 21.30328054800009], [92.0859624220002, 21.303480262999983], [92.08529471300011, 21.304350991000092], [92.08466067500007, 21.305047456000068], [92.08413575100013, 21.30562290800009], [92.08395886000017, 21.30610599400012], [92.0840386660002, 21.306554292000044], [92.08426707300015, 21.30711815100011], [92.08471531400005, 21.307595748999972], [92.085216639, 21.30795076900006], [92.0856625940001, 21.308308733], [92.08610790900008, 21.30857865100012], [92.08653309100009, 21.308744965000074], [92.08695412700007, 21.30861782300019], [92.08718894800006, 21.308483962000025], [92.0872642540001, 21.308442388000174], [92.08764469300019, 21.308042564000118], [92.08782275200008, 21.307642997000187], [92.088095405, 21.307416097000043], [92.08859188500008, 21.30742799400008], [92.08978811300011, 21.307514733000062], [92.09039175300012, 21.307624536000162], [92.09085696900007, 21.307709157000147], [92.09117341700016, 21.307980664000127], [92.09118147300012, 21.308549508000112], [92.0911708590001, 21.30911858500008], [92.09128921100012, 21.309649933000117], [92.09153331900006, 21.31004425400016], [92.09199719500009, 21.310347792000073], [92.0924598580001, 21.310565551000025], [92.09295439500005, 21.310439736000035], [92.09333869400012, 21.310313038], [92.09370642800019, 21.310292654000136], [92.0940189800001, 21.310288764000177], [92.09431334600015, 21.310318963999975], [92.09449750400012, 21.310350535], [92.09466484500018, 21.310470368000097], [92.09483337199998, 21.310673722000047], [92.09502047300015, 21.310912965], [92.0951890340001, 21.311118573000158], [92.09552452500009, 21.31145756600006], [92.09582232100001, 21.311729294000145], [92.09628550600007, 21.31198315900008], [92.09669358200011, 21.312266323000074], [92.09706538600011, 21.312524315000132], [92.09767892000008, 21.313015615999973], [92.09786981000008, 21.313478322000094], [92.09785653000006, 21.31385778200007], [92.09782835600004, 21.31446094200004], [92.09785462800005, 21.31499569100015], [92.09798729900012, 21.315303340000128], [92.09826681600003, 21.315559489000066], [92.09867274300018, 21.315640214999974], [92.09901948300006, 21.315498167000158], [92.09933057000012, 21.315390430000036], [92.09991870500005, 21.315365022000037], [92.10019748299999, 21.31556925100017], [92.10029146600004, 21.315739661000066], [92.10038678800015, 21.31596198200009], [92.1005002120001, 21.316186336000158], [92.10061408400009, 21.31644229], [92.10071062700018, 21.316750391000028], [92.10093718700011, 21.317178782000042], [92.10113743700015, 21.317371561000073], [92.1012914060002, 21.317519784000183], [92.10166392100018, 21.317876358000035], [92.10194645200005, 21.318258895000156], [92.10241074600009, 21.31867302], [92.10287385400005, 21.319003625000107], [92.10323685900016, 21.319326451000165], [92.10352020900012, 21.319638984], [92.10370162700002, 21.31992458000019], [92.103754977, 21.320008566000013], [92.10376137800012, 21.320457768000097], [92.10379526500014, 21.320764391000125], [92.10411236800019, 21.32133162000008], [92.1043755890002, 21.321626340000137], [92.10468887300004, 21.321967848000156], [92.10509050400015, 21.32216826800004], [92.10548228500011, 21.322395904000018], [92.10594408900016, 21.322633951000114], [92.10633599900007, 21.322870613000134], [92.10651835400012, 21.32311215900006], [92.10671084000006, 21.323303908000014], [92.1069911730001, 21.323404247000042], [92.10733003800016, 21.323427092000088], [92.1079167920002, 21.323345231000133], [92.10831450400008, 21.323313152000082], [92.10863378300013, 21.323356558000114], [92.10866728700006, 21.323396046000028], [92.10883658400007, 21.323595585000078], [92.10898031200009, 21.32387373600011], [92.10898111900008, 21.323930170000153], [92.1083652910001, 21.324759695000125], [92.107766524, 21.32539258600019], [92.10740363700012, 21.32579674900012], [92.10728854400008, 21.32608943500003], [92.10734138100008, 21.326330346000134], [92.10746349200019, 21.32648685200013], [92.10760384500014, 21.32657088500008], [92.10792603300018, 21.3268174480001], [92.10827717500007, 21.32698237000011], [92.10845904300004, 21.32714715800006], [92.10858149000012, 21.327369132000115], [92.10867178900003, 21.327559898000118], [92.10873553400006, 21.327694566000048], [92.10888851600015, 21.327945508000028], [92.10907106400015, 21.328157697999984], [92.10928218800018, 21.328304056000036], [92.10954211, 21.328366266000046], [92.11003978399998, 21.32833066699999], [92.11030755500002, 21.328225708000105], [92.1106049650001, 21.328129410000145], [92.11088340600014, 21.3280965620001], [92.1110331930002, 21.32812403100013], [92.11112387000014, 21.32818836500013], [92.11155781700012, 21.328582524000126], [92.11169105800019, 21.328842742000177], [92.11186350100019, 21.32906408700012], [92.1120934380001, 21.329135698000073], [92.1125012760001, 21.329094449000138], [92.11290003100015, 21.328881730000035], [92.11344219200015, 21.32867172200008], [92.11376646900004, 21.328516377000085], [92.11400579900015, 21.32840274], [92.11437333200007, 21.32832361200002], [92.11496999200006, 21.328259662999983], [92.115316065, 21.32807017600004], [92.115512476, 21.327862255000127], [92.11556169000016, 21.327601936], [92.11559590500008, 21.32742095600014], [92.11552296600019, 21.327207394000084], [92.11549696500009, 21.32707451699997], [92.11549045600015, 21.32704073400015], [92.11557738000005, 21.32684322200015], [92.11568537700003, 21.326728978000062], [92.11593378300017, 21.32666037900003], [92.11611266200009, 21.326658126000098], [92.11634281100004, 21.326702639000132], [92.11661343400016, 21.326839207000035], [92.11684191400008, 21.326809237000077], [92.11716832800005, 21.32663580000019], [92.11737680200008, 21.3265970490001], [92.11769746900006, 21.326694606000103], [92.11788833500003, 21.326814116000037], [92.11805054400003, 21.327035582000065], [92.11816524700004, 21.327388593000023], [92.11824631300016, 21.32762236900004], [92.11834018100012, 21.32774084200014], [92.11847048100009, 21.32779564200007], [92.11870804600011, 21.327727175000177], [92.11886739200014, 21.327707104000183], [92.11906730000015, 21.327742965000027], [92.11951925800008, 21.328005930000074], [92.12003009900013, 21.328216224000016], [92.12046843200011, 21.328419074000124], [92.1205519240001, 21.328478302000065], [92.12074476100014, 21.328692606], [92.12077693200001, 21.328877332000047], [92.12069944200005, 21.329018284000142], [92.12050209500012, 21.329160752], [92.1203645880002, 21.329275369000186], [92.12023724000017, 21.329425985000057], [92.12022005500006, 21.329613589000132], [92.120212218, 21.32978075500006], [92.12012461700016, 21.329930867000087], [92.12000656400005, 21.33001588899998], [92.1198187230001, 21.3301492060001], [92.11974178300011, 21.330328533000113], [92.11979472400014, 21.330533314000093], [92.11989624500006, 21.33068104000006], [92.12009910700016, 21.33092231000012], [92.12023949000013, 21.330965692000177], [92.12034970800005, 21.33104783600004], [92.12037039300009, 21.331104017000143], [92.12029196000003, 21.331179511000187], [92.12010258000004, 21.331163838], [92.11997308500003, 21.33116547200018], [92.11984440200013, 21.331223537000085], [92.11983617400017, 21.331363617000136], [92.11990886400014, 21.33155911800003], [92.1200617040002, 21.331798762000176], [92.120223749, 21.33196604300008], [92.12034459400013, 21.3320751440001], [92.12053568300007, 21.332167554000137], [92.12072571300013, 21.33222837200003], [92.12092656900006, 21.33232969000005], [92.12099690200012, 21.33240330400008], [92.1210287720001, 21.332524817000092], [92.12099985800018, 21.33260871600004], [92.12093166500011, 21.33268408200007], [92.1208225970002, 21.332723838000163], [92.12062336300005, 21.332735383000113], [92.12048294800007, 21.332689744000163], [92.12034261600019, 21.332607982000127], [92.12021204900009, 21.332535127000085], [92.12009112000015, 21.332462147000058], [92.11993250100005, 21.332491241000184], [92.11986396300006, 21.332584670000188], [92.11981533400007, 21.332680106000055], [92.11981841600016, 21.332894546000034], [92.1198114730002, 21.33308202300003], [92.11978603000011, 21.333407449000106], [92.11972828200015, 21.333539123000037], [92.11969482400019, 21.333977534000155], [92.11972878199998, 21.334286409000015], [92.11981252200019, 21.334538212000155], [92.11989417000018, 21.334686190000127], [92.11999501100007, 21.334786512000107], [92.1202740110001, 21.334792022000045], [92.12056218100014, 21.33472291200019], [92.12093923100008, 21.334634618000166], [92.12113872600014, 21.334641129999966], [92.12141895900015, 21.334732415000133], [92.12155989800016, 21.33481416899997], [92.12176436300012, 21.33516604300013], [92.12177448100005, 21.33523250700017], [92.12180827200012, 21.335454470000116], [92.12193022600007, 21.335640317000127], [92.12206199600013, 21.3357966910001], [92.12223326000009, 21.335934502000043], [92.12236344200005, 21.335980270000107], [92.12261280100017, 21.33597711900012], [92.12273176700006, 21.335955297000112], [92.12293035300013, 21.33589860400008], [92.12307943700006, 21.335876400000018], [92.12320961600005, 21.335922167000035], [92.12327005600008, 21.33597784400007], [92.12334314499998, 21.336200431000123], [92.1234076180001, 21.336536008999985], [92.12347020300001, 21.336740667000072], [92.12354195800003, 21.33687070600007], [92.12371241300019, 21.336952083000142], [92.12385228100004, 21.33695934600013], [92.12405083600004, 21.3369003950001], [92.12422826200014, 21.336796556000138], [92.12439725299998, 21.336776358000066], [92.12456715600013, 21.33681936300019], [92.1246882210001, 21.336901365000017], [92.12476065900006, 21.337078805000147], [92.12476254400013, 21.337209726000026], [92.12472454800019, 21.337332121000145], [92.12463532300018, 21.337369372000126], [92.12454570700004, 21.337379537000174], [92.12437726700011, 21.337438107000025], [92.12422909500015, 21.33752351600009], [92.12416137200012, 21.337673378000034], [92.12396564400007, 21.33792871300011], [92.12389847400004, 21.33811694900004], [92.1238819690002, 21.33834936200003], [92.12397344800019, 21.338470457000028], [92.12423472300003, 21.338625189000027], [92.12445439300012, 21.338651761000108], [92.12463320500018, 21.33860208800013], [92.12480083200006, 21.338487086000043], [92.12499968000003, 21.33844844600003], [92.12510922100012, 21.338483184000097], [92.12517039900018, 21.33854788100018], [92.12521164900005, 21.33865121400015], [92.12521366700003, 21.338791164000156], [92.12521488200008, 21.33887547400002], [92.1252162040002, 21.338967229000048], [92.12535790900006, 21.33914379300012], [92.12557035200018, 21.339337524000086], [92.125751132, 21.339466180000045], [92.12589139400006, 21.33950052800003], [92.12608120700008, 21.33954553800004], [92.12620128300006, 21.339600458000177], [92.12624365800008, 21.33973989900005], [92.12623543700005, 21.33987997600019], [92.12607943199998, 21.340132553000046], [92.12597161300005, 21.340217451000115], [92.12593288400012, 21.34033082500008], [92.12593503300008, 21.340479804999973], [92.12607653200013, 21.34059992699997], [92.12635459800003, 21.340539965000175], [92.12670175400018, 21.340424945000052], [92.12701833700015, 21.340278704000127], [92.12722627100015, 21.340201567000065], [92.12744499700011, 21.340162675000045], [92.1276142530001, 21.340160531000038], [92.12776415300004, 21.34019475300005], [92.12785514, 21.340279393000117], [92.12788805700018, 21.34047313500014], [92.1279107700002, 21.34066926500003], [92.12787534699999, 21.340969985000072], [92.12800983400001, 21.341313703000083], [92.12807767700008, 21.34188177699997], [92.12818364500009, 21.342336485000146], [92.12829558300012, 21.342495358000065], [92.12834995600014, 21.342533788000026], [92.12843679400004, 21.34259516400016], [92.12877733100004, 21.342730825000103], [92.1289188340001, 21.342850945000066], [92.12908039500007, 21.343024995000064], [92.12931117700015, 21.34315301200013], [92.12957220700008, 21.343289681000158], [92.12985289900001, 21.34336965400007], [92.13016267000017, 21.343460548000166], [92.13045248100008, 21.34350428300013], [92.1307728500002, 21.343619875000115], [92.13104231100004, 21.343672898000136], [92.13129194300006, 21.343687790000104], [92.13148215600012, 21.34375988000005], [92.13153417400014, 21.343899196000052], [92.13149781400017, 21.34413445400014], [92.1314822450002, 21.344432664000124], [92.13156485500008, 21.344646092000175], [92.13173600900006, 21.34477486500009], [92.1319854640002, 21.344819107000035], [92.13207882800009, 21.344817925000086], [92.1322848320001, 21.344815306000157], [92.13246359900006, 21.344804008000096], [92.13265257400013, 21.344790320000016], [92.13274314000017, 21.344845613000075], [92.13275514200006, 21.34496737300003], [92.13272881300014, 21.34522959400016], [92.13279223600011, 21.34549067800009], [92.13306459100005, 21.345701699000017], [92.13347553300008, 21.345872576000033], [92.13381650600013, 21.346037568000042], [92.13401640799998, 21.346071149000068], [92.13421526400009, 21.346032502000128], [92.13437372900017, 21.345992107000086], [92.13456510500004, 21.346102556000062], [92.13479478500017, 21.346153822000076], [92.13511127000015, 21.346000793000087], [92.1351799310001, 21.34591638800015], [92.13549775900009, 21.34585590600011], [92.13574713500009, 21.345852734], [92.13591518500016, 21.34576706200005], [92.13596310600013, 21.34566485900018], [92.1360505340001, 21.345503453000163], [92.13616892800013, 21.345400350999967], [92.13628776800016, 21.3453694910001], [92.13641783100019, 21.345406217000118], [92.13655878500015, 21.345487957000103], [92.13659923900008, 21.34554169000006], [92.13664970000008, 21.345608714000093], [92.1367805480001, 21.345699613000022], [92.13692192900015, 21.345810697], [92.13704283200013, 21.34592204200004], [92.13709390600008, 21.34599589400011], [92.1371746280002, 21.346078402000046], [92.13721688500004, 21.346208807000096], [92.13721738800018, 21.34624346000004], [92.13721904300002, 21.346357786000056], [92.13726977800007, 21.346449704], [92.13743972800012, 21.346494951000125], [92.13766814400014, 21.346417541000108], [92.13782634500018, 21.346359086000177], [92.13799439700006, 21.346273411000084], [92.13812390200002, 21.34627176400005], [92.1381740290002, 21.346280156000034], [92.1382848670001, 21.346362279000175], [92.13836519700004, 21.346417697000106], [92.13849591500019, 21.34649956600009], [92.13871651500011, 21.34658932000002], [92.13893593500018, 21.34659781300013], [92.1390950030002, 21.346557407000148], [92.13924412199998, 21.346537448], [92.13933387500003, 21.346536304000097], [92.13939403000012, 21.346571658000187], [92.13954423200016, 21.346626189000176], [92.13967482200013, 21.346699027000113], [92.13972559100011, 21.34679320100014], [92.13975773900012, 21.346932766], [92.13977001200016, 21.347072583000113], [92.13982196300009, 21.347248018000187], [92.13992441000016, 21.34741603700013], [92.14005607900015, 21.347563365000042], [92.14030714900014, 21.347718201000077], [92.14049858400006, 21.34787379800008], [92.14114123500019, 21.34819296200004], [92.1415545210001, 21.348524083000143], [92.14201733500005, 21.348863602000108], [92.1423787710001, 21.349026057000117], [92.14274945200015, 21.349161301000095], [92.14311931200018, 21.349240114000168], [92.14375608700004, 21.349195863000148], [92.14426119700005, 21.349173621999967], [92.1443430650001, 21.349170326999968], [92.14383316300018, 21.35002571200016], [92.1435178870002, 21.35075895900013], [92.14281192300007, 21.3515558900001], [92.14269620900006, 21.352589111000043], [92.14271029100018, 21.353557464000176], [92.14272617900008, 21.354649963000043], [92.14195867600006, 21.35569150300006], [92.141963321, 21.356010889], [92.14196750600007, 21.356298697000057], [92.1414555140002, 21.356971239000075], [92.1413353600002, 21.35769973400005], [92.1409541160001, 21.358372861000078], [92.14006642300006, 21.36014288800004], [92.1399311900002, 21.360553208000056], [92.13950376500009, 21.361850074000074], [92.13949685600011, 21.362411527000063], [92.13947392300008, 21.364275171000088], [92.13806449800012, 21.367577272], [92.1378335780002, 21.368118280000033], [92.13751537000013, 21.36955845300008], [92.13728231000005, 21.370613236000054], [92.13709794900012, 21.371403502000078], [92.13677150700016, 21.372671632000163], [92.13604839400006, 21.37548064200007], [92.13599681000005, 21.376452087000075], [92.13535285600011, 21.377006640000047], [92.13457313700013, 21.377258132000065], [92.13445887400019, 21.37786998500013], [92.13439141200013, 21.378231234999987], [92.13442073500016, 21.37838211800016], [92.13453269300015, 21.378956401000153], [92.13402855200013, 21.38017743400019], [92.13325849600017, 21.381097064000073], [92.13307824500009, 21.3821311050001], [92.13323123100014, 21.383705], [92.133310376, 21.38467478399997], [92.13280444100019, 21.385773923000045], [92.13281251100011, 21.386330445000112], [92.13281851500011, 21.386744534000172], [92.1329624560002, 21.387652538000168], [92.13303806900012, 21.388378539000087], [92.13285367200007, 21.38916880500011], [92.13234506800006, 21.390085108000164], [92.13203405500019, 21.391120810000075], [92.13199985900002, 21.391341519000093], [92.13185495300013, 21.392276749000075], [92.13128239200012, 21.393313518000127], [92.13057355400008, 21.393929838000133], [92.13005965800016, 21.394482720000042], [92.13006248600004, 21.394677871000113], [92.13006845800004, 21.395089918], [92.13073420800004, 21.395991289999984], [92.13107599500017, 21.39707739100004], [92.13083442300007, 21.398414735000074], [92.13038559200015, 21.398966793000056], [92.1292182090001, 21.39946702200018], [92.12864271300009, 21.40026225400004], [92.12847170300017, 21.400531522000108], [92.1283999050001, 21.400644571000157], [92.1277493990001, 21.401668828000084], [92.12769250700018, 21.40227685900004], [92.1278311760002, 21.40282145200007], [92.12894492300006, 21.40310983000012], [92.12992440800019, 21.40315833900013], [92.13149580800018, 21.40350184400006], [92.13166024200007, 21.403576504], [92.13202118700019, 21.403738985000018], [92.13254214700015, 21.40367139900013], [92.1330569430001, 21.403179452000188], [92.13357262200003, 21.40274845100015], [92.13454654600014, 21.402372566000054], [92.13533369600009, 21.40266506300003], [92.13563646400013, 21.402961577000042], [92.13612790400009, 21.40344286100003], [92.136986949, 21.40416112700018], [92.13754580800014, 21.40466570899997], [92.13771431900017, 21.40481785300011], [92.13856276900003, 21.404807027000118], [92.13860508100015, 21.40476659100017], [92.13907755000008, 21.404315063000126], [92.13978553800001, 21.403640020000125], [92.13984088800015, 21.402971052], [92.13983030600019, 21.402244226999983], [92.13988388200016, 21.401453368000034], [92.13998895100008, 21.401199420000125], [92.14026231200006, 21.40053870600019], [92.14084541600016, 21.40022873500004], [92.14221470400014, 21.400023062000173], [92.14229294200004, 21.40001131000008], [92.14260321400013, 21.399964704000126], [92.14319424000018, 21.400198715000045], [92.14431005100005, 21.400669835000144], [92.14497680000005, 21.401632084000084], [92.1455216330001, 21.4032009390001], [92.14586860000009, 21.404591717000073], [92.146337792, 21.405436834000113], [92.14714179800012, 21.40688044799998], [92.14793876200014, 21.407841016000077], [92.14864170700014, 21.40831789200007], [92.14899373100013, 21.408556701000066], [92.15043623500009, 21.409023583000135], [92.15227487100003, 21.409787885000128], [92.15352776700013, 21.410681608000118], [92.15451531000019, 21.411276210000096], [92.15484547000017, 21.41151352999998], [92.15635578300015, 21.412162352000053], [92.15656488000013, 21.412897902000168], [92.1566309960001, 21.413129577000063], [92.1568455420001, 21.41440011100019], [92.15632989800008, 21.41483118300016], [92.15515671500009, 21.415008944000192], [92.15502726000011, 21.415028558000074], [92.1547030260001, 21.415154640000026], [92.15466559200019, 21.41522662400007], [92.15419478400014, 21.416131956000015], [92.15414039299998, 21.416861866000033], [92.15461053700017, 21.417765640000027], [92.15501735800018, 21.418789882000056], [92.15614196800016, 21.419807139000113], [92.15641448300005, 21.42059154000009], [92.15643142400012, 21.421744963000037], [92.15624623500014, 21.422474303000172], [92.15547348600006, 21.423213461000046], [92.15515543300012, 21.423761641000112], [92.15588301500014, 21.42442053200017], [92.15628187600015, 21.424900782000122], [92.15629344700017, 21.425688542000103], [92.15651160100009, 21.427202850000185], [92.15683016300017, 21.428143141000078], [92.15692054800007, 21.42840992400005], [92.15764816700016, 21.429068802000188], [92.15924249199998, 21.429718754000135], [92.1603374680002, 21.42994393700002], [92.16112929800016, 21.430541017000053], [92.16140452500008, 21.431505975000107], [92.16213842700006, 21.43258918200013], [92.16272695400016, 21.432642534000138], [92.16305301400013, 21.432638321000013], [92.16324173400011, 21.43215049900016], [92.16323102200016, 21.431423686000187], [92.1632844660001, 21.430632833000175], [92.16373414700013, 21.430141636000144], [92.16458186500006, 21.430071978000058], [92.16536831600007, 21.430303372000026], [92.16564090300011, 21.43108774899997], [92.16609507600015, 21.430901264000113], [92.16608791300018, 21.430415972000105], [92.16634351300019, 21.430049190000148], [92.16718759200012, 21.429733488000124], [92.16810035800017, 21.429660713000033], [92.16835207400004, 21.429754886000126], [92.16876270800009, 21.4299085130001], [92.16888774500018, 21.429955291000056], [92.16935175200013, 21.43043466500012], [92.17097961100006, 21.430169741000043], [92.17142017900011, 21.43001078700007], [92.17149886400017, 21.429982397], [92.17280514200007, 21.430024145000118], [92.17317989900005, 21.430192394000073], [92.17336041200014, 21.430273435000117], [92.17355473100014, 21.43036067500003], [92.17398785900014, 21.43055512700016], [92.17602214600015, 21.43131659700009], [92.1760478830002, 21.43138625299997], [92.1760905480001, 21.431498576000138], [92.17629062800012, 21.431679371000087], [92.17648708400003, 21.4318568920001], [92.17727596800012, 21.432210106000014], [92.17760383100017, 21.432327750000184], [92.17831714400012, 21.432015953000075], [92.17863029600011, 21.431102069000133], [92.17875271600008, 21.430650379000042], [92.17887775100007, 21.43018903800015], [92.1790395810001, 21.429937030000076], [92.17938797500017, 21.429394496000157], [92.18013870800019, 21.42892848800011], [92.18048757600013, 21.428711931000066], [92.18055188200009, 21.428614938000123], [92.18093447300004, 21.428037862000167], [92.18164235500018, 21.427362650000077], [92.1816759990001, 21.427257402000066], [92.18195397100004, 21.426387827000156], [92.18171546299999, 21.425751881999986], [92.18161441299998, 21.425482443000192], [92.18161193200007, 21.42531560600014], [92.18160458500006, 21.42482127800008], [92.18271427600013, 21.42486081700008], [92.18275158500012, 21.4248788540001], [92.18357805600004, 21.42527761700012], [92.1852104690002, 21.42592092900003], [92.18534484100013, 21.42616073800008], [92.18586856000019, 21.42627581], [92.18665141800011, 21.426265586000056], [92.18716790500014, 21.42589537100008], [92.18729054300013, 21.425347434000116], [92.18734081500003, 21.42517450100013], [92.1874143940002, 21.42492138800003], [92.18799838300009, 21.424672198000053], [92.18867981900019, 21.424079370000186], [92.1887070890001, 21.42405564600017], [92.18874180700016, 21.422737123000047], [92.18874865499998, 21.422477052000147], [92.1889933450002, 21.42138344100016], [92.18923708900007, 21.420226626999977], [92.18955106200008, 21.41937367400004], [92.18960196799998, 21.41936039799998], [92.19052613200006, 21.41911936000014], [92.19057621500008, 21.418959874000052], [92.1907752850002, 21.418325950000053], [92.19084750000019, 21.41754600300004], [92.1908946280002, 21.41703699900006], [92.19089815900003, 21.416998867000075], [92.19100005300015, 21.41589836700018], [92.19161648000005, 21.413463402000048], [92.19189736000004, 21.413231246], [92.19303466600019, 21.41229121700013], [92.19361043900011, 21.411495784000124], [92.19373729000006, 21.41079185500007], [92.19378448000003, 21.410529988000178], [92.19385144100016, 21.410158398000135], [92.19396349900018, 21.408944609000173], [92.19479744199998, 21.407962927000142], [92.19589137899999, 21.406916879000107], [92.1963680660001, 21.40570349500007], [92.19639418200012, 21.405637016000128], [92.19618384000012, 21.404669013000102], [92.19630282300011, 21.40387955900013], [92.19714155600013, 21.403261276000023], [92.19771453700002, 21.402283004000083], [92.1982850890002, 21.401182853000137], [92.19809389800008, 21.400858565000078], [92.19768281300009, 21.400161297000125], [92.1975329940002, 21.39888772900008], [92.19777577200006, 21.3976722270001], [92.19834420900008, 21.39639149800007], [92.19965142600017, 21.395411822000028], [92.19980270700017, 21.39529844500015], [92.19982817100015, 21.395279361000178], [92.20033364400012, 21.39418231800005], [92.20050767600014, 21.39272389700011], [92.20166562500009, 21.39161602600018], [92.20167687800006, 21.391539086000023], [92.20184329200015, 21.390401376000057], [92.20169494900006, 21.389188752000052], [92.20266888500015, 21.388873446000105], [92.20365281000011, 21.389223979000064], [92.20411952100011, 21.38988608700015], [92.20583740700016, 21.391319625999984], [92.2074106140002, 21.391784297000186], [92.20749637600017, 21.391812883000057], [92.2084596200001, 21.39213394900014], [92.20878301200003, 21.391940146000024], [92.21001187700006, 21.391203694000183], [92.21151028700018, 21.39106202700009], [92.21242731900003, 21.39129148800015], [92.21308805500018, 21.39182909400006], [92.21466220100007, 21.392354636], [92.21525727500006, 21.392893103000063], [92.21631514000012, 21.39378891700011], [92.21659614000009, 21.395119419000082], [92.21664065500016, 21.395179645999974], [92.2168959550001, 21.395525060000125], [92.21731375300004, 21.396090326000035], [92.21744880100005, 21.39627304000004], [92.21766898800007, 21.397046728000078], [92.21793812400011, 21.397589494000044], [92.21840216500004, 21.398068728000112], [92.2189276040001, 21.398303330000147], [92.21939539100015, 21.398217465000073], [92.21964338000015, 21.398171944000126], [92.22074991200003, 21.397976681000046], [92.22123714000003, 21.39802595800012], [92.22179590700017, 21.398082467999984], [92.22214855600015, 21.39801884600007], [92.22251171200014, 21.397953328000142], [92.22315538800012, 21.397398464000048], [92.22352500000017, 21.397271849000163], [92.22425914300004, 21.397020355000166], [92.22497490500012, 21.39688894900013], [92.22654086600011, 21.396868153000185], [92.2276311670002, 21.39711880700014], [92.2277848400002, 21.397154134000118], [92.2284419930001, 21.397450166999988], [92.22935908500017, 21.39767952700015], [92.22987628400006, 21.39737013700011], [92.23039163200008, 21.39693886200007], [92.23169484500016, 21.39679960899997], [92.23210476300011, 21.39670602000018], [92.23223360500015, 21.39667660400005], [92.23338542000016, 21.396413625000037], [92.2343574620001, 21.395976254000175], [92.23545839100012, 21.395415252000134], [92.2361704560002, 21.395042291000095], [92.23695494000009, 21.395151471000077], [92.23794233900014, 21.395684615000107], [92.23840275600014, 21.395922281000082], [92.23905096500005, 21.39566980900014], [92.23989562400004, 21.395416967000187], [92.2409327060002, 21.39497869100012], [92.24172612400014, 21.395634053000038], [92.24330533000006, 21.39652270900018], [92.24422708200012, 21.397056690000056], [92.24436430700018, 21.397479269000087], [92.24418144500015, 21.398330545000192], [92.24438932700014, 21.399117897000167], [92.24485621100001, 21.39977761400013], [92.2457104500001, 21.400190583000096], [92.24624119100008, 21.400729790000184], [92.24670719100004, 21.40133081800019], [92.24698568900004, 21.40247842000008], [92.24745076600004, 21.403018503000112], [92.24746374400007, 21.403867158000082], [92.24746485900005, 21.4039393810001], [92.24747026600005, 21.404291472000182], [92.24741756900005, 21.40514100600012], [92.24724488600003, 21.40551687100009], [92.247165016, 21.40569071600015], [92.24684366100018, 21.40599753300006], [92.24580409400005, 21.406316236], [92.24482554600007, 21.406329348000043], [92.24444096900015, 21.406758916000058], [92.243859955, 21.40719111300001], [92.24308091700004, 21.407443100000023], [92.24255849700018, 21.407450093000136], [92.2417739460002, 21.40734094400011], [92.24107599100006, 21.407896207000135], [92.24100044600016, 21.40795630700012], [92.24016683400009, 21.40893819500019], [92.2393896390002, 21.409312047000185], [92.23881510100006, 21.410170814000082], [92.23798020800018, 21.41103080000005], [92.23753084600014, 21.411522173000094], [92.23734979200003, 21.412495331000173], [92.23735718300003, 21.412980598000047], [92.23736271900015, 21.41334398700019], [92.23782315700004, 21.413579393000134], [92.23821669900013, 21.413696040000104], [92.2383487140001, 21.413816183], [92.23829285400012, 21.41442194900003], [92.23828295300007, 21.41452366900012], [92.23817966700005, 21.415577059000043], [92.23828920000017, 21.41622351700005], [92.23839491300009, 21.416847428000096], [92.23906418600018, 21.417931122000027], [92.23979851900009, 21.419011689], [92.24030618000006, 21.420090505000076], [92.2403379750001, 21.42015807000007], [92.24081668800005, 21.4214764460001], [92.24095143000017, 21.421847520000085], [92.2410945520001, 21.422694434000164], [92.24065443400008, 21.42379296500019], [92.2404009030002, 21.42428172600006], [92.23929886100012, 21.424781836000022], [92.23806664500012, 21.42528368100011], [92.23696826700018, 21.426025283000172], [92.23632267700009, 21.42645832200003], [92.23514905500014, 21.426534948000153], [92.2337758990002, 21.426372671000138], [92.23311674900003, 21.425954791000038], [92.23279535500006, 21.42626384400012], [92.23282154100013, 21.426613126000063], [92.23284270500011, 21.426895412000135], [92.23287702300007, 21.427353144000165], [92.23301736000008, 21.42801950200004], [92.23348433600017, 21.428681501000028], [92.23369404200008, 21.429588486], [92.23331490700008, 21.430381425000178], [92.23273098900006, 21.43063077100004], [92.23247559900011, 21.430999898000096], [92.23222199300005, 21.431486391000135], [92.23242709500016, 21.43209093100006], [92.2329673750001, 21.433246200000156], [92.23320117500009, 21.435780697000155], [92.23302630600011, 21.436846328000115], [92.23296446100005, 21.43722405800014], [92.23294869300014, 21.43732036900019], [92.23290221200011, 21.437604257000032], [92.2325286200001, 21.438762839000162], [92.23061011300013, 21.44139587000012], [92.2293144840001, 21.442020413000023], [92.22847784100009, 21.442819435000047], [92.2282884060001, 21.443246375000058], [92.22836332800011, 21.443852655000114], [92.22871990300018, 21.443949037000095], [92.22921502200006, 21.444082865000155], [92.2295476180002, 21.444106638999983], [92.22993378199999, 21.444134242000075], [92.23097828900018, 21.444120317000056], [92.23176121700016, 21.444109875000095], [92.232740955, 21.44415775600004], [92.23438175500007, 21.444743127000095], [92.23479199400015, 21.445949939000116], [92.2353975220002, 21.44715414000018], [92.23547433400012, 21.44788229400001], [92.23528767000016, 21.4484898070001], [92.23528952800012, 21.448611686000163], [92.2352904560002, 21.448672629000157], [92.23555605200016, 21.448971587000187], [92.23614404400013, 21.449024680000036], [92.23672616700009, 21.448653438000065], [92.23730954100017, 21.448404081000092], [92.23731784100016, 21.44894803200009], [92.23746069100008, 21.449736255], [92.23792404400012, 21.45015447100019], [92.23824826400016, 21.45002822800012], [92.23870052000007, 21.449719667000068], [92.23961147400013, 21.44952461600019], [92.24046012500008, 21.449513249000063], [92.24079268800017, 21.449933209000164], [92.24034602400019, 21.45060741800006], [92.24014237500012, 21.451024256000096], [92.2398397770001, 21.451643625000088], [92.23907443200011, 21.45280746500015], [92.23836765800007, 21.453543845000127], [92.23817824200006, 21.453970793999986], [92.23838724600012, 21.45480737300005], [92.23852563500009, 21.455361293000067], [92.23913280800014, 21.45662866100008], [92.23929067400007, 21.457559923000076], [92.23934815800004, 21.457899020000127], [92.23939151400003, 21.458526993000135], [92.23943178000019, 21.459110185999975], [92.23951264500005, 21.46014078800016], [92.23915326100013, 21.462267668000095], [92.23890432700017, 21.463061132000064], [92.23885126200014, 21.46384971499998], [92.23886330200003, 21.46463742600008], [92.23932670800019, 21.465055635000112], [92.23972501500003, 21.465474711000184], [92.24025076900017, 21.465711480000152], [92.24071138400018, 21.465946860000088], [92.24071787700012, 21.466371186000174], [92.24072253700012, 21.466675888000168], [92.24014387500006, 21.46711934299998], [92.24007712100001, 21.467169904000173], [92.23976304700017, 21.46796198200019], [92.23972299400015, 21.468790054000124], [92.23971311400004, 21.46899433800013], [92.23946320800013, 21.469724607000103], [92.23935072200004, 21.46989989100001], [92.23895321200001, 21.47051931100009], [92.23877478600019, 21.47108800500007], [92.23870426400003, 21.471312777000037], [92.23858735900006, 21.47222412000002], [92.23809125000014, 21.47392841700008], [92.23784043600017, 21.47460000000018], [92.23725356200009, 21.474666553000077], [92.23659946300006, 21.47455566000002], [92.2363384350001, 21.474559153000087], [92.2354245300001, 21.474571381000032], [92.23470747800008, 21.47464192300015], [92.23435937300019, 21.474809019000134], [92.23405921700004, 21.47495309700014], [92.23400613000018, 21.475741681000045], [92.23401818100018, 21.476531653], [92.23357045400019, 21.477142652000055], [92.2327207100002, 21.477093055000125], [92.23200178500014, 21.477041707000126], [92.23095211100014, 21.476692262000086], [92.23016101300004, 21.476217455000153], [92.2298256590002, 21.475616912000078], [92.22877628900005, 21.475326144], [92.2285198940001, 21.475634330000105], [92.22833688700013, 21.476485600000046], [92.22802778800002, 21.47665903500007], [92.2267835880001, 21.47735513700013], [92.22495573300017, 21.477379483], [92.2236735570001, 21.47748233699997], [92.22349274800018, 21.477527636000104], [92.22300615900014, 21.478163962000167], [92.22288065000015, 21.478316884000037], [92.22212148400001, 21.479904998000166], [92.22201642700014, 21.48160405700014], [92.22281611800014, 21.48268380900015], [92.22358732100008, 21.48322578800014], [92.22400466000005, 21.483519080000065], [92.22467540000014, 21.48472244100003], [92.22483021200014, 21.48629839400013], [92.22486154600006, 21.488359099000036], [92.22318835300013, 21.489959391000127], [92.22111953000007, 21.491321114000073], [92.21904696600018, 21.49243905200018], [92.21763473000004, 21.49403582700006], [92.21739939200012, 21.49573661900007], [92.21742882400008, 21.497677703000136], [92.21679239600019, 21.498778803000107], [92.21353538300008, 21.499307383000144], [92.21144616000015, 21.49933506800005], [92.21002226400009, 21.499353919999976], [92.2092266950001, 21.499364448000165], [92.20804053400008, 21.498650952000105], [92.20685073700014, 21.497695937], [92.20527455800004, 21.497111738000115], [92.20512908600006, 21.496142913000142], [92.20394847800009, 21.495795034000025], [92.20291877200015, 21.49677711200013], [92.2026850950001, 21.498599777000038], [92.2028680310001, 21.499682447000055], [92.20311480200019, 21.50114288000003], [92.20343132099998, 21.504777871000158], [92.20280207100018, 21.506364203000146], [92.20242108200017, 21.507096158000024], [92.20191715300012, 21.508315113000094], [92.20165789300017, 21.50844044200005], [92.2008721680001, 21.508328894000044], [92.20008157600006, 21.507853942], [92.19811942900014, 21.507638236000105], [92.19590104500008, 21.50778934300007], [92.19473672500004, 21.50853158900003], [92.19395840600004, 21.508029355000076], [92.19381347000012, 21.507936443000176], [92.19340577000014, 21.5068514030001], [92.19299560900004, 21.505642224000155], [92.19051253300012, 21.50555517400005], [92.19043173900019, 21.505518945000176], [92.18840926100017, 21.504612009000084], [92.18758453200007, 21.50407121900014], [92.18695783600009, 21.50366027600012], [92.1865993940001, 21.502180730000134], [92.186401192, 21.501362592000078], [92.18586812300003, 21.50064037700014], [92.18572781800009, 21.50049321400013], [92.18520742000004, 21.50013430000007], [92.1850015070001, 21.499471012000072], [92.18515583700008, 21.498861707], [92.18557171900005, 21.49828058300011], [92.18605224400011, 21.49766700600003], [92.18633771700019, 21.49711693900008], [92.18658971800016, 21.496506352000097], [92.18667804400019, 21.495839213000068], [92.18667122700009, 21.495383274000062], [92.18648639300005, 21.49507592500015], [92.18643684100005, 21.494993527000076], [92.18610549000005, 21.494693091999977], [92.185941818, 21.494636538000123], [92.18584488900007, 21.49472810800006], [92.18578520200003, 21.49509235900007], [92.18517246000016, 21.49561510600006], [92.18476129900012, 21.496471588000077], [92.1845082160001, 21.497050579000074], [92.18428785500004, 21.497599794000166], [92.18417029199998, 21.498450177999985], [92.1840177850001, 21.498895480000044], [92.18395127600019, 21.499089677000086], [92.18376980400006, 21.49936236500008], [92.18359080300013, 21.49963133600005], [92.18350417200014, 21.499761509000052], [92.1831570390001, 21.500585543], [92.18323135600014, 21.501160255000116], [92.18359467300007, 21.50146027599999], [92.183699295, 21.5018833310001], [92.18357569900007, 21.502370325000072], [92.18358702400008, 21.50312872], [92.1836970760001, 21.503915172000063], [92.18371110100009, 21.504854138000155], [92.18363522000016, 21.505577796000182], [92.18362505300007, 21.505674762000183], [92.18337120500007, 21.506163458000117], [92.18310908800015, 21.50624059300003], [92.18281295100007, 21.50632773800004], [92.18272089700008, 21.506354826000177], [92.18242633000011, 21.506297724000035], [92.18193353300012, 21.50609195600009], [92.18117738800015, 21.505738368000152], [92.18042030200007, 21.505321576000085], [92.17981108499998, 21.504919615000176], [92.17943051900016, 21.504668516000095], [92.17863503000012, 21.50385940100017], [92.17787211100017, 21.503049856000075], [92.1773377630002, 21.502239582000186], [92.17703131100006, 21.501424077000138], [92.17676074900004, 21.50079096900015], [92.17659206500014, 21.500398093000115], [92.17600191900016, 21.50025452600005], [92.17528378000014, 21.500263884000162], [92.17483035700019, 21.50051361000004], [92.17466265500019, 21.500773045000074], [92.17441533000004, 21.501155654], [92.17390621000004, 21.502040481000165], [92.17372891600007, 21.50249356700016], [92.17355992000017, 21.502925445000187], [92.17311517200011, 21.50371913100014], [92.17246261000014, 21.503759232000164], [92.17158329200004, 21.503921928000125], [92.17132263500002, 21.503954669000052], [92.17050619000008, 21.50396528500005], [92.1700188100001, 21.504122879000136], [92.16973235600017, 21.504611983000075], [92.16984263800009, 21.505459402000156], [92.16988843300004, 21.506309914000155], [92.16980049500006, 21.507008653000184], [92.1696769830001, 21.50746403300019], [92.16958589600011, 21.507950598000036], [92.16975694899998, 21.508463103000054], [92.17002210599998, 21.508732826000085], [92.170283209, 21.508729429000084], [92.17047469300007, 21.508424422000132], [92.17070142100016, 21.508299565000016], [92.17099689600019, 21.508417629], [92.1711010520001, 21.50881135500009], [92.17108194200011, 21.50885277500015], [92.17097425800006, 21.509086172000025], [92.17076930500008, 21.50941844500005], [92.1704031160001, 21.51018401099998], [92.17042292600013, 21.511517984000136], [92.170255467, 21.512006685000188], [92.16992172700014, 21.512980644000038], [92.16941210700008, 21.51383612000012], [92.16837667200008, 21.514456866000103], [92.16759721800008, 21.514769509000132], [92.16656806000003, 21.515814592000027], [92.16615208200005, 21.51650445000007], [92.16610246400006, 21.516586736000136], [92.165866941, 21.516977320000137], [92.16439580700012, 21.519029086000046], [92.16433106500011, 21.519119380000063], [92.16434544500004, 21.520089955000174], [92.16432509900017, 21.52050787400003], [92.16429559800014, 21.521122319000142], [92.16371480300012, 21.521615233999967], [92.16281132100016, 21.522353893000115], [92.16243697300007, 21.523510118000104], [92.1622216880001, 21.523954388999982], [92.16199331200005, 21.52442567600019], [92.16134649600019, 21.524860740000122], [92.16063450900015, 21.525294391000045], [92.16026224100005, 21.52663344800004], [92.16001275600013, 21.52742457700009], [92.15995837300017, 21.528152228000124], [92.1599727310001, 21.529122806000146], [92.1598760810001, 21.529356828000175], [92.15964485300015, 21.529916702000094], [92.15946841100015, 21.530343919000018], [92.15869242400015, 21.53089804400014], [92.15831986300014, 21.532178406000014], [92.15821318100018, 21.533816541000135], [92.15836201300004, 21.535029195999982], [92.15876328600012, 21.53568999200013], [92.15928858600006, 21.536217522000072], [92.15936031200016, 21.536289552000028], [92.16008491300016, 21.53670459400007], [92.16021270300007, 21.536712869000155], [92.16080468600012, 21.53675120400004], [92.1608593690001, 21.536754746000156], [92.16090269700015, 21.536758842000097], [92.16139308900006, 21.53680954900011], [92.16295910600019, 21.536728289000166], [92.16401061200014, 21.537139070000137], [92.16460525500008, 21.537616733000107], [92.16487538100006, 21.538218258000086], [92.16490435700013, 21.53862134000002], [92.16495823300016, 21.539370807000125], [92.16516985700008, 21.540460727000095], [92.16531393400015, 21.540965304000167], [92.1653766610001, 21.54118498100013], [92.16579031400016, 21.542635749999988], [92.1677066970002, 21.544125673999986], [92.16785131300009, 21.544190576000062], [92.16906760900014, 21.544736436000107], [92.17046881100009, 21.545365262000075], [92.17182024300018, 21.546132073000024], [92.17341698400003, 21.547038049000037], [92.17349872900013, 21.54708443000004], [92.17507900300018, 21.54791266000018], [92.17547829800009, 21.54839282600011], [92.17594183000006, 21.548811198000067], [92.1767950040001, 21.54910257000006], [92.17948282200012, 21.551529206999987], [92.17961683200019, 21.551650193000057], [92.17977503300006, 21.55179301600009], [92.18044734300008, 21.553059742000073], [92.18065728900001, 21.554027748000067], [92.1806708920002, 21.554937365000058], [92.18147317600011, 21.556139174000123], [92.18180356800013, 21.556487028000163], [92.18187100000017, 21.55655838700011], [92.18293814100008, 21.55800053300004], [92.18367927600008, 21.55950789900004], [92.18435433400015, 21.560952914000154], [92.18436343800016, 21.560984868000162], [92.18476764000002, 21.562403618000133], [92.1853748690001, 21.563668915000108], [92.18566441200016, 21.564125598000146], [92.18591002600004, 21.564512988000047], [92.18592208700011, 21.564636296000117], [92.18598699000006, 21.565299865000043], [92.18528126400008, 21.566157968000084], [92.18249530200012, 21.567711573999986], [92.18120015400012, 21.568455475000178], [92.1800398540002, 21.569502371000112], [92.1800534620001, 21.57041198800016], [92.18013404800018, 21.571442635999972], [92.1796747800002, 21.571822496000152], [92.17916613200003, 21.57224319600016], [92.17819820700015, 21.573043748000146], [92.1772936370001, 21.573723816000097], [92.17671994900002, 21.574702068000022], [92.17745565700017, 21.575843803000055], [92.177607422, 21.57723699000013], [92.17664128000018, 21.578159422000112], [92.17626364200004, 21.579135111000085], [92.1756823720001, 21.57956712900011], [92.17457712800012, 21.57994503700013], [92.17458582100005, 21.580527204000077], [92.17459071100006, 21.580854659000067], [92.17465478800017, 21.581149225000104], [92.17480127900012, 21.581822656000156], [92.17468394500014, 21.582733989000133], [92.1746296770001, 21.58346389000002], [92.17444175500003, 21.584012675000054], [92.1737910600001, 21.584201779000068], [92.17333014200017, 21.583966240000052], [92.17292952700012, 21.58336418500005], [92.17253013400006, 21.582884024], [92.1720058480002, 21.582768956999985], [92.17181158900019, 21.582893398000067], [92.17097477800013, 21.583753159000082], [92.17052833200012, 21.584488176000036], [92.17051222400005, 21.584874765000166], [92.17048033400005, 21.58564015999997], [92.17108305000005, 21.586603050000065], [92.17226922000009, 21.58747497200011], [92.17286648500004, 21.587913996], [92.17412021500007, 21.588746467000078], [92.17429342499997, 21.589353744000107], [92.17432719000004, 21.589472955000133], [92.17434529600013, 21.59068502600013], [92.1745685620001, 21.592501703000096]]]}}, {"type": "Feature", "properties": {"adm3_name": "Teknaf", "adm3_name1": null, "adm3_name2": null, "adm3_name3": null, "adm3_pcode": "BD20220090", "adm2_name": "Cox's Bazar", "adm2_name1": null, "adm2_name2": null, "adm2_name3": null, "adm2_pcode": "BD2022", "adm1_name": "Chattogram", "adm1_name1": null, "adm1_name2": null, "adm1_name3": null, "adm1_pcode": "BD20", "adm0_name": "Bangladesh", "adm0_name1": null, "adm0_name2": null, "adm0_name3": null, "adm0_pcode": "BD", "valid_on": "2023-05-21", "valid_to": null, "area_sqkm": 367.95196452, "version": "v03", "lang": "en", "lang1": null, "lang2": null, "lang3": null, "adm3_ref_name": null, "center_lat": 20.96925113, "center_lon": 92.23706771}, "geometry": {"type": "MultiPolygon", "coordinates": [[[[92.12549613000004, 21.156578259000185], [92.123476589, 21.157615080000085], [92.12252744000011, 21.158186907000072], [92.12145058599998, 21.158200415000124], [92.12000978800017, 21.15788208200013], [92.11974359600015, 21.157738667000103], [92.11915957700006, 21.15699416300015], [92.11867173500019, 21.156327473000033], [92.11771300300012, 21.156226591000063], [92.1169081490001, 21.157257158000107], [92.11587351600002, 21.15765843200012], [92.11492309100004, 21.15750776200008], [92.11257398200007, 21.156740139000078], [92.11125035700007, 21.15619674700008], [92.10941067400017, 21.155666556000142], [92.10812840200015, 21.155449993000104], [92.10609283000008, 21.15536246300013], [92.1052500580002, 21.155036550999966], [92.10368541400004, 21.154380952], [92.10296077400011, 21.153940671999976], [92.10259324700019, 21.153394352000078], [92.10198465700012, 21.15260719000014], [92.10161343200019, 21.15171322200007], [92.10146580400004, 21.15041911100002], [92.10130172700008, 21.149238092000076], [92.10121887200006, 21.149164154], [92.10014641600014, 21.148207103000175], [92.09908427599999, 21.147296865000158], [92.09802980700005, 21.146289440000032], [92.0975607420001, 21.145622447000164], [92.09672233200018, 21.144960028000185], [92.0961187040001, 21.143922168000074], [92.09528452500012, 21.144158275000166], [92.09481359700004, 21.144726283000068], [92.09444183900001, 21.143832299], [92.09371470500008, 21.14316622800004], [92.09274347000013, 21.14216902700008], [92.09249616100016, 21.141609905000166], [92.09248512500011, 21.14082434300019], [92.09211267600011, 21.140517961000057], [92.09203896900016, 21.140457328000082], [92.09144383300014, 21.140706262000094], [92.09139893100013, 21.140164956999968], [92.09137606700006, 21.13965047200014], [92.09068718300006, 21.139049387000057], [92.09004170600019, 21.13793977199998], [92.08883587800011, 21.13750360200015], [92.08933515600017, 21.137171381000087], [92.09061613600011, 21.136319002], [92.09110127900004, 21.13599617800014], [92.09220042200013, 21.134573140000157], [92.09282830500013, 21.133944114000144], [92.09405456300016, 21.132399684000063], [92.09540139700005, 21.13037585800015], [92.09607283900016, 21.129955017000043], [92.09684038000017, 21.129473938000103], [92.09778845800008, 21.128906881000034], [92.09824033900009, 21.128442503000144], [92.09841943600009, 21.128139211000075], [92.09926867200016, 21.12697875000009], [92.10143094400019, 21.124275721000174], [92.1029260140001, 21.122665770000083], [92.104202478, 21.1212006290001], [92.10492999500008, 21.120200204000184], [92.10580630900012, 21.11911372200018], [92.10679550200012, 21.118116353000175], [92.1072084010001, 21.118051481000123], [92.10811367500008, 21.118383943000083], [92.1093175360001, 21.1185145070001], [92.11044857900015, 21.117857902000026], [92.110954778, 21.116207802000076], [92.11204264900005, 21.115793925000048], [92.11507381900003, 21.116012027000124], [92.11656751499999, 21.115844031999984], [92.11830945200018, 21.115224898000122], [92.11941270200015, 21.114551615000096], [92.12070782199999, 21.113761222000164], [92.12155239600008, 21.112868900000024], [92.12164705200007, 21.11276889100003], [92.12092658300008, 21.11209397400006], [92.12070318500008, 21.111884698000154], [92.12040987000006, 21.111609924000163], [92.12002896400014, 21.110841665000066], [92.12101671500005, 21.109184991000177], [92.12120195900013, 21.108945646000166], [92.1226961750001, 21.107015008000133], [92.12322959400012, 21.106325778000098], [92.12370599299999, 21.10558879200005], [92.12528504900007, 21.10314593900017], [92.12604325, 21.102332900000135], [92.1286331440001, 21.099555596000187], [92.13007701700008, 21.098600590000046], [92.13279754400003, 21.096801116], [92.13489841100005, 21.096004425000103], [92.13647045500011, 21.09536584700004], [92.13721756199999, 21.095062358000064], [92.136978221, 21.094474718000072], [92.1369710420002, 21.09397302600013], [92.1369974320001, 21.09314833700006], [92.1374733190001, 21.091708674000188], [92.1376837630001, 21.090394010000125], [92.13775308500016, 21.089960941000072], [92.13777158, 21.089845402000037], [92.13776276900006, 21.08922977600008], [92.13775793600013, 21.088892073000125], [92.13775755600011, 21.088865566000152], [92.1377523660002, 21.08850292300008], [92.13751686000006, 21.087469602000112], [92.13773112400003, 21.08685054100016], [92.135740752, 21.086871104000124], [92.13429951000018, 21.086473827000077], [92.13395784300002, 21.08575339600003], [92.13379806400008, 21.08505259400016], [92.13372173600015, 21.084717815999966], [92.13206517000003, 21.08473864600012], [92.13096859800004, 21.085271703000046], [92.12975781600005, 21.085598474], [92.12865618700016, 21.08582001600007], [92.12743712500014, 21.085523744000056], [92.12665498500013, 21.084910418000106], [92.12532237200008, 21.084410101000174], [92.12465088300019, 21.08379538100013], [92.12448256000005, 21.083673314000066], [92.12659539300017, 21.081188172000168], [92.12824395800004, 21.079214564000097], [92.129014428, 21.0782927730001], [92.130516167, 21.076509668000085], [92.13076132500004, 21.076218571000084], [92.13254657700014, 21.07413500900003], [92.13342669400004, 21.073107801000106], [92.1341570780001, 21.072226824000154], [92.13521794200011, 21.07094720800012], [92.1374173370001, 21.06865277300011], [92.13758854700006, 21.068448839000098], [92.13834528900014, 21.06754745], [92.13939603000011, 21.066295842000045], [92.14028315500008, 21.065239110000164], [92.1417166380001, 21.063554836000094], [92.14240168000015, 21.062734055000135], [92.14301543100004, 21.06199868200008], [92.1434370830001, 21.061557741000115], [92.14463038100007, 21.06030983700009], [92.14549667400007, 21.059379402000104], [92.14682755500013, 21.05794995100007], [92.14787759600006, 21.05682211600009], [92.14797198800005, 21.056720730000052], [92.14894184100012, 21.05558396300006], [92.14985299500017, 21.05451597600006], [92.15053113800008, 21.053848012], [92.1517232540001, 21.052673770000013], [92.15196364000008, 21.052436986000146], [92.1528191110001, 21.051386616000116], [92.15344071200008, 21.05062338600004], [92.15378509300007, 21.050268226000128], [92.15446051800012, 21.049571657000115], [92.15474175800011, 21.049281609000104], [92.15535101600005, 21.048589385000014], [92.15637632400018, 21.047424434], [92.15790070600019, 21.045692398000085], [92.15823021100016, 21.04536181600008], [92.15924871900006, 21.044339965000177], [92.16004262300004, 21.04354344400008], [92.16014569600014, 21.043440030000056], [92.16072051900017, 21.042734964000147], [92.16075771000015, 21.042689344999985], [92.1618010200001, 21.041409623000163], [92.16323280500018, 21.039639423000096], [92.16364707100018, 21.039101533000178], [92.16452874600003, 21.037956738000048], [92.16506760600004, 21.03733391200018], [92.16567477100011, 21.036632132000022], [92.16711239100005, 21.03497045200004], [92.16782117000014, 21.034151189], [92.17024180500016, 21.031512659000043], [92.17064036000016, 21.031042305000028], [92.17227821300008, 21.029109355000116], [92.17265924500015, 21.028659661000063], [92.17272631800012, 21.02857985600008], [92.17327152100017, 21.02793116400005], [92.17400191400014, 21.027062115000035], [92.17508944000002, 21.02561456900014], [92.17880424500004, 21.020672340000033], [92.18076577000005, 21.01778219300013], [92.18079399600009, 21.01773893600017], [92.18091751600014, 21.017549703000043], [92.18117164600005, 21.01716037400007], [92.18236926300011, 21.015325582000173], [92.18524033500017, 21.010800447000122], [92.18563400800014, 21.009725249000155], [92.18660097400004, 21.008340316000044], [92.18665275800004, 21.008266148000132], [92.18683808500003, 21.00800071100008], [92.187918029, 21.00551931300015], [92.18812840500004, 21.005035922], [92.18820364500004, 21.004863041000192], [92.18859228700006, 21.0034040970001], [92.18873092300015, 21.002986727], [92.18929707300009, 21.00128229000012], [92.18970466200017, 21.000055194000026], [92.18993388500019, 20.9992006], [92.19033450000006, 20.997707008000077], [92.19039496200008, 20.99748158900013], [92.19105824100012, 20.99610489600019], [92.19145121700018, 20.99498680300013], [92.19171875900008, 20.99301692100005], [92.19225665500016, 20.991332080000177], [92.19245843099998, 20.990700051000033], [92.19350587500014, 20.98760708700007], [92.19461729200003, 20.984201207000183], [92.19468222500012, 20.984002221000082], [92.195471812, 20.981939817000125], [92.19557110300013, 20.981614321], [92.19703074500012, 20.976829157000054], [92.19731781600018, 20.97588801700016], [92.19789680600013, 20.973044894], [92.19792632100018, 20.972899955], [92.19810331600013, 20.972030804000156], [92.19867448100007, 20.970612386000028], [92.19943212200013, 20.968171187999985], [92.19967415100018, 20.967391328000133], [92.20045114100014, 20.96451856500005], [92.20113813800009, 20.962591001000078], [92.201369446, 20.961941988000092], [92.20207721100007, 20.958982064000168], [92.2022309520001, 20.958650073000115], [92.20269461400005, 20.957648833000064], [92.20376423300019, 20.956095276000042], [92.20416708300013, 20.95545885300004], [92.20581024300003, 20.95286291900004], [92.20684314600015, 20.951426540000114], [92.2072375840001, 20.950878017000093], [92.20747784200006, 20.950367205000134], [92.20829076900009, 20.94863881900011], [92.20845126000012, 20.948297588], [92.2089277340001, 20.947532852000165], [92.2097403030001, 20.946228667000184], [92.21015285400006, 20.945162865999976], [92.21022249200013, 20.94498295900013], [92.210568948, 20.94378190600014], [92.21146013500015, 20.942485738000187], [92.21147031900011, 20.94245930300002], [92.212336907, 20.94020992999998], [92.21251072000013, 20.939571587000046], [92.21302163300004, 20.937695192000092], [92.21304943600012, 20.93759308300008], [92.21366666600017, 20.936259823000114], [92.21399061000017, 20.93552915700002], [92.21494419700008, 20.933378266000148], [92.21517872500016, 20.93288997400009], [92.21547562400013, 20.932271822000075], [92.21591532800005, 20.93135633500009], [92.2164761370002, 20.929253937000055], [92.21677067300004, 20.928336891000015], [92.21688972700014, 20.927966213000104], [92.21746187400015, 20.92667642600003], [92.2182184990001, 20.92551292700017], [92.21863685599999, 20.924949882000192], [92.21902138800004, 20.924432358], [92.2200906590001, 20.922880985000177], [92.22088660300011, 20.921330906000094], [92.222034479, 20.91892059000014], [92.22260074100018, 20.918200561000162], [92.22288298500007, 20.917841671000133], [92.22326088300008, 20.917270101999975], [92.22359514800013, 20.916764524000087], [92.22365039200008, 20.915908151], [92.22363650700004, 20.914966887000105], [92.2236270520001, 20.91432583699998], [92.2238870920001, 20.913426158000107], [92.22478306700009, 20.912473045000183], [92.22481767400018, 20.91242943800006], [92.22625675100016, 20.91061610200012], [92.2289807480002, 20.90711732600016], [92.22946993500011, 20.90649842400012], [92.23072250200005, 20.904913692000093], [92.23132873200012, 20.904194613000186], [92.23250397600003, 20.902799830000163], [92.2329803130001, 20.902233706], [92.23401078900008, 20.90079549100011], [92.23449563300005, 20.900118793000104], [92.2351495810002, 20.899370215000147], [92.2361954070002, 20.898173034000138], [92.23651675600007, 20.89767517100006], [92.2376415110001, 20.895932576], [92.23780755500019, 20.895720878000077], [92.23947178100002, 20.893599025000128], [92.23955513600009, 20.893436741000016], [92.24022362600016, 20.892135246000066], [92.24028665800006, 20.892040059000124], [92.24092569300007, 20.891075034000096], [92.24154565500004, 20.89013879900017], [92.24173623400009, 20.889850994000085], [92.24237579400005, 20.888957300000015], [92.24395002700004, 20.8867574840001], [92.24405380000019, 20.88661246999999], [92.24528685100012, 20.88496024700015], [92.24550351800002, 20.88466992000002], [92.24635370800002, 20.883552235000025], [92.24733567200013, 20.88226129000003], [92.24849227600004, 20.880740721999985], [92.24895426000012, 20.880144987], [92.24942974100009, 20.879531841000073], [92.24948731400013, 20.87944130000011], [92.2518965810001, 20.875652357999968], [92.2521980200001, 20.875232508000067], [92.253117315, 20.873952082000187], [92.25333380600006, 20.873328379000156], [92.25356364600009, 20.87275417100011], [92.2538376170001, 20.872199697000042], [92.254185484, 20.871523210000134], [92.25423853500007, 20.871420044000104], [92.25444706000019, 20.870866434000106], [92.25487046200004, 20.870145182000158], [92.2552951130001, 20.869548082000108], [92.2554658910002, 20.869322326000088], [92.25585064600011, 20.868949257000054], [92.2560616200002, 20.868560420000108], [92.2561660080001, 20.868272323000156], [92.25619614300001, 20.868216641000174], [92.25639859000017, 20.867842561000145], [92.25675653300004, 20.867122171], [92.2571382800001, 20.866548211000122], [92.25735012200005, 20.86617742300001], [92.25783867400014, 20.865477882000164], [92.25806435200013, 20.86509411200018], [92.25826148100003, 20.864758890000132], [92.25835718100012, 20.86461313799998], [92.25850391400013, 20.864265786000033], [92.2588025030002, 20.863914165000153], [92.25907795600017, 20.863461260000065], [92.25918328800003, 20.863277003], [92.25939636700014, 20.86298972900005], [92.259669691, 20.862394617], [92.2598179110002, 20.862187216], [92.26005138700015, 20.86181650000009], [92.26011470400016, 20.86171596500003], [92.26049638400013, 20.86109910600004], [92.26060137500019, 20.86089227400015], [92.260898736, 20.860459396000067], [92.26111271900004, 20.860233063000067], [92.26123995400019, 20.860028193000176], [92.26157871400017, 20.859472854000103], [92.2621113670001, 20.858833678000167], [92.26229604700006, 20.85853548800003], [92.26248253000017, 20.858237274000032], [92.26265925700011, 20.85793243100011], [92.26294717400003, 20.857434217000105], [92.26328716400013, 20.856921756000077], [92.26360642500015, 20.85650890200003], [92.26372315600014, 20.856366637000065], [92.26377684700003, 20.856301203000157], [92.26379602600014, 20.856138400000077], [92.26407175800017, 20.85570580300009], [92.264260778, 20.855296930000122], [92.26436730900002, 20.855153290000146], [92.26466465600004, 20.854761043999986], [92.26496077800005, 20.85424690299999], [92.26520469700006, 20.853855361000114], [92.2655038920002, 20.853546622000067], [92.26584475300007, 20.85313347800019], [92.26613995500014, 20.852558392], [92.26636941500016, 20.851963856], [92.26662264200002, 20.8514728560001], [92.26704472100005, 20.85067032500001], [92.26746531600014, 20.84980911499997], [92.26801552000018, 20.848862655], [92.26826931300013, 20.848410027000057], [92.26847992500012, 20.84800086200005], [92.26880935400015, 20.847547229999975], [92.26900109500008, 20.847321182000087], [92.26932184900016, 20.84700989600009], [92.269680629, 20.846312047000026], [92.270026245, 20.845688691000134], [92.27025059700009, 20.845284047000064], [92.270905454, 20.844072048000044], [92.27111788400003, 20.84378477000007], [92.27122223000009, 20.84349667100014], [92.27143435400006, 20.843189077999966], [92.27151739600004, 20.84292157700014], [92.27193977700006, 20.84218224500006], [92.27228835000005, 20.841565805000073], [92.27258259400003, 20.840929767000034], [92.2728695510001, 20.84039563200014], [92.2730895520001, 20.839986125999985], [92.2732164270002, 20.83979931900012], [92.27327941300007, 20.839635932000192], [92.27363550000013, 20.839004311000053], [92.27404043900015, 20.838300605000086], [92.27423121300012, 20.83801135700014], [92.2743985800002, 20.837602761000085], [92.27478439700008, 20.83678766600002], [92.27510522800003, 20.836245577000057], [92.27529542000013, 20.835917954000024], [92.27542014000016, 20.83554830500009], [92.27550443900014, 20.835404955000115], [92.27588508200012, 20.83472712700018], [92.27605712900004, 20.834390714000165], [92.27611662100014, 20.83427478600015], [92.27626635900009, 20.834008637000068], [92.27647575800012, 20.833637851000105], [92.27689991400007, 20.832979761], [92.27719351399998, 20.83230308800006], [92.27729845300007, 20.832055612000033], [92.27735930400002, 20.831790662000117], [92.27737877300012, 20.831648174000065], [92.27752631700008, 20.83135949399997], [92.27758899100013, 20.83117579500015], [92.27771371500012, 20.830846783000084], [92.27796809800014, 20.830437028000063], [92.2783354450001, 20.829635205000045], [92.27865617800006, 20.829326160000164], [92.27916765200007, 20.828687223000145], [92.27967913100002, 20.828088923000166], [92.28023503600014, 20.827530668000065], [92.28038353500006, 20.82734582500018], [92.28076903500016, 20.826993021000078], [92.28095764000005, 20.826561562], [92.28106413500007, 20.826417916000025], [92.28122929600016, 20.825864859000035], [92.28141331000012, 20.82512868600014], [92.28147410700007, 20.82482084300011], [92.2817260020002, 20.824286949], [92.282051057, 20.82354889700008], [92.28253753500013, 20.822727417000124], [92.28288856600011, 20.82205512600018], [92.28319159800014, 20.821474758000136], [92.28344439900019, 20.821001809000165], [92.2836944290001, 20.82030538900011], [92.28407348500019, 20.819566615999975], [92.28464386800005, 20.81853857100009], [92.28488676400008, 20.81808607000005], [92.28507228500007, 20.817451465000033], [92.28531585100012, 20.81689514800013], [92.2853262110001, 20.816871486000082], [92.28551272700008, 20.816445471000122], [92.28567759300006, 20.815874357000098], [92.28593129900008, 20.815462345000128], [92.28619981700007, 20.81456023700008], [92.28639442900004, 20.813861580000093], [92.28646744900004, 20.813599438999972], [92.2867591000001, 20.812798614000087], [92.28681004800006, 20.812594749000027], [92.28708751699997, 20.81228627000013], [92.28727302500005, 20.811651664000067], [92.28750169500017, 20.81097358800008], [92.28783903400011, 20.81033695700006], [92.28798071000011, 20.810028261000127], [92.28811217100002, 20.80974181900001], [92.2882676590001, 20.809527408000122], [92.28851554700003, 20.80918557900003], [92.28872820700002, 20.80891859900015], [92.28897448100014, 20.807976147000147], [92.28915813700007, 20.80721965300006], [92.28951831200015, 20.805909948000135], [92.28985469100019, 20.804580376000104], [92.28990687700002, 20.804374102000054], [92.29030162600009, 20.803208421000022], [92.29054667300005, 20.802225348000093], [92.29066919000013, 20.801713492000033], [92.2908987880001, 20.801098613000022], [92.29121920300008, 20.800387630000102], [92.29128672700017, 20.80023779700008], [92.29156137000007, 20.79974422800018], [92.29170517800009, 20.799211769000067], [92.29186309500005, 20.798733571000128], [92.29197558300012, 20.79839294300018], [92.29203691600014, 20.798207218000186], [92.29218444000009, 20.797920788000113], [92.29236511500005, 20.79738614500019], [92.29257912700018, 20.796752845000185], [92.29280469800011, 20.795912257999987], [92.29313676900011, 20.79493027700005], [92.29333486600007, 20.794376772000135], [92.29362771700005, 20.793659454000135], [92.29390112700014, 20.793125263000093], [92.29404983800009, 20.792917831000125], [92.29417360100013, 20.792489488000115], [92.29457225400012, 20.791585631000032], [92.29486356000007, 20.79076674100014], [92.29503666700009, 20.790744105000044], [92.2952424990001, 20.790027951000127], [92.29545855700019, 20.789405607000162], [92.29551337400005, 20.78924770900005], [92.2957151970001, 20.788980870000103], [92.29607498400014, 20.788404883000112], [92.29628540500005, 20.78795280500003], [92.29649030200005, 20.787175703], [92.2965705100001, 20.786725366000155], [92.29684451600019, 20.786231799000063], [92.29687719400005, 20.786079822000033], [92.2970071150001, 20.785475584000153], [92.29717126600008, 20.784861577000072], [92.29728976600012, 20.784126268000023], [92.29746993300017, 20.783103420000145], [92.29752178300004, 20.782960499000126], [92.29758040000019, 20.782551087], [92.29770257600018, 20.78201891600014], [92.29773405800012, 20.78124413600017], [92.29785869099999, 20.780874479000033], [92.29804937500018, 20.78054683], [92.29823481000011, 20.77991222100019], [92.29833601400014, 20.77946160099998], [92.2984266630001, 20.779146582000124], [92.2984597210002, 20.779031], [92.29847732400015, 20.77876662500006], [92.29861832600005, 20.77805133400011], [92.29864281300007, 20.777924582000082], [92.29875898500006, 20.777313473999982], [92.29897680000005, 20.776637793000134], [92.29909992400013, 20.776168820000123], [92.29922364600009, 20.775778854], [92.29947631700009, 20.775265251000064], [92.29976911100016, 20.774547928000118], [92.299924057, 20.774131761999968], [92.29999804, 20.773933050999972], [92.30018314100016, 20.773237488000063], [92.3004456930002, 20.771990032000076], [92.30057497500007, 20.771472430000074], [92.30058883500016, 20.77141694000005], [92.3006924720001, 20.771088200000065], [92.30085106700017, 20.77082193500013], [92.30105962099998, 20.770288604000143], [92.30107997400017, 20.770166421000056], [92.30112170700016, 20.769982890999984], [92.30114073600004, 20.769899209000187], [92.30149830800013, 20.769181016000175], [92.30183428000004, 20.768463110000084], [92.30215019100018, 20.767847065000012], [92.30254905500016, 20.76696351200019], [92.30265333700004, 20.766677656000184], [92.30300870600007, 20.76581500200001], [92.30325858200013, 20.765118569000037], [92.3034331830001, 20.764484098000025], [92.30347206500011, 20.764199119000182], [92.30363740900015, 20.763666366000052], [92.30390826100017, 20.76292901400018], [92.30413685300005, 20.762293820000025], [92.30424078700014, 20.761985393000145], [92.30447120900004, 20.761431446000074], [92.30455420800007, 20.761206830000106], [92.30484880900019, 20.760611387000154], [92.30518567300015, 20.759954420000042], [92.30538771699997, 20.759705629000166], [92.3055348760002, 20.759398879], [92.30570481300015, 20.75913020200005], [92.30589578200005, 20.75886349800004], [92.30612590400006, 20.75832987600012], [92.30633656800006, 20.75789810499998], [92.306480605, 20.757385952000163], [92.30679524300012, 20.75668864500011], [92.30725576600008, 20.755601072000104], [92.30767807200004, 20.754882001000055], [92.30797233900017, 20.75426623900006], [92.30814231800008, 20.75404045400012], [92.30833169900006, 20.75366992], [92.30876694000011, 20.753052264000075], [92.30897854900007, 20.752683691000016], [92.30923302600013, 20.752332600000045], [92.30939988200004, 20.751901415000134], [92.30969694800012, 20.751470736000158], [92.31007880200008, 20.750894432000052], [92.31026601500002, 20.75038169800007], [92.31058432900011, 20.749928157000113], [92.31094459700006, 20.74939277800013], [92.31126198200013, 20.748878293000132], [92.31151488500018, 20.748384994000105], [92.31168207500014, 20.747976378000033], [92.31185985700012, 20.747686087999966], [92.31227456400006, 20.747008932000085], [92.31311074300004, 20.745692788999975], [92.31340744400018, 20.745239535000167], [92.31359745700018, 20.744911884000146], [92.31374640700005, 20.744724756000096], [92.31401903800014, 20.744109278000167], [92.31427226900007, 20.743638548000092], [92.3147398480001, 20.743020446000116], [92.31538016600012, 20.74235937700007], [92.315893712, 20.741923518000135], [92.31632211300018, 20.741570076000016], [92.31662161400004, 20.741301901000156], [92.3170928940001, 20.740927561999968], [92.31759597400014, 20.740514414000074], [92.31839050700012, 20.740013803000124], [92.31894846300008, 20.73965861100004], [92.31959277200019, 20.739261612000178], [92.32034321000009, 20.738702891], [92.32090051500012, 20.738266428000088], [92.32152074100009, 20.737707201999967], [92.32186090099998, 20.737273667000068], [92.32232967300007, 20.736736804000145], [92.3225653250002, 20.736571074000096], [92.32273557500008, 20.736365593000073], [92.322972102, 20.736217911000097], [92.32342178400012, 20.7358461070001], [92.32370029400005, 20.73561884300011], [92.32438838300004, 20.73526187500005], [92.32494568600004, 20.734866034999982], [92.32562108800016, 20.73434668800013], [92.32570528600019, 20.73420332000012], [92.32617810500017, 20.733932788000118], [92.32645719300018, 20.73374389000014], [92.32673538000017, 20.7334963080001], [92.32684117000002, 20.733352648000107], [92.32716250700008, 20.73310222300006], [92.3276756890001, 20.73260764200012], [92.3279100540002, 20.732358394000073], [92.32805900900019, 20.732173510000052], [92.328144114, 20.7320504490001], [92.3286998430001, 20.731553031000146], [92.32942795500009, 20.730951684000047], [92.3300925480001, 20.730473105000158], [92.33075838200017, 20.73007577800007], [92.33112414800001, 20.729867639000133], [92.33140358600008, 20.729741941000043], [92.33189731800007, 20.72942821700019], [92.33211195400003, 20.729262762000076], [92.33262699900013, 20.728930686000183], [92.33288385000014, 20.728701446], [92.33375352700006, 20.728179433000093], [92.33443935500014, 20.72763959800011], [92.33482454400013, 20.72732959500013], [92.33508076600003, 20.72705972400007], [92.33540148900016, 20.726770917000067], [92.33576566900012, 20.726499578000073], [92.33638863100015, 20.726125391000153], [92.33716236600014, 20.725685939000186], [92.33772025900004, 20.72533294900012], [92.33816953000013, 20.724938540000096], [92.33834130500009, 20.724834615000077], [92.33876897800019, 20.72444050000007], [92.33930211300014, 20.723882403000175], [92.33957963800009, 20.723594176000063], [92.33990124200005, 20.723364045000096], [92.34071911000007, 20.722987193000165], [92.34186260600018, 20.72260364500005], [92.34223853400005, 20.72239534700003], [92.34303663500009, 20.72213840400019], [92.34374655300019, 20.721803642000054], [92.34436975200015, 20.72144748800008], [92.34484093100014, 20.721075341000073], [92.34513937000003, 20.720743926000125], [92.3452645100001, 20.720417131000147], [92.34562865900011, 20.720145775000105], [92.34616739400019, 20.71991493200011], [92.34670803600017, 20.71984660400011], [92.34731307300007, 20.71971418200019], [92.34761686100012, 20.71973035600007], [92.34817752300017, 20.719560158000036], [92.34871719100005, 20.719390248000025], [92.34921370500012, 20.71926156], [92.35025081700013, 20.71906227500017], [92.35067238500017, 20.71897524400015], [92.35155996000015, 20.71888184200003], [92.35222948100005, 20.718730464000146], [92.35287835200018, 20.71864031900003], [92.35322469000005, 20.718615263000117], [92.35396334900014, 20.718706749000035], [92.35448270100017, 20.71865900600011], [92.3551112350001, 20.718650402000094], [92.35554642400012, 20.718746034], [92.35617653000003, 20.71883899500017], [92.35682948300018, 20.71901291000006], [92.35743803100007, 20.719108422000147], [92.3582470980001, 20.719524009000168], [92.35927431700014, 20.720081081000046], [92.35948258500014, 20.72024302600005], [92.36026978700005, 20.720679218999976], [92.3607084800002, 20.721000542000013], [92.36129481500012, 20.72109408500006], [92.36174908400017, 20.721026894999966], [92.3623519360001, 20.720754487000022], [92.36310522600007, 20.72039647800011], [92.36364364500014, 20.720185903000015], [92.3639877440001, 20.720016374000124], [92.36463215900005, 20.71960116200006], [92.36501848800015, 20.719370098000127], [92.36521277500015, 20.719326792000118], [92.36574958000006, 20.718974008000032], [92.36628574500008, 20.71861897400015], [92.3667155710001, 20.71836924700017], [92.36714412300006, 20.71807664500011], [92.36768313000016, 20.71786604800019], [92.36828911700013, 20.717796756000155], [92.36868974300006, 20.717791241000157], [92.36880492800009, 20.718216327000164], [92.36885924100005, 20.718931216000044], [92.36881223300003, 20.720074173], [92.36865316100005, 20.720992921], [92.36834333300015, 20.72197695500006], [92.36800622100014, 20.72263402100009], [92.36767033700005, 20.72333170800016], [92.3675011160002, 20.723598169000127], [92.36715859300017, 20.723869269000147], [92.36679539400006, 20.724199352000028], [92.36616906000012, 20.725045514000044], [92.36578559300011, 20.725500040000156], [92.36567892800008, 20.725623411000186], [92.36540047800014, 20.725810102000082], [92.36521000700009, 20.7260994290001], [92.36516937900006, 20.726303165000104], [92.3650204770002, 20.726488073000098], [92.3648938340001, 20.72671556800003], [92.36438014100014, 20.727128984000103], [92.36423284900008, 20.727417718000027], [92.36401917000006, 20.7276035160001], [92.36389378500007, 20.72791226400011], [92.36383374100006, 20.72821785600013], [92.36364613400008, 20.728730637000012], [92.36352387200009, 20.72920188400002], [92.36344258000014, 20.729568721000078], [92.36319748500017, 20.73055186], [92.36310378600018, 20.730776644000116], [92.36300251500006, 20.731247602], [92.36275959000011, 20.732332298000074], [92.36276432200015, 20.73263700300015], [92.36272593300009, 20.73298519000008], [92.36260369800016, 20.733497071000045], [92.36247918600014, 20.733823869000105], [92.36239729700003, 20.734152336000022], [92.36221217100018, 20.73478698800011], [92.36210994700008, 20.735197006000135], [92.36201053300005, 20.735749210000165], [92.3618276430002, 20.73656669200011], [92.36170414200018, 20.736997320000057], [92.36136276500008, 20.738040477000084], [92.36123768400012, 20.73836953600005], [92.36097188800017, 20.73937327600015], [92.36071494300012, 20.740986427000166], [92.36051329400004, 20.741948647000186], [92.36038115100001, 20.74321468200003], [92.36029128900009, 20.743726120000076], [92.36021948200005, 20.744704618000014], [92.36014704400014, 20.745604110000045], [92.36018160100002, 20.746438924000188], [92.36049493600012, 20.747066730000085], [92.36103467200019, 20.748325792000173], [92.36161817300007, 20.749581990000024], [92.36180990500014, 20.75006698100009], [92.36143303000011, 20.750950340000088], [92.36099255900018, 20.751872952000042], [92.36070518100018, 20.75291762300003], [92.3604765610001, 20.7535731910001], [92.36024303800008, 20.754020104000062], [92.35992882500011, 20.75462143700014], [92.35927471000008, 20.755813370000112], [92.35867515000018, 20.75696391499997], [92.35821087600016, 20.757785260000162], [92.35740496200009, 20.7589792710001], [92.35672792500009, 20.760049602000095], [92.35613963100008, 20.761080558000174], [92.35567233500018, 20.761899460000052], [92.355161839, 20.76283520200002], [92.35443888200018, 20.76416036700016], [92.35374524000014, 20.765556002000096], [92.35364283100012, 20.765722515999983], [92.35317998699998, 20.766475075000187], [92.35274478600013, 20.76718268000002], [92.35258162700006, 20.767447963000052], [92.352311762, 20.76799568100006], [92.35229830100008, 20.76802300200012], [92.35201300900007, 20.768711542000062], [92.35188747500018, 20.76901451000009], [92.35175455300003, 20.76933530900004], [92.35148997000005, 20.76982539700009], [92.35142889000014, 20.769938536000154], [92.35112220600018, 20.77050660200007], [92.35065188700008, 20.771392237999976], [92.35020559100008, 20.77223262500013], [92.34944777900012, 20.773712658000136], [92.34854126500005, 20.775395644000128], [92.34748706400012, 20.777308656000116], [92.34711059000006, 20.777693087000046], [92.34671845700007, 20.77809350500013], [92.34652120200019, 20.778687679000086], [92.3461545130001, 20.78020073000016], [92.34600778700008, 20.780961674000025], [92.34571282000007, 20.78249140200012], [92.34547308700002, 20.784033082000178], [92.34533780200013, 20.78490306900011], [92.34507949700014, 20.7859289430001], [92.34481703400019, 20.786971324999968], [92.34455560700013, 20.787908395000102], [92.3442006090001, 20.789180853], [92.34401013000007, 20.789910918000146], [92.34383175100015, 20.79059460000019], [92.34362647000012, 20.791331107000133], [92.3435649720002, 20.791500096000163], [92.34351995999998, 20.791623785000183], [92.34295068200015, 20.79319604000017], [92.34262971000004, 20.79491390200019], [92.34224572100015, 20.796865148000165], [92.34216728400014, 20.797265806000098], [92.34176937600012, 20.79886055000003], [92.34125834100018, 20.800973244999966], [92.34060469600018, 20.803506675000165], [92.34028280200005, 20.804649377000032], [92.34003907500005, 20.805514582000114], [92.33979799600007, 20.806321900000114], [92.33960269200008, 20.806975919000138], [92.33954425700011, 20.807171602000096], [92.33933992000016, 20.8079713030001], [92.33917073200001, 20.808700562000126], [92.33905017000018, 20.809220225000047], [92.33891275600018, 20.809812518000115], [92.3384353620001, 20.811938865000116], [92.33812131300016, 20.813340057], [92.33798615500018, 20.813943081], [92.337915705, 20.81425740400016], [92.33790803000016, 20.814291649000097], [92.33774547500013, 20.81505567100004], [92.337503385, 20.816193509000072], [92.33743313000014, 20.81654212900014], [92.33724808000011, 20.817140985000094], [92.33673047700017, 20.818816029000118], [92.33634851800014, 20.819977561000144], [92.33619206800012, 20.820453320000183], [92.33589750100003, 20.821431523], [92.33574008000005, 20.821954287000096], [92.33571696400008, 20.822031050000135], [92.33565938600009, 20.822501403000047], [92.33537019900007, 20.823923329000138], [92.33513543600009, 20.825077633999967], [92.33493452800019, 20.82614142200009], [92.33449920000004, 20.827650224000024], [92.33429628900006, 20.82835348600014], [92.33391744400006, 20.829794461000063], [92.33374276300009, 20.83046057700011], [92.33349204500013, 20.831448284000032], [92.33343600000018, 20.83166802800008], [92.33273004800003, 20.83369589300014], [92.33223170600019, 20.83517234600015], [92.33166427500004, 20.83703577700004], [92.33106917200013, 20.83924724700006], [92.33034251700013, 20.841376979000074], [92.32956185700016, 20.843509698000048], [92.32860377600002, 20.84609182600019], [92.32799888200009, 20.84767130900002], [92.32797399900005, 20.84775632000003], [92.3272259810002, 20.850311867000016], [92.32687755200004, 20.85139162000013], [92.32660475900013, 20.85223697200007], [92.32589429500013, 20.854021067000133], [92.32581812800015, 20.854218405000154], [92.32517425900005, 20.855886560000044], [92.32455551700019, 20.857897416000185], [92.32447945800004, 20.858144523000078], [92.32383094, 20.860250598000164], [92.32299058700005, 20.862729518000094], [92.32183034500014, 20.866314461000172], [92.32142899400003, 20.86770604900005], [92.3207469240001, 20.86993899700002], [92.3199135930002, 20.87218966900008], [92.31980769100011, 20.872475687000133], [92.31977833300016, 20.87255435700007], [92.31976789400011, 20.872582331000103], [92.31905529700003, 20.874592821000135], [92.31892526600018, 20.874959679000142], [92.31884414700016, 20.875191048000033], [92.31880855000014, 20.875292908000063], [92.31765741400011, 20.87858670200012], [92.31709002300016, 20.880511057000092], [92.31688168700015, 20.881223753000086], [92.31638936500008, 20.882906780000155], [92.31586331000017, 20.884708667000154], [92.3148515650002, 20.88663903900016], [92.31418223900005, 20.887352515000032], [92.31337786400002, 20.88820993600018], [92.31118300100007, 20.890849374000084], [92.3106189840002, 20.89155007400018], [92.31000086800003, 20.89209121500005], [92.30971938600004, 20.892338837000125], [92.30937388200005, 20.892630000000167], [92.30931917400011, 20.89267610400009], [92.30929011, 20.892700697000066], [92.3085193620002, 20.893352889000028], [92.30821991700003, 20.89364364400018], [92.30719587400012, 20.894779483000093], [92.30491190100008, 20.897338786000034], [92.30351518400005, 20.898969529000055], [92.30253148100013, 20.89991968300012], [92.3005436950001, 20.90190378000011], [92.29870408600004, 20.903682681000078], [92.29668722500008, 20.90593352600007], [92.29459711600009, 20.90834787800003], [92.29355250800012, 20.909605839000108], [92.2928459810002, 20.91022713100017], [92.29110098200016, 20.911801512000125], [92.29069366000004, 20.912152384000024], [92.2893707670001, 20.913639815000067], [92.28744904600018, 20.91576512400019], [92.28665880900007, 20.916613277000067], [92.285301527, 20.91797697200002], [92.28410390700003, 20.919175978000112], [92.28344484600012, 20.920081056000015], [92.28265305000019, 20.92130396800013], [92.281915831, 20.922442616000012], [92.28083598600011, 20.924163789999966], [92.27905649600012, 20.926971172000094], [92.27844424700004, 20.928091269000163], [92.27726892300012, 20.930241455000044], [92.27584850800008, 20.932529290000105], [92.27414223000011, 20.935383067000032], [92.27212010900007, 20.938331341000094], [92.27156492100016, 20.93926822300017], [92.27086871400019, 20.94044306000012], [92.2705017740002, 20.94288163400006], [92.27054866300006, 20.945432096000047], [92.27061544100007, 20.948503797000114], [92.27066813400012, 20.950803257000132], [92.27067703800014, 20.95119177300012], [92.27088122100008, 20.95583280900007], [92.27096605200006, 20.957760802000166], [92.271009521, 20.958748689000117], [92.27111612300013, 20.96117126500019], [92.27111623800005, 20.961464434], [92.27111707700004, 20.963590838000073], [92.27111802800005, 20.96599613500007], [92.27111822100011, 20.966481095000063], [92.27146103700005, 20.970517613000084], [92.27138732000009, 20.97252475200014], [92.27133502700013, 20.973948573000087], [92.27157174500019, 20.975907546000087], [92.27183918100008, 20.978120648000072], [92.27180540600006, 20.978430388000106], [92.2717482770002, 20.978950300000122], [92.27154604200007, 20.98079077000017], [92.27095893600017, 20.983368439], [92.27076103700006, 20.984237289000134], [92.27040993100013, 20.98559146700012], [92.26958216600013, 20.98878399], [92.269505638, 20.989285139], [92.26904187600019, 20.992322061000095], [92.26876907399998, 20.99330299000019], [92.26817355200012, 20.995444297000176], [92.26810934100001, 20.99567518100008], [92.26650463600004, 21.00144492600009], [92.26404763700003, 21.010280036000154], [92.26388425600015, 21.01086750400009], [92.26363991600016, 21.011746072000108], [92.2633435790001, 21.01200547600007], [92.2630271060001, 21.012282503000165], [92.26248673900005, 21.012974346000135], [92.26204749200019, 21.013536718000125], [92.26107487200005, 21.01478195300001], [92.26044180200006, 21.015592454000057], [92.2585029240002, 21.01807467500015], [92.25751259700007, 21.0190316070001], [92.25704602200011, 21.019482441000093], [92.25610888500012, 21.02058296400014], [92.25534077000003, 21.02148498100007], [92.25471566700008, 21.02232908500008], [92.25440874100013, 21.02274353700011], [92.25401557999999, 21.023660820000032], [92.25398633300017, 21.024255032000042], [92.25381943600013, 21.02764582499998], [92.25378112000016, 21.028942880000102], [92.253750653, 21.02997425000018], [92.2537247910002, 21.030849770000145], [92.25371189000009, 21.031286498000043], [92.25367699000003, 21.03192360600019], [92.25354709600015, 21.034318381000162], [92.25354579400005, 21.034757093000053], [92.25354075700005, 21.036454152000033], [92.25458167300002, 21.039628069], [92.25520691800017, 21.0421437600001], [92.25522420100009, 21.04221351700005], [92.25541021500004, 21.042961137000134], [92.25541882300018, 21.042995736000023], [92.25615475100017, 21.045953466000185], [92.25670956200014, 21.048183184000095], [92.25710032800015, 21.049553181000192], [92.25725420200007, 21.05009263900007], [92.25800652599997, 21.05109841899997], [92.26102979900014, 21.055140042000176], [92.26180996400012, 21.055879170000026], [92.26190739800018, 21.05606947700005], [92.26359056800015, 21.059356948000186], [92.26366207600006, 21.059496784000032], [92.26412032300004, 21.060392886000102], [92.26459119800018, 21.062264911], [92.26452562499998, 21.062580413000035], [92.26351511500008, 21.06744234500013], [92.26292524700011, 21.068917812000052], [92.26019458600018, 21.07574779000015], [92.25882547600008, 21.07917201200013], [92.25837227500017, 21.07966342600008], [92.25751753700013, 21.08010874900009], [92.2574295710001, 21.080154580000055], [92.25739287800019, 21.080313099000136], [92.25450255700008, 21.081771557000025], [92.25340053700018, 21.082687609000118], [92.24929979700016, 21.086096186000134], [92.24618691100017, 21.08868400600005], [92.24600873700018, 21.088833111000042], [92.24596321100017, 21.088865173000045], [92.24153599600004, 21.091982944000165], [92.2406105170001, 21.092554532], [92.23670148800005, 21.094968699], [92.2364036080001, 21.095152660000053], [92.23406063600004, 21.097057045000156], [92.23311613000004, 21.09904295500013], [92.23295666000018, 21.09948212600017], [92.23175189800014, 21.10279990100014], [92.23151315100006, 21.103457366999976], [92.22982588500003, 21.107750970000097], [92.229652794, 21.10819010199998], [92.22851418800013, 21.110335126], [92.22849597200008, 21.11036936200003], [92.22826378500014, 21.11080574400006], [92.22803362200017, 21.11126255], [92.22615952100011, 21.11497837800016], [92.22509312200003, 21.117516430000023], [92.224608579, 21.118669627000145], [92.22392420700004, 21.120387760000085], [92.22390527599998, 21.120435285000042], [92.22145787, 21.121537510000167], [92.2193611720001, 21.122481589000017], [92.21796582400009, 21.122899466000092], [92.21653689900006, 21.122435043999985], [92.21382674400013, 21.121282982000082], [92.21132257700015, 21.120146241999976], [92.20881848100004, 21.119214907000128], [92.20809646300017, 21.119039196000074], [92.20748683900018, 21.11897941100017], [92.2033164550001, 21.12223277700008], [92.20260211700014, 21.122898744], [92.20135419400003, 21.12406214599997], [92.20111699600011, 21.125029941000037], [92.2003678640001, 21.12808642200008], [92.19953175500012, 21.131497649000153], [92.19892363200017, 21.134641407], [92.19848947500003, 21.13661119], [92.19812914100004, 21.13824362700018], [92.198918629, 21.140335232000155], [92.19965592199998, 21.142288203000135], [92.20167683200003, 21.144477512000037], [92.2031374570002, 21.146369984000103], [92.20347078400016, 21.147381118000112], [92.20341949400017, 21.148218059000158], [92.20324043700003, 21.14902679500011], [92.20302717200008, 21.149647206], [92.20196776500006, 21.149951479000038], [92.20110750700013, 21.150201982999988], [92.20014414900015, 21.15035674300003], [92.19927863400005, 21.150347860000068], [92.1985811780001, 21.150054172000125], [92.19831337800014, 21.14985694600017], [92.19790142400012, 21.149556459000053], [92.19741816800013, 21.149256899000136], [92.19693505600014, 21.148966892000033], [92.1961875340001, 21.14870898800001], [92.19529825500013, 21.148510264000095], [92.19405162500004, 21.14825882499997], [92.19233475700008, 21.147898780000105], [92.19140629000009, 21.147805675000143], [92.190479229, 21.147808121000025], [92.18922523300017, 21.147747890000062], [92.18790661200006, 21.147449548999987], [92.18691170000017, 21.14699409300016], [92.18613962000006, 21.146449736000136], [92.18561312800017, 21.14597866200006], [92.18520648600014, 21.145343562000107], [92.18474793799999, 21.14464222800018], [92.18467897500005, 21.144107898000186], [92.18469191800017, 21.143601183999976], [92.18468813300012, 21.143343181000034], [92.18456058000015, 21.142981642000052], [92.18432766700016, 21.142382527000166], [92.1843236040001, 21.142105412000035], [92.18462356700013, 21.141719240000043], [92.1852306350001, 21.141434236000123], [92.18562029200007, 21.14129207100018], [92.18588180900014, 21.141378040000063], [92.1860467410001, 21.14150971500004], [92.18623260500004, 21.14167934900007], [92.18629498000013, 21.141764561000173], [92.18632105100005, 21.14203043400005], [92.18636296600005, 21.142231999000103], [92.18644599400017, 21.14233605900006], [92.1865602790001, 21.14248750200005], [92.18670400000019, 21.142562106000184], [92.1869589210001, 21.142577926000058], [92.18722276500006, 21.142507615], [92.18750599700002, 21.142370148999987], [92.18775811100011, 21.142194856000174], [92.18796751600013, 21.141886309000142], [92.18814790900007, 21.141683271000034], [92.18824639500019, 21.14145261700014], [92.18808940200006, 21.141167923000182], [92.18794407800016, 21.14029051300008], [92.18770919400009, 21.139557624000076], [92.18757299600014, 21.139301331000127], [92.18748805100017, 21.139063465000163], [92.18723202200005, 21.138735398000108], [92.18713071700006, 21.13860051300003], [92.1869066610002, 21.13843137300006], [92.18664472600011, 21.138284226000053], [92.1864213020001, 21.138158087000022], [92.18622115700015, 21.138126609999972], [92.18616858400014, 21.13811834200004], [92.18595272000005, 21.138174831000185], [92.18544292500007, 21.138308237], [92.18536179500006, 21.138329467000176], [92.18447244500004, 21.138642008000033], [92.1837753280002, 21.139038081000024], [92.18368502400017, 21.139132431000178], [92.18352681100015, 21.139285003], [92.18322250900019, 21.13937494600009], [92.18300076600002, 21.139363469000102], [92.18279280700017, 21.139250646000107], [92.18252325900005, 21.139104406000058], [92.182189951, 21.138778969000043], [92.18198755700013, 21.138523526000142], [92.18187704300004, 21.138281233999976], [92.18186468100009, 21.137958827000034], [92.18197212900009, 21.13747000900014], [92.18200476200008, 21.137089678000166], [92.18194772000015, 21.136846696000134], [92.1818142910002, 21.13660470000019], [92.18146781000002, 21.13642279300018], [92.18129497500001, 21.13638461300019], [92.18119186600012, 21.136361836000162], [92.18084801000009, 21.136359097000025], [92.18063902500012, 21.136475700000176], [92.18040087800006, 21.13660857400015], [92.18007984900004, 21.13712164599997], [92.18008708400004, 21.137616155000103], [92.18018640700018, 21.13813815000009], [92.18010867000004, 21.138569239000105], [92.18004463800008, 21.138892631000033], [92.17989647000007, 21.139209937000032], [92.17949485000003, 21.139437321000173], [92.1790757490001, 21.139514398000074], [92.17882844500008, 21.139580665000153], [92.17871043500008, 21.13961228700009], [92.17830064800017, 21.13980393300011], [92.17796486600008, 21.13995993900005], [92.17784590100013, 21.14000721200017], [92.17744991100005, 21.14020588699998], [92.1774560250002, 21.140259410000056], [92.17758377900009, 21.141377691000116], [92.17797505000004, 21.143054782000092], [92.17831915900018, 21.144292831000087], [92.17844558200011, 21.14457792999997], [92.17840791300006, 21.1447886790001], [92.17827062200018, 21.14515363300012], [92.17817944500018, 21.14534639100009], [92.17788710100018, 21.145634588], [92.17772829400008, 21.145791142000178], [92.17762390800016, 21.145885682000028], [92.17730820700007, 21.146204407000027], [92.17727110099997, 21.14620520600016], [92.17686369400013, 21.14621398800017], [92.17606089600014, 21.14628917300007], [92.17565325100009, 21.146273650000126], [92.17520724000019, 21.146187790000113], [92.17507529400012, 21.146137941000177], [92.17471216600012, 21.146019785000192], [92.17442169400005, 21.145891141], [92.17410434400006, 21.145824591], [92.1737860290001, 21.145876042999987], [92.17341078900017, 21.145867617000192], [92.17303549299999, 21.145851540000024], [92.17269684400014, 21.145641990000115], [92.17253906000008, 21.145525998000096], [92.1716714370001, 21.14538265300007], [92.17185335000016, 21.14469113900003], [92.17195418200015, 21.143746036000096], [92.17178293400019, 21.142481859000043], [92.17109553400019, 21.140799586000185], [92.17102614600009, 21.14084728000006], [92.17093597300004, 21.140909262000037], [92.17063082200008, 21.140941848000068], [92.17042697000011, 21.140915828], [92.17032462700007, 21.14090276600018], [92.1700545400002, 21.140719856000146], [92.16998244700017, 21.140491398999984], [92.16991621900019, 21.140141007000125], [92.16981461300014, 21.139984610000056], [92.1695617900001, 21.139937674000123], [92.169333242, 21.13998361199998], [92.16915219700007, 21.14014363299998], [92.1690678130002, 21.140304306000075], [92.16905109200013, 21.140546345000075], [92.16907609600008, 21.140689389000045], [92.16920322900017, 21.141024664000156], [92.16926004200019, 21.141253318000054], [92.16928640400005, 21.141489530000058], [92.16921502100007, 21.141834516000188], [92.16916476900019, 21.141962275000026], [92.16936852600008, 21.142394297000067], [92.16907172200007, 21.143237438000085], [92.16880563000007, 21.143966563000106], [92.16868561100017, 21.144469873], [92.16855042499998, 21.1448061210001], [92.16828791500012, 21.145143999000027], [92.16836178200009, 21.14538087600016], [92.16823039300016, 21.145376139000064], [92.16785489400007, 21.145261924000067], [92.16732253600009, 21.145135576000143], [92.16729734500007, 21.14475295699998], [92.16735074300004, 21.144221828000184], [92.16734323500015, 21.143705815000033], [92.1671468080001, 21.141758584000115], [92.16704818500006, 21.14074199600003], [92.16685463400012, 21.14067480500006], [92.16672186500006, 21.14062635600004], [92.16660738100018, 21.14063499000008], [92.16647300200015, 21.140851755000142], [92.16651536699999, 21.14113794100001], [92.16657384500007, 21.141481264000106], [92.1665928760001, 21.141739076000135], [92.16647325400015, 21.14191981200014], [92.16629074400015, 21.141979493], [92.16608489999999, 21.142010800000037], [92.1659510570002, 21.141973476000146], [92.16592574600014, 21.142148336000048], [92.16588541800019, 21.142476793000128], [92.16577395400003, 21.142693266000038], [92.16564871600013, 21.142838232000088], [92.1656132980001, 21.143029837000086], [92.16554037700018, 21.143269709000037], [92.16530245900003, 21.143547535000096], [92.16498553999998, 21.143647164000072], [92.16385306000006, 21.14370943600005], [92.16221588500008, 21.143679497000164], [92.16122319200008, 21.143661338000186], [92.16058475900013, 21.143743680000057], [92.15954918700004, 21.143740515000047], [92.15901356300014, 21.143687614000044], [92.15890124400016, 21.14362040400016], [92.1585639490001, 21.143418567000083], [92.15816128600005, 21.142874139000128], [92.15779076600012, 21.14196557700012], [92.15777838100007, 21.141935207000074], [92.15761625300019, 21.141292134000082], [92.157543557, 21.141001662], [92.15719087700018, 21.141136361000065], [92.15632952200019, 21.14131440700004], [92.15569775300008, 21.14155950999998], [92.15493909600008, 21.141808486000173], [92.15420292400012, 21.141865269000164], [92.15334498700008, 21.142280313000015], [92.15288819200003, 21.1423109590001], [92.15253245200012, 21.142340319000027], [92.15245025800004, 21.14238339400015], [92.15192758000012, 21.142657314000076], [92.15152509300015, 21.14294915800002], [92.15133506200016, 21.142974361000086], [92.15094142600009, 21.14302656600006], [92.15023078400009, 21.143060431000094], [92.14987846200006, 21.143326798000032], [92.14960349300014, 21.143617018000043], [92.14930470900009, 21.144049774000166], [92.14892711700014, 21.144316460000027], [92.14851807600013, 21.144154586000127], [92.14833005700012, 21.144091499000126], [92.14829163800005, 21.144055863000062], [92.14745590700005, 21.144177099000103], [92.14715684700019, 21.14466067899997], [92.14710549800014, 21.144743709000124], [92.1471135700001, 21.14530351500008], [92.14712535900009, 21.145740442999966], [92.1473653320001, 21.14619888100009], [92.14832885499999, 21.146635931], [92.14881416100019, 21.14707904900007], [92.14858608100013, 21.147867621000103], [92.14752227600013, 21.148779689000094], [92.1466154100001, 21.149219815000095], [92.1465716900002, 21.149241033000067], [92.14477886100008, 21.149374394000176], [92.14403043800007, 21.14921003699999], [92.14367063400016, 21.148749511000062], [92.1428308780001, 21.148258940000062], [92.1427149760001, 21.148190419], [92.14196935500013, 21.14813664400009], [92.14158328899998, 21.14802669500017], [92.14106461200015, 21.148090604], [92.14040525000013, 21.148290100000168], [92.13990694400013, 21.14835374800009], [92.139408501, 21.148407840000175], [92.13892051800002, 21.148480911999968], [92.138454416, 21.14865884300002], [92.13800923500003, 21.148874737000142], [92.13753157200006, 21.148957234000136], [92.1368302210002, 21.149071227000036], [92.13675057500018, 21.14934215], [92.13661389500004, 21.15032602000008], [92.1366798140001, 21.150659707000045], [92.1366950740001, 21.151013149000164], [92.13662163400011, 21.152285252000183], [92.13649012800005, 21.15306108700014], [92.13634232300018, 21.153522416000044], [92.13599124700005, 21.154089014000192], [92.13455589600005, 21.15410713400007], [92.13407383900005, 21.15388970100014], [92.13323483200014, 21.153787398000077], [92.13275597900008, 21.15379343700016], [92.13168559600007, 21.154256211000074], [92.13098236100006, 21.15527426600005], [92.12944595500011, 21.156641467999975], [92.12897250200012, 21.1569838260001], [92.12825480900017, 21.156992857000034], [92.12669429900018, 21.156676083000093], [92.12585366500008, 21.156460881000044], [92.12549613000004, 21.156578259000185]]], [[[92.32343296800013, 20.636979094000026], [92.32318156200012, 20.63713778300007], [92.32305749100004, 20.63732462600018], [92.32306202600017, 20.6376232290001], [92.3230331170002, 20.637808791000168], [92.32288992200012, 20.63798991800013], [92.32259854300008, 20.638023706000126], [92.3224136550001, 20.637966461000076], [92.32237921400014, 20.63778772500001], [92.32228713199999, 20.637573924000037], [92.32213033800019, 20.63727736900006], [92.32208601600007, 20.63722470400006], [92.32187185800012, 20.63697023400016], [92.32165071800011, 20.636614810000083], [92.3216068530001, 20.636233108000113], [92.32155764000004, 20.63591718400005], [92.32142459500011, 20.635512788000028], [92.32131910200019, 20.63525138100016], [92.32116965400007, 20.635020431000044], [92.32085580500012, 20.634827532000145], [92.32056706100008, 20.634616375000178], [92.32021818000004, 20.63445348500005], [92.31964681700015, 20.63418671800008], [92.31897262900014, 20.634082282000122], [92.31856062900016, 20.63411171000007], [92.31825837900016, 20.634265103000075], [92.3179948250002, 20.63445978800013], [92.3178053170002, 20.634516092000126], [92.3176778030001, 20.6344759910001], [92.31754893100009, 20.634346308000147], [92.31737040500008, 20.63387083900011], [92.31724752800011, 20.633299049000073], [92.31653994900012, 20.631827160000057], [92.31644111600019, 20.631150375000118], [92.31594580700016, 20.63027316600011], [92.31559186400006, 20.62951682300013], [92.31536836400005, 20.629039223000063], [92.31505010200004, 20.628133673000093], [92.31506327400007, 20.62805247800003], [92.315114612, 20.627736008000113], [92.31514332800009, 20.627558988000033], [92.315592149, 20.627029201000028], [92.31654655900013, 20.626393299000142], [92.3179590530001, 20.625800910000066], [92.31891554600008, 20.625264303000165], [92.31924230700002, 20.62506801799998], [92.31954313100005, 20.62467896700008], [92.31969035499998, 20.624488565000092], [92.31992745500008, 20.624153301999968], [92.31997226800013, 20.624089934999972], [92.32023679100007, 20.623715895000146], [92.32196298100007, 20.622069474000057], [92.32241460900013, 20.621727018000172], [92.32306657900011, 20.621194484000114], [92.3234125510001, 20.620566730000064], [92.32375432800006, 20.61970198600011], [92.32410396500012, 20.61931574700003], [92.32455269800005, 20.61878368300006], [92.32495108100005, 20.618252299000176], [92.32504802199998, 20.617964279000148], [92.3251449620002, 20.617676258000188], [92.32538531, 20.616765466000118], [92.32537660200018, 20.616192151000064], [92.32536789500011, 20.61561884000014], [92.32505399800016, 20.615002220000065], [92.32474010300018, 20.614385604000063], [92.32473431300008, 20.614004146000127], [92.32493253800004, 20.61371476400012], [92.32518303200015, 20.61347208500007], [92.32553057700005, 20.612988795000035], [92.32562375900011, 20.6124141090001], [92.3256150540002, 20.61184079500009], [92.32555176800014, 20.61102890800015], [92.32554162700006, 20.610360794000087], [92.32548489200008, 20.60998002200006], [92.32547834500019, 20.609548906999976], [92.32557372300005, 20.609118678000186], [92.32608983100016, 20.608012279000036], [92.32642937700018, 20.60700307200011], [92.32661732700006, 20.605998164000084], [92.32665301500003, 20.604993050000076], [92.32668159000013, 20.603559086000075], [92.3264681600001, 20.60284629900019], [92.3259511280001, 20.602232416000106], [92.32497887200014, 20.601719472000127], [92.3243094710001, 20.601057966999974], [92.32393889200006, 20.600060571000085], [92.32392513200017, 20.599153195000156], [92.32421398700018, 20.598332998000046], [92.324314178, 20.598048509000023], [92.32444957200005, 20.596937073000106], [92.32442799300014, 20.595513941000092], [92.32446434400003, 20.595262858000012], [92.32456573000007, 20.59455711800007], [92.32540837800013, 20.59320702600013], [92.32624534400014, 20.591522879000138], [92.32694385100012, 20.590748150000024], [92.3272468360002, 20.59064925200005], [92.32790881000011, 20.590784830000075], [92.3287711370001, 20.590773217000105], [92.330291052, 20.590608254000188], [92.33115617300012, 20.59074107900011], [92.33156475400006, 20.590925209000034], [92.33172132300012, 20.591209815000127], [92.3317285990002, 20.591688328000032], [92.33137858900005, 20.593700056000046], [92.33129402600008, 20.59480064800016], [92.33132526800017, 20.596854644000132], [92.33140272700007, 20.59754640300008], [92.33150145100007, 20.598428075000186], [92.3319879180001, 20.600381111000104], [92.33204845900002, 20.6010508], [92.33171400900005, 20.602391813000054], [92.33141828700013, 20.602969232000135], [92.33102216100019, 20.60364508200007], [92.33072932000005, 20.604412101000037], [92.3305850970001, 20.604940068000133], [92.33014005800015, 20.605711396000174], [92.3295391530001, 20.606245517000048], [92.32931881200005, 20.606774510000037], [92.3291293150001, 20.60763721100011], [92.32920869500009, 20.609546071000125], [92.32906374300018, 20.61002663700009], [92.32887060299998, 20.610650079000152], [92.32854715100007, 20.61275626700018], [92.3281151610002, 20.614387562000047], [92.32732338500006, 20.615736989000027], [92.32657815500005, 20.616796813000178], [92.32618692699998, 20.61775930700003], [92.32614018700002, 20.618334855000057], [92.32610158200015, 20.618810242000052], [92.32645665000018, 20.620478342000013], [92.32678003700005, 20.621717926000088], [92.32685269300003, 20.623245617000123], [92.3268549340001, 20.623292721000098], [92.32669428400015, 20.6247095490001], [92.32667572800005, 20.624873201000128], [92.32657213800019, 20.625529681000103], [92.32650630400002, 20.625946889000147], [92.32670115700012, 20.626947896000104], [92.32684852200009, 20.627704936000043], [92.32708807800003, 20.62850871800009], [92.32761878100018, 20.630289354000183], [92.32837620100014, 20.63202812200018], [92.32859973000006, 20.632628967000073], [92.32880175500014, 20.6329786660001], [92.32937150000015, 20.63414174400009], [92.32968412800005, 20.635087278000128], [92.3295768710002, 20.63596082500004], [92.32938702700011, 20.636411383], [92.32907266300003, 20.63701892800009], [92.3289417100001, 20.63717002700008], [92.32882253500009, 20.637261233000174], [92.32870217900012, 20.63727480400013], [92.32854257600013, 20.63721125100011], [92.32834870700015, 20.63698090800017], [92.32805342400013, 20.636757906000184], [92.32752504600012, 20.63664556600014], [92.32705594600003, 20.636675785000023], [92.32658793600007, 20.636777666000057], [92.3262388280001, 20.636770425000066], [92.32590104700017, 20.63667343100002], [92.32562634400006, 20.636551692000182], [92.32534693100013, 20.636537538000084], [92.32508745800004, 20.636582846000067], [92.32487239400001, 20.636627556000064], [92.32481335500006, 20.636787280000135], [92.32446262300016, 20.637090669000088], [92.32425508100005, 20.637212929999976], [92.32408433400019, 20.637251070000104], [92.32401219000008, 20.637096735000057], [92.32391503100013, 20.636966630000018], [92.32364159800017, 20.63692849800009], [92.32343296800013, 20.636979094000026]]]]}}, {"type": "Feature", "properties": {"adm3_name": "Ukhia", "adm3_name1": null, "adm3_name2": null, "adm3_name3": null, "adm3_pcode": "BD20220094", "adm2_name": "Cox's Bazar", "adm2_name1": null, "adm2_name2": null, "adm2_name3": null, "adm2_pcode": "BD2022", "adm1_name": "Chattogram", "adm1_name1": null, "adm1_name2": null, "adm1_name3": null, "adm1_pcode": "BD20", "adm0_name": "Bangladesh", "adm0_name1": null, "adm0_name2": null, "adm0_name3": null, "adm0_pcode": "BD", "valid_on": "2023-05-21", "valid_to": null, "area_sqkm": 258.7660902, "version": "v03", "lang": "en", "lang1": null, "lang2": null, "lang3": null, "adm3_ref_name": null, "center_lat": 21.22806282, "center_lon": 92.11533645}, "geometry": {"type": "Polygon", "coordinates": [[[92.14426119700005, 21.349173621999967], [92.14375608700004, 21.349195863000148], [92.14311931200018, 21.349240114000168], [92.14274945200015, 21.349161301000095], [92.1423787710001, 21.349026057000117], [92.14201733500005, 21.348863602000108], [92.1415545210001, 21.348524083000143], [92.14114123500019, 21.34819296200004], [92.14049858400006, 21.34787379800008], [92.14030714900014, 21.347718201000077], [92.14005607900015, 21.347563365000042], [92.13992441000016, 21.34741603700013], [92.13982196300009, 21.347248018000187], [92.13977001200016, 21.347072583000113], [92.13975773900012, 21.346932766], [92.13972559100011, 21.34679320100014], [92.13967482200013, 21.346699027000113], [92.13954423200016, 21.346626189000176], [92.13939403000012, 21.346571658000187], [92.13933387500003, 21.346536304000097], [92.13924412199998, 21.346537448], [92.1390950030002, 21.346557407000148], [92.13893593500018, 21.34659781300013], [92.13871651500011, 21.34658932000002], [92.13849591500019, 21.34649956600009], [92.13836519700004, 21.346417697000106], [92.1382848670001, 21.346362279000175], [92.1381740290002, 21.346280156000034], [92.13812390200002, 21.34627176400005], [92.13799439700006, 21.346273411000084], [92.13782634500018, 21.346359086000177], [92.13766814400014, 21.346417541000108], [92.13743972800012, 21.346494951000125], [92.13726977800007, 21.346449704], [92.13721904300002, 21.346357786000056], [92.13721738800018, 21.34624346000004], [92.13721688500004, 21.346208807000096], [92.1371746280002, 21.346078402000046], [92.13709390600008, 21.34599589400011], [92.13704283200013, 21.34592204200004], [92.13692192900015, 21.345810697], [92.1367805480001, 21.345699613000022], [92.13664970000008, 21.345608714000093], [92.13659923900008, 21.34554169000006], [92.13655878500015, 21.345487957000103], [92.13641783100019, 21.345406217000118], [92.13628776800016, 21.3453694910001], [92.13616892800013, 21.345400350999967], [92.1360505340001, 21.345503453000163], [92.13596310600013, 21.34566485900018], [92.13591518500016, 21.34576706200005], [92.13574713500009, 21.345852734], [92.13549775900009, 21.34585590600011], [92.1351799310001, 21.34591638800015], [92.13511127000015, 21.346000793000087], [92.13479478500017, 21.346153822000076], [92.13456510500004, 21.346102556000062], [92.13437372900017, 21.345992107000086], [92.13421526400009, 21.346032502000128], [92.13401640799998, 21.346071149000068], [92.13381650600013, 21.346037568000042], [92.13347553300008, 21.345872576000033], [92.13306459100005, 21.345701699000017], [92.13279223600011, 21.34549067800009], [92.13272881300014, 21.34522959400016], [92.13275514200006, 21.34496737300003], [92.13274314000017, 21.344845613000075], [92.13265257400013, 21.344790320000016], [92.13246359900006, 21.344804008000096], [92.1322848320001, 21.344815306000157], [92.13207882800009, 21.344817925000086], [92.1319854640002, 21.344819107000035], [92.13173600900006, 21.34477486500009], [92.13156485500008, 21.344646092000175], [92.1314822450002, 21.344432664000124], [92.13149781400017, 21.34413445400014], [92.13153417400014, 21.343899196000052], [92.13148215600012, 21.34375988000005], [92.13129194300006, 21.343687790000104], [92.13104231100004, 21.343672898000136], [92.1307728500002, 21.343619875000115], [92.13045248100008, 21.34350428300013], [92.13016267000017, 21.343460548000166], [92.12985289900001, 21.34336965400007], [92.12957220700008, 21.343289681000158], [92.12931117700015, 21.34315301200013], [92.12908039500007, 21.343024995000064], [92.1289188340001, 21.342850945000066], [92.12877733100004, 21.342730825000103], [92.12843679400004, 21.34259516400016], [92.12834995600014, 21.342533788000026], [92.12829558300012, 21.342495358000065], [92.12818364500009, 21.342336485000146], [92.12807767700008, 21.34188177699997], [92.12800983400001, 21.341313703000083], [92.12787534699999, 21.340969985000072], [92.1279107700002, 21.34066926500003], [92.12788805700018, 21.34047313500014], [92.12785514, 21.340279393000117], [92.12776415300004, 21.34019475300005], [92.1276142530001, 21.340160531000038], [92.12744499700011, 21.340162675000045], [92.12722627100015, 21.340201567000065], [92.12701833700015, 21.340278704000127], [92.12670175400018, 21.340424945000052], [92.12635459800003, 21.340539965000175], [92.12607653200013, 21.34059992699997], [92.12593503300008, 21.340479804999973], [92.12593288400012, 21.34033082500008], [92.12597161300005, 21.340217451000115], [92.12607943199998, 21.340132553000046], [92.12623543700005, 21.33987997600019], [92.12624365800008, 21.33973989900005], [92.12620128300006, 21.339600458000177], [92.12608120700008, 21.33954553800004], [92.12589139400006, 21.33950052800003], [92.125751132, 21.339466180000045], [92.12557035200018, 21.339337524000086], [92.12535790900006, 21.33914379300012], [92.1252162040002, 21.338967229000048], [92.12521488200008, 21.33887547400002], [92.12521366700003, 21.338791164000156], [92.12521164900005, 21.33865121400015], [92.12517039900018, 21.33854788100018], [92.12510922100012, 21.338483184000097], [92.12499968000003, 21.33844844600003], [92.12480083200006, 21.338487086000043], [92.12463320500018, 21.33860208800013], [92.12445439300012, 21.338651761000108], [92.12423472300003, 21.338625189000027], [92.12397344800019, 21.338470457000028], [92.1238819690002, 21.33834936200003], [92.12389847400004, 21.33811694900004], [92.12396564400007, 21.33792871300011], [92.12416137200012, 21.337673378000034], [92.12422909500015, 21.33752351600009], [92.12437726700011, 21.337438107000025], [92.12454570700004, 21.337379537000174], [92.12463532300018, 21.337369372000126], [92.12472454800019, 21.337332121000145], [92.12476254400013, 21.337209726000026], [92.12476065900006, 21.337078805000147], [92.1246882210001, 21.336901365000017], [92.12456715600013, 21.33681936300019], [92.12439725299998, 21.336776358000066], [92.12422826200014, 21.336796556000138], [92.12405083600004, 21.3369003950001], [92.12385228100004, 21.33695934600013], [92.12371241300019, 21.336952083000142], [92.12354195800003, 21.33687070600007], [92.12347020300001, 21.336740667000072], [92.1234076180001, 21.336536008999985], [92.12334314499998, 21.336200431000123], [92.12327005600008, 21.33597784400007], [92.12320961600005, 21.335922167000035], [92.12307943700006, 21.335876400000018], [92.12293035300013, 21.33589860400008], [92.12273176700006, 21.335955297000112], [92.12261280100017, 21.33597711900012], [92.12236344200005, 21.335980270000107], [92.12223326000009, 21.335934502000043], [92.12206199600013, 21.3357966910001], [92.12193022600007, 21.335640317000127], [92.12180827200012, 21.335454470000116], [92.12177448100005, 21.33523250700017], [92.12176436300012, 21.33516604300013], [92.12155989800016, 21.33481416899997], [92.12141895900015, 21.334732415000133], [92.12113872600014, 21.334641129999966], [92.12093923100008, 21.334634618000166], [92.12056218100014, 21.33472291200019], [92.1202740110001, 21.334792022000045], [92.11999501100007, 21.334786512000107], [92.11989417000018, 21.334686190000127], [92.11981252200019, 21.334538212000155], [92.11972878199998, 21.334286409000015], [92.11969482400019, 21.333977534000155], [92.11972828200015, 21.333539123000037], [92.11978603000011, 21.333407449000106], [92.1198114730002, 21.33308202300003], [92.11981841600016, 21.332894546000034], [92.11981533400007, 21.332680106000055], [92.11986396300006, 21.332584670000188], [92.11993250100005, 21.332491241000184], [92.12009112000015, 21.332462147000058], [92.12021204900009, 21.332535127000085], [92.12034261600019, 21.332607982000127], [92.12048294800007, 21.332689744000163], [92.12062336300005, 21.332735383000113], [92.1208225970002, 21.332723838000163], [92.12093166500011, 21.33268408200007], [92.12099985800018, 21.33260871600004], [92.1210287720001, 21.332524817000092], [92.12099690200012, 21.33240330400008], [92.12092656900006, 21.33232969000005], [92.12072571300013, 21.33222837200003], [92.12053568300007, 21.332167554000137], [92.12034459400013, 21.3320751440001], [92.120223749, 21.33196604300008], [92.1200617040002, 21.331798762000176], [92.11990886400014, 21.33155911800003], [92.11983617400017, 21.331363617000136], [92.11984440200013, 21.331223537000085], [92.11997308500003, 21.33116547200018], [92.12010258000004, 21.331163838], [92.12029196000003, 21.331179511000187], [92.12037039300009, 21.331104017000143], [92.12034970800005, 21.33104783600004], [92.12023949000013, 21.330965692000177], [92.12009910700016, 21.33092231000012], [92.11989624500006, 21.33068104000006], [92.11979472400014, 21.330533314000093], [92.11974178300011, 21.330328533000113], [92.1198187230001, 21.3301492060001], [92.12000656400005, 21.33001588899998], [92.12012461700016, 21.329930867000087], [92.120212218, 21.32978075500006], [92.12022005500006, 21.329613589000132], [92.12023724000017, 21.329425985000057], [92.1203645880002, 21.329275369000186], [92.12050209500012, 21.329160752], [92.12069944200005, 21.329018284000142], [92.12077693200001, 21.328877332000047], [92.12074476100014, 21.328692606], [92.1205519240001, 21.328478302000065], [92.12046843200011, 21.328419074000124], [92.12003009900013, 21.328216224000016], [92.11951925800008, 21.328005930000074], [92.11906730000015, 21.327742965000027], [92.11886739200014, 21.327707104000183], [92.11870804600011, 21.327727175000177], [92.11847048100009, 21.32779564200007], [92.11834018100012, 21.32774084200014], [92.11824631300016, 21.32762236900004], [92.11816524700004, 21.327388593000023], [92.11805054400003, 21.327035582000065], [92.11788833500003, 21.326814116000037], [92.11769746900006, 21.326694606000103], [92.11737680200008, 21.3265970490001], [92.11716832800005, 21.32663580000019], [92.11684191400008, 21.326809237000077], [92.11661343400016, 21.326839207000035], [92.11634281100004, 21.326702639000132], [92.11611266200009, 21.326658126000098], [92.11593378300017, 21.32666037900003], [92.11568537700003, 21.326728978000062], [92.11557738000005, 21.32684322200015], [92.11549045600015, 21.32704073400015], [92.11549696500009, 21.32707451699997], [92.11552296600019, 21.327207394000084], [92.11559590500008, 21.32742095600014], [92.11556169000016, 21.327601936], [92.115512476, 21.327862255000127], [92.115316065, 21.32807017600004], [92.11496999200006, 21.328259662999983], [92.11437333200007, 21.32832361200002], [92.11400579900015, 21.32840274], [92.11376646900004, 21.328516377000085], [92.11344219200015, 21.32867172200008], [92.11290003100015, 21.328881730000035], [92.1125012760001, 21.329094449000138], [92.1120934380001, 21.329135698000073], [92.11186350100019, 21.32906408700012], [92.11169105800019, 21.328842742000177], [92.11155781700012, 21.328582524000126], [92.11112387000014, 21.32818836500013], [92.1110331930002, 21.32812403100013], [92.11088340600014, 21.3280965620001], [92.1106049650001, 21.328129410000145], [92.11030755500002, 21.328225708000105], [92.11003978399998, 21.32833066699999], [92.10954211, 21.328366266000046], [92.10928218800018, 21.328304056000036], [92.10907106400015, 21.328157697999984], [92.10888851600015, 21.327945508000028], [92.10873553400006, 21.327694566000048], [92.10867178900003, 21.327559898000118], [92.10858149000012, 21.327369132000115], [92.10845904300004, 21.32714715800006], [92.10827717500007, 21.32698237000011], [92.10792603300018, 21.3268174480001], [92.10760384500014, 21.32657088500008], [92.10746349200019, 21.32648685200013], [92.10734138100008, 21.326330346000134], [92.10728854400008, 21.32608943500003], [92.10740363700012, 21.32579674900012], [92.107766524, 21.32539258600019], [92.1083652910001, 21.324759695000125], [92.10898111900008, 21.323930170000153], [92.10898031200009, 21.32387373600011], [92.10883658400007, 21.323595585000078], [92.10866728700006, 21.323396046000028], [92.10863378300013, 21.323356558000114], [92.10831450400008, 21.323313152000082], [92.1079167920002, 21.323345231000133], [92.10733003800016, 21.323427092000088], [92.1069911730001, 21.323404247000042], [92.10671084000006, 21.323303908000014], [92.10651835400012, 21.32311215900006], [92.10633599900007, 21.322870613000134], [92.10594408900016, 21.322633951000114], [92.10548228500011, 21.322395904000018], [92.10509050400015, 21.32216826800004], [92.10468887300004, 21.321967848000156], [92.1043755890002, 21.321626340000137], [92.10411236800019, 21.32133162000008], [92.10379526500014, 21.320764391000125], [92.10376137800012, 21.320457768000097], [92.103754977, 21.320008566000013], [92.10370162700002, 21.31992458000019], [92.10352020900012, 21.319638984], [92.10323685900016, 21.319326451000165], [92.10287385400005, 21.319003625000107], [92.10241074600009, 21.31867302], [92.10194645200005, 21.318258895000156], [92.10166392100018, 21.317876358000035], [92.1012914060002, 21.317519784000183], [92.10113743700015, 21.317371561000073], [92.10093718700011, 21.317178782000042], [92.10071062700018, 21.316750391000028], [92.10061408400009, 21.31644229], [92.1005002120001, 21.316186336000158], [92.10038678800015, 21.31596198200009], [92.10029146600004, 21.315739661000066], [92.10019748299999, 21.31556925100017], [92.09991870500005, 21.315365022000037], [92.09933057000012, 21.315390430000036], [92.09901948300006, 21.315498167000158], [92.09867274300018, 21.315640214999974], [92.09826681600003, 21.315559489000066], [92.09798729900012, 21.315303340000128], [92.09785462800005, 21.31499569100015], [92.09782835600004, 21.31446094200004], [92.09785653000006, 21.31385778200007], [92.09786981000008, 21.313478322000094], [92.09767892000008, 21.313015615999973], [92.09706538600011, 21.312524315000132], [92.09669358200011, 21.312266323000074], [92.09628550600007, 21.31198315900008], [92.09582232100001, 21.311729294000145], [92.09552452500009, 21.31145756600006], [92.0951890340001, 21.311118573000158], [92.09502047300015, 21.310912965], [92.09483337199998, 21.310673722000047], [92.09466484500018, 21.310470368000097], [92.09449750400012, 21.310350535], [92.09431334600015, 21.310318963999975], [92.0940189800001, 21.310288764000177], [92.09370642800019, 21.310292654000136], [92.09333869400012, 21.310313038], [92.09295439500005, 21.310439736000035], [92.0924598580001, 21.310565551000025], [92.09199719500009, 21.310347792000073], [92.09153331900006, 21.31004425400016], [92.09128921100012, 21.309649933000117], [92.0911708590001, 21.30911858500008], [92.09118147300012, 21.308549508000112], [92.09117341700016, 21.307980664000127], [92.09085696900007, 21.307709157000147], [92.09039175300012, 21.307624536000162], [92.08978811300011, 21.307514733000062], [92.08859188500008, 21.30742799400008], [92.088095405, 21.307416097000043], [92.08782275200008, 21.307642997000187], [92.08764469300019, 21.308042564000118], [92.0872642540001, 21.308442388000174], [92.08718894800006, 21.308483962000025], [92.08695412700007, 21.30861782300019], [92.08653309100009, 21.308744965000074], [92.08610790900008, 21.30857865100012], [92.0856625940001, 21.308308733], [92.085216639, 21.30795076900006], [92.08471531400005, 21.307595748999972], [92.08426707300015, 21.30711815100011], [92.0840386660002, 21.306554292000044], [92.08395886000017, 21.30610599400012], [92.08413575100013, 21.30562290800009], [92.08466067500007, 21.305047456000068], [92.08529471300011, 21.304350991000092], [92.0859624220002, 21.303480262999983], [92.08604283699998, 21.30328054800009], [92.08615793900009, 21.302994686999966], [92.08620496100008, 21.302443219000168], [92.08612833700016, 21.302220655000042], [92.08590184700006, 21.301792237000143], [92.08546824000018, 21.301411543000086], [92.08499309900003, 21.30101651500007], [92.08496788500008, 21.300995551000142], [92.08393096300006, 21.300755535000178], [92.0837706120002, 21.300772450000068], [92.08303367500008, 21.300850183000023], [92.08169370500002, 21.301415397000028], [92.08090449800005, 21.301700604000132], [92.08048680400009, 21.301850264000052], [92.07918842200013, 21.302204978000077], [92.07810572900019, 21.301922591999983], [92.07778427100004, 21.301420831000144], [92.0776416980001, 21.300876222000113], [92.07758764600004, 21.300201827000024], [92.07757818400012, 21.299529141000107], [92.07753058600014, 21.299421678000044], [92.07739219700011, 21.299109241], [92.07689488500017, 21.298864772000115], [92.07635412400009, 21.29878565300004], [92.07550381100003, 21.299008372000117], [92.07479070000005, 21.29943710700013], [92.0741649630001, 21.299654790000147], [92.07360040400016, 21.299661750000155], [92.07353567800016, 21.29966254800007], [92.07325940300012, 21.29920311700016], [92.0732969020001, 21.298656283000184], [92.07382049100016, 21.297554827], [92.07451642400014, 21.29590261700008], [92.07472864200008, 21.295017226000084], [92.07472643100016, 21.29485965900011], [92.07471561900019, 21.294089458000087], [92.0745706890001, 21.29337554000017], [92.07379827900013, 21.292752895000092], [92.0728060200002, 21.292471615000068], [92.07247231700018, 21.292365347000157], [92.07219856199998, 21.29227816800011], [92.07140674100015, 21.29202600600007], [92.07017921900018, 21.291900342000133], [92.06920171400003, 21.291800266000052], [92.06740190900007, 21.29161016000012], [92.0671029020001, 21.29159326600012], [92.06618739300012, 21.291541539000036], [92.06478930700007, 21.291179395000086], [92.06383986800012, 21.290728204000118], [92.06257081600012, 21.289944517000038], [92.0613967540001, 21.289536703000067], [92.06071437900005, 21.28951812400004], [92.0605388190001, 21.289513343000067], [92.0602423000002, 21.289505237000128], [92.05928384499998, 21.289479033000077], [92.05821813900013, 21.289523887000087], [92.05784710700016, 21.289539501000093], [92.05687649400005, 21.289551366000126], [92.05654344600003, 21.289555436000114], [92.05603007700006, 21.289561709000168], [92.05582507800011, 21.28956421400011], [92.05465866300011, 21.289661994000028], [92.05318434200007, 21.290070845], [92.05291282200017, 21.290146140000104], [92.05203019700008, 21.291294815000015], [92.05186583900013, 21.29234885000011], [92.05174095900014, 21.293149706000122], [92.05163744600014, 21.29341385000015], [92.0513039540001, 21.29426485600004], [92.05117732000014, 21.294587997], [92.05032138400014, 21.29539315300002], [92.04918091200011, 21.29646594400009], [92.04760113100008, 21.29780943300011], [92.04727127800004, 21.29808994400014], [92.04633834800012, 21.29975209800017], [92.04560487999998, 21.30105885300003], [92.04528379300018, 21.301706704000082], [92.044346926, 21.30359697000017], [92.04403102200018, 21.304234342000143], [92.04354217800005, 21.305014087000075], [92.04301975400017, 21.305847385000106], [92.04248600800008, 21.306233170000155], [92.0417159540001, 21.306082218000086], [92.04178592300013, 21.30600234800005], [92.04218439100003, 21.30532921000014], [92.04248042700004, 21.304609905000063], [92.04267665000003, 21.304034049000165], [92.04271991000007, 21.303460052000048], [92.04275908300019, 21.303026081999974], [92.04302950099998, 21.300062866000133], [92.04286465300004, 21.299204657000075], [92.04290460300012, 21.298391375000108], [92.04359176100013, 21.29647070200008], [92.04447514000015, 21.29397642500004], [92.04601547800007, 21.29104066800005], [92.04671316100013, 21.289885240000046], [92.04722511400013, 21.288422043000025], [92.04798883100017, 21.286239237000075], [92.04796757899999, 21.286101916000177], [92.04789292200013, 21.285619516000054], [92.04751620900015, 21.284770662000142], [92.04699450400005, 21.283323005], [92.04640743600015, 21.281507853000107], [92.04637479300004, 21.281406921000098], [92.04582651200008, 21.27803596000018], [92.04581833000009, 21.277813662000085], [92.0457541630002, 21.276070322000066], [92.04585335400014, 21.275642190000156], [92.04599966000018, 21.275010703000078], [92.0462663420002, 21.273859094000045], [92.04639971100016, 21.273283163000087], [92.04690474600011, 21.27154017300012], [92.04700894700011, 21.27118054800013], [92.04706102700015, 21.27092664700018], [92.04711592000018, 21.270659037000087], [92.04730793700014, 21.269722909000052], [92.04715649500002, 21.268656822000025], [92.04695144800007, 21.267365657000084], [92.04675676800008, 21.26613975000015], [92.04675291000012, 21.265504663000115], [92.04674044900008, 21.263452476], [92.04673885000005, 21.263189059000183], [92.04684065200013, 21.26066589000004], [92.04634623200008, 21.255856004000123], [92.046287598, 21.25528555900013], [92.04594017900013, 21.253237461000083], [92.04577814500004, 21.251401597000097], [92.04573715500004, 21.251070820000166], [92.04541833500014, 21.248497946999976], [92.04499304900008, 21.2473922800001], [92.04477892300014, 21.246753668], [92.04467502400018, 21.245856332000187], [92.04457646100008, 21.24530211399997], [92.04477333500006, 21.24303291500007], [92.04480256700015, 21.24187883400009], [92.04463465300012, 21.239614060000065], [92.04406920200012, 21.238295598000093], [92.04403069800014, 21.237948366000126], [92.04391310400018, 21.236886375999973], [92.043766349, 21.234494905000076], [92.04396440700009, 21.2323543870001], [92.04419304100014, 21.231400592000114], [92.04439592300008, 21.230554219], [92.04489804500008, 21.228997572000083], [92.0449640220001, 21.228793036000013], [92.04512265900019, 21.228351098000076], [92.04584231400014, 21.22634623900018], [92.04632541500001, 21.22501506300017], [92.0467387170001, 21.223556037000094], [92.0467124490001, 21.22305141200013], [92.04667646800004, 21.222360167999966], [92.0463297570002, 21.220354946000157], [92.04631747399998, 21.219464484000184], [92.04630559600008, 21.218603199000086], [92.04595358100016, 21.216211957000098], [92.04549550500013, 21.214422570000124], [92.04548194100005, 21.213438342000018], [92.0458236990001, 21.211767954000038], [92.04634836400004, 21.210135988], [92.04713977300008, 21.208031170000083], [92.04760514500003, 21.205374886000072], [92.04778150400017, 21.20327978000006], [92.04762503000018, 21.202247980000152], [92.04758088700015, 21.20195689300016], [92.04733864200011, 21.200932537000142], [92.04722594700013, 21.199394090999988], [92.04718556000006, 21.198060569000177], [92.04714310500003, 21.19665865700017], [92.04712073700011, 21.195035578999978], [92.04726350100003, 21.19054536300007], [92.04713727800015, 21.187979789000053], [92.04670394700008, 21.18631878500014], [92.04623254700016, 21.18517076500018], [92.04617854900016, 21.18457084800019], [92.04662878700009, 21.18413867200013], [92.04727418800013, 21.18302002000013], [92.04766981300008, 21.181987934000176], [92.04819146000017, 21.18014377000003], [92.04894409700017, 21.178511296000124], [92.04965095800014, 21.176877118000107], [92.05045102700012, 21.175413397000057], [92.05100843700006, 21.174508035000088], [92.05136480900006, 21.17390539400003], [92.05158577900005, 21.173390199000153], [92.05198727100009, 21.17278700900016], [92.0528870080002, 21.17192038500002], [92.05351712800007, 21.1713144200001], [92.05378440800018, 21.170841553000116], [92.05395667600004, 21.170112453], [92.05405850800014, 21.16959436900015], [92.05431877400014, 21.168270214000074], [92.05443823700017, 21.16702923700018], [92.05483912000005, 21.16634025899998], [92.05551077700011, 21.165476392000016], [92.05658626000019, 21.16413799700007], [92.05761185000011, 21.16249991800015], [92.05846224100009, 21.161378736000074], [92.05909736700005, 21.16054974300016], [92.05922352400006, 21.160385076000125], [92.06025915300006, 21.159476124000037], [92.06107028900004, 21.158825031000106], [92.06265782600019, 21.156624663000116], [92.06381113000003, 21.15518224900012], [92.06396182000009, 21.154993780999973], [92.06476339700004, 21.15399124100003], [92.06677805500016, 21.151358906000098], [92.06915719400007, 21.14876499600001], [92.06982910400006, 21.148001572000112], [92.07179408600012, 21.145768907000047], [92.07183215800006, 21.145725647000177], [92.07185044200014, 21.145704872000124], [92.07303801400019, 21.144355479000126], [92.07412923600003, 21.14323427200003], [92.07493449800006, 21.1424068660001], [92.07573336500019, 21.14158602200007], [92.07731946300015, 21.139870713000164], [92.0782926670002, 21.138818201000106], [92.07936836200014, 21.137522579], [92.07941980800013, 21.137435938000067], [92.08005845200017, 21.136360382000078], [92.08081890000005, 21.13536890800009], [92.08194202800007, 21.134199124000133], [92.082742172, 21.13277818100005], [92.08313309600004, 21.132346580000103], [92.08426835799997, 21.131093169000053], [92.08574399300016, 21.129108486000064], [92.08729173000006, 21.12737803200008], [92.0883215670001, 21.12608045500008], [92.08903798700004, 21.12517776100003], [92.09127976900004, 21.122540126], [92.09381956600015, 21.11954416000009], [92.09387939400011, 21.119473585000037], [92.09535660000012, 21.117617506000045], [92.09820022000002, 21.114076021000187], [92.0988168780001, 21.11325339600006], [92.09972061400009, 21.112047788000154], [92.10048632800004, 21.111204412000177], [92.10097695500019, 21.110664017000147], [92.10241308600013, 21.109106419000057], [92.10245741400001, 21.10905808600006], [92.10411801600014, 21.10724745300007], [92.10501346500007, 21.10612552200007], [92.10665338500019, 21.104341404000024], [92.10867029400004, 21.102147074000015], [92.10929470700006, 21.101473538999983], [92.11055485800017, 21.100114228000052], [92.11128549000006, 21.099304396000036], [92.11234917300004, 21.098125387000096], [92.11310660700019, 21.09725773600013], [92.11378385200015, 21.096481933000177], [92.1142704720001, 21.095890725000118], [92.11499302000004, 21.09501287], [92.11536455200002, 21.093897426000126], [92.11576376300013, 21.093165454000143], [92.11640844500016, 21.092526809000105], [92.11738177100005, 21.09156258400003], [92.11961725000003, 21.089205371000105], [92.1197609260002, 21.08905386700019], [92.12150722100017, 21.086962051000114], [92.12253794300017, 21.08572735900009], [92.12424358300007, 21.083954007000102], [92.12448256000005, 21.083673314000066], [92.12465088300019, 21.08379538100013], [92.12532237200008, 21.084410101000174], [92.12665498500013, 21.084910418000106], [92.12743712500014, 21.085523744000056], [92.12865618700016, 21.08582001600007], [92.12975781600005, 21.085598474], [92.13096859800004, 21.085271703000046], [92.13206517000003, 21.08473864600012], [92.13372173600015, 21.084717815999966], [92.13379806400008, 21.08505259400016], [92.13395784300002, 21.08575339600003], [92.13429951000018, 21.086473827000077], [92.135740752, 21.086871104000124], [92.13773112400003, 21.08685054100016], [92.13751686000006, 21.087469602000112], [92.1377523660002, 21.08850292300008], [92.13775755600011, 21.088865566000152], [92.13775793600013, 21.088892073000125], [92.13776276900006, 21.08922977600008], [92.13777158, 21.089845402000037], [92.13775308500016, 21.089960941000072], [92.1376837630001, 21.090394010000125], [92.1374733190001, 21.091708674000188], [92.1369974320001, 21.09314833700006], [92.1369710420002, 21.09397302600013], [92.136978221, 21.094474718000072], [92.13721756199999, 21.095062358000064], [92.13647045500011, 21.09536584700004], [92.13489841100005, 21.096004425000103], [92.13279754400003, 21.096801116], [92.13007701700008, 21.098600590000046], [92.1286331440001, 21.099555596000187], [92.12604325, 21.102332900000135], [92.12528504900007, 21.10314593900017], [92.12370599299999, 21.10558879200005], [92.12322959400012, 21.106325778000098], [92.1226961750001, 21.107015008000133], [92.12120195900013, 21.108945646000166], [92.12101671500005, 21.109184991000177], [92.12002896400014, 21.110841665000066], [92.12040987000006, 21.111609924000163], [92.12070318500008, 21.111884698000154], [92.12092658300008, 21.11209397400006], [92.12164705200007, 21.11276889100003], [92.12155239600008, 21.112868900000024], [92.12070782199999, 21.113761222000164], [92.11941270200015, 21.114551615000096], [92.11830945200018, 21.115224898000122], [92.11656751499999, 21.115844031999984], [92.11507381900003, 21.116012027000124], [92.11204264900005, 21.115793925000048], [92.110954778, 21.116207802000076], [92.11044857900015, 21.117857902000026], [92.1093175360001, 21.1185145070001], [92.10811367500008, 21.118383943000083], [92.1072084010001, 21.118051481000123], [92.10679550200012, 21.118116353000175], [92.10580630900012, 21.11911372200018], [92.10492999500008, 21.120200204000184], [92.104202478, 21.1212006290001], [92.1029260140001, 21.122665770000083], [92.10143094400019, 21.124275721000174], [92.09926867200016, 21.12697875000009], [92.09841943600009, 21.128139211000075], [92.09824033900009, 21.128442503000144], [92.09778845800008, 21.128906881000034], [92.09684038000017, 21.129473938000103], [92.09607283900016, 21.129955017000043], [92.09540139700005, 21.13037585800015], [92.09405456300016, 21.132399684000063], [92.09282830500013, 21.133944114000144], [92.09220042200013, 21.134573140000157], [92.09110127900004, 21.13599617800014], [92.09061613600011, 21.136319002], [92.08933515600017, 21.137171381000087], [92.08883587800011, 21.13750360200015], [92.09004170600019, 21.13793977199998], [92.09068718300006, 21.139049387000057], [92.09137606700006, 21.13965047200014], [92.09139893100013, 21.140164956999968], [92.09144383300014, 21.140706262000094], [92.09203896900016, 21.140457328000082], [92.09211267600011, 21.140517961000057], [92.09248512500011, 21.14082434300019], [92.09249616100016, 21.141609905000166], [92.09274347000013, 21.14216902700008], [92.09371470500008, 21.14316622800004], [92.09444183900001, 21.143832299], [92.09481359700004, 21.144726283000068], [92.09528452500012, 21.144158275000166], [92.0961187040001, 21.143922168000074], [92.09672233200018, 21.144960028000185], [92.0975607420001, 21.145622447000164], [92.09802980700005, 21.146289440000032], [92.09908427599999, 21.147296865000158], [92.10014641600014, 21.148207103000175], [92.10121887200006, 21.149164154], [92.10130172700008, 21.149238092000076], [92.10146580400004, 21.15041911100002], [92.10161343200019, 21.15171322200007], [92.10198465700012, 21.15260719000014], [92.10259324700019, 21.153394352000078], [92.10296077400011, 21.153940671999976], [92.10368541400004, 21.154380952], [92.1052500580002, 21.155036550999966], [92.10609283000008, 21.15536246300013], [92.10812840200015, 21.155449993000104], [92.10941067400017, 21.155666556000142], [92.11125035700007, 21.15619674700008], [92.11257398200007, 21.156740139000078], [92.11492309100004, 21.15750776200008], [92.11587351600002, 21.15765843200012], [92.1169081490001, 21.157257158000107], [92.11771300300012, 21.156226591000063], [92.11867173500019, 21.156327473000033], [92.11915957700006, 21.15699416300015], [92.11974359600015, 21.157738667000103], [92.12000978800017, 21.15788208200013], [92.12145058599998, 21.158200415000124], [92.12252744000011, 21.158186907000072], [92.123476589, 21.157615080000085], [92.12549613000004, 21.156578259000185], [92.12585366500008, 21.156460881000044], [92.12669429900018, 21.156676083000093], [92.12825480900017, 21.156992857000034], [92.12897250200012, 21.1569838260001], [92.12944595500011, 21.156641467999975], [92.13098236100006, 21.15527426600005], [92.13168559600007, 21.154256211000074], [92.13275597900008, 21.15379343700016], [92.13323483200014, 21.153787398000077], [92.13407383900005, 21.15388970100014], [92.13455589600005, 21.15410713400007], [92.13599124700005, 21.154089014000192], [92.13634232300018, 21.153522416000044], [92.13649012800005, 21.15306108700014], [92.13662163400011, 21.152285252000183], [92.1366950740001, 21.151013149000164], [92.1366798140001, 21.150659707000045], [92.13661389500004, 21.15032602000008], [92.13675057500018, 21.14934215], [92.1368302210002, 21.149071227000036], [92.13753157200006, 21.148957234000136], [92.13800923500003, 21.148874737000142], [92.138454416, 21.14865884300002], [92.13892051800002, 21.148480911999968], [92.139408501, 21.148407840000175], [92.13990694400013, 21.14835374800009], [92.14040525000013, 21.148290100000168], [92.14106461200015, 21.148090604], [92.14158328899998, 21.14802669500017], [92.14196935500013, 21.14813664400009], [92.1427149760001, 21.148190419], [92.1428308780001, 21.148258940000062], [92.14367063400016, 21.148749511000062], [92.14403043800007, 21.14921003699999], [92.14477886100008, 21.149374394000176], [92.1465716900002, 21.149241033000067], [92.1466154100001, 21.149219815000095], [92.14752227600013, 21.148779689000094], [92.14858608100013, 21.147867621000103], [92.14881416100019, 21.14707904900007], [92.14832885499999, 21.146635931], [92.1473653320001, 21.14619888100009], [92.14712535900009, 21.145740442999966], [92.1471135700001, 21.14530351500008], [92.14710549800014, 21.144743709000124], [92.14715684700019, 21.14466067899997], [92.14745590700005, 21.144177099000103], [92.14829163800005, 21.144055863000062], [92.14833005700012, 21.144091499000126], [92.14851807600013, 21.144154586000127], [92.14892711700014, 21.144316460000027], [92.14930470900009, 21.144049774000166], [92.14960349300014, 21.143617018000043], [92.14987846200006, 21.143326798000032], [92.15023078400009, 21.143060431000094], [92.15094142600009, 21.14302656600006], [92.15133506200016, 21.142974361000086], [92.15152509300015, 21.14294915800002], [92.15192758000012, 21.142657314000076], [92.15245025800004, 21.14238339400015], [92.15253245200012, 21.142340319000027], [92.15288819200003, 21.1423109590001], [92.15334498700008, 21.142280313000015], [92.15420292400012, 21.141865269000164], [92.15493909600008, 21.141808486000173], [92.15569775300008, 21.14155950999998], [92.15632952200019, 21.14131440700004], [92.15719087700018, 21.141136361000065], [92.157543557, 21.141001662], [92.15761625300019, 21.141292134000082], [92.15777838100007, 21.141935207000074], [92.15779076600012, 21.14196557700012], [92.15816128600005, 21.142874139000128], [92.1585639490001, 21.143418567000083], [92.15890124400016, 21.14362040400016], [92.15901356300014, 21.143687614000044], [92.15954918700004, 21.143740515000047], [92.16058475900013, 21.143743680000057], [92.16122319200008, 21.143661338000186], [92.16221588500008, 21.143679497000164], [92.16385306000006, 21.14370943600005], [92.16498553999998, 21.143647164000072], [92.16530245900003, 21.143547535000096], [92.16554037700018, 21.143269709000037], [92.1656132980001, 21.143029837000086], [92.16564871600013, 21.142838232000088], [92.16577395400003, 21.142693266000038], [92.16588541800019, 21.142476793000128], [92.16592574600014, 21.142148336000048], [92.1659510570002, 21.141973476000146], [92.16608489999999, 21.142010800000037], [92.16629074400015, 21.141979493], [92.16647325400015, 21.14191981200014], [92.1665928760001, 21.141739076000135], [92.16657384500007, 21.141481264000106], [92.16651536699999, 21.14113794100001], [92.16647300200015, 21.140851755000142], [92.16660738100018, 21.14063499000008], [92.16672186500006, 21.14062635600004], [92.16685463400012, 21.14067480500006], [92.16704818500006, 21.14074199600003], [92.1671468080001, 21.141758584000115], [92.16734323500015, 21.143705815000033], [92.16735074300004, 21.144221828000184], [92.16729734500007, 21.14475295699998], [92.16732253600009, 21.145135576000143], [92.16785489400007, 21.145261924000067], [92.16823039300016, 21.145376139000064], [92.16836178200009, 21.14538087600016], [92.16828791500012, 21.145143999000027], [92.16855042499998, 21.1448061210001], [92.16868561100017, 21.144469873], [92.16880563000007, 21.143966563000106], [92.16907172200007, 21.143237438000085], [92.16936852600008, 21.142394297000067], [92.16916476900019, 21.141962275000026], [92.16921502100007, 21.141834516000188], [92.16928640400005, 21.141489530000058], [92.16926004200019, 21.141253318000054], [92.16920322900017, 21.141024664000156], [92.16907609600008, 21.140689389000045], [92.16905109200013, 21.140546345000075], [92.1690678130002, 21.140304306000075], [92.16915219700007, 21.14014363299998], [92.169333242, 21.13998361199998], [92.1695617900001, 21.139937674000123], [92.16981461300014, 21.139984610000056], [92.16991621900019, 21.140141007000125], [92.16998244700017, 21.140491398999984], [92.1700545400002, 21.140719856000146], [92.17032462700007, 21.14090276600018], [92.17042697000011, 21.140915828], [92.17063082200008, 21.140941848000068], [92.17093597300004, 21.140909262000037], [92.17102614600009, 21.14084728000006], [92.17109553400019, 21.140799586000185], [92.17178293400019, 21.142481859000043], [92.17195418200015, 21.143746036000096], [92.17185335000016, 21.14469113900003], [92.1716714370001, 21.14538265300007], [92.17253906000008, 21.145525998000096], [92.17269684400014, 21.145641990000115], [92.17303549299999, 21.145851540000024], [92.17341078900017, 21.145867617000192], [92.1737860290001, 21.145876042999987], [92.17410434400006, 21.145824591], [92.17442169400005, 21.145891141], [92.17471216600012, 21.146019785000192], [92.17507529400012, 21.146137941000177], [92.17520724000019, 21.146187790000113], [92.17565325100009, 21.146273650000126], [92.17606089600014, 21.14628917300007], [92.17686369400013, 21.14621398800017], [92.17727110099997, 21.14620520600016], [92.17730820700007, 21.146204407000027], [92.17762390800016, 21.145885682000028], [92.17772829400008, 21.145791142000178], [92.17788710100018, 21.145634588], [92.17817944500018, 21.14534639100009], [92.17827062200018, 21.14515363300012], [92.17840791300006, 21.1447886790001], [92.17844558200011, 21.14457792999997], [92.17831915900018, 21.144292831000087], [92.17797505000004, 21.143054782000092], [92.17758377900009, 21.141377691000116], [92.1774560250002, 21.140259410000056], [92.17744991100005, 21.14020588699998], [92.17784590100013, 21.14000721200017], [92.17796486600008, 21.13995993900005], [92.17830064800017, 21.13980393300011], [92.17871043500008, 21.13961228700009], [92.17882844500008, 21.139580665000153], [92.1790757490001, 21.139514398000074], [92.17949485000003, 21.139437321000173], [92.17989647000007, 21.139209937000032], [92.18004463800008, 21.138892631000033], [92.18010867000004, 21.138569239000105], [92.18018640700018, 21.13813815000009], [92.18008708400004, 21.137616155000103], [92.18007984900004, 21.13712164599997], [92.18040087800006, 21.13660857400015], [92.18063902500012, 21.136475700000176], [92.18084801000009, 21.136359097000025], [92.18119186600012, 21.136361836000162], [92.18129497500001, 21.13638461300019], [92.18146781000002, 21.13642279300018], [92.1818142910002, 21.13660470000019], [92.18194772000015, 21.136846696000134], [92.18200476200008, 21.137089678000166], [92.18197212900009, 21.13747000900014], [92.18186468100009, 21.137958827000034], [92.18187704300004, 21.138281233999976], [92.18198755700013, 21.138523526000142], [92.182189951, 21.138778969000043], [92.18252325900005, 21.139104406000058], [92.18279280700017, 21.139250646000107], [92.18300076600002, 21.139363469000102], [92.18322250900019, 21.13937494600009], [92.18352681100015, 21.139285003], [92.18368502400017, 21.139132431000178], [92.1837753280002, 21.139038081000024], [92.18447244500004, 21.138642008000033], [92.18536179500006, 21.138329467000176], [92.18544292500007, 21.138308237], [92.18595272000005, 21.138174831000185], [92.18616858400014, 21.13811834200004], [92.18622115700015, 21.138126609999972], [92.1864213020001, 21.138158087000022], [92.18664472600011, 21.138284226000053], [92.1869066610002, 21.13843137300006], [92.18713071700006, 21.13860051300003], [92.18723202200005, 21.138735398000108], [92.18748805100017, 21.139063465000163], [92.18757299600014, 21.139301331000127], [92.18770919400009, 21.139557624000076], [92.18794407800016, 21.14029051300008], [92.18808940200006, 21.141167923000182], [92.18824639500019, 21.14145261700014], [92.18814790900007, 21.141683271000034], [92.18796751600013, 21.141886309000142], [92.18775811100011, 21.142194856000174], [92.18750599700002, 21.142370148999987], [92.18722276500006, 21.142507615], [92.1869589210001, 21.142577926000058], [92.18670400000019, 21.142562106000184], [92.1865602790001, 21.14248750200005], [92.18644599400017, 21.14233605900006], [92.18636296600005, 21.142231999000103], [92.18632105100005, 21.14203043400005], [92.18629498000013, 21.141764561000173], [92.18623260500004, 21.14167934900007], [92.1860467410001, 21.14150971500004], [92.18588180900014, 21.141378040000063], [92.18562029200007, 21.14129207100018], [92.1852306350001, 21.141434236000123], [92.18462356700013, 21.141719240000043], [92.1843236040001, 21.142105412000035], [92.18432766700016, 21.142382527000166], [92.18456058000015, 21.142981642000052], [92.18468813300012, 21.143343181000034], [92.18469191800017, 21.143601183999976], [92.18467897500005, 21.144107898000186], [92.18474793799999, 21.14464222800018], [92.18520648600014, 21.145343562000107], [92.18561312800017, 21.14597866200006], [92.18613962000006, 21.146449736000136], [92.18691170000017, 21.14699409300016], [92.18790661200006, 21.147449548999987], [92.18922523300017, 21.147747890000062], [92.190479229, 21.147808121000025], [92.19140629000009, 21.147805675000143], [92.19233475700008, 21.147898780000105], [92.19405162500004, 21.14825882499997], [92.19529825500013, 21.148510264000095], [92.1961875340001, 21.14870898800001], [92.19693505600014, 21.148966892000033], [92.19741816800013, 21.149256899000136], [92.19790142400012, 21.149556459000053], [92.19831337800014, 21.14985694600017], [92.1985811780001, 21.150054172000125], [92.19927863400005, 21.150347860000068], [92.20014414900015, 21.15035674300003], [92.20110750700013, 21.150201982999988], [92.20196776500006, 21.149951479000038], [92.20302717200008, 21.149647206], [92.20338690300008, 21.150389042000143], [92.20248406700017, 21.153821108000045], [92.20075331800001, 21.158842027000105], [92.20001377900002, 21.160872225], [92.19975355200006, 21.16150323300019], [92.19915943000012, 21.161703510000166], [92.1958595070002, 21.162815858000158], [92.19416917100017, 21.16313129100007], [92.19278663600005, 21.163469809], [92.19053784900007, 21.162514622000117], [92.18918723900003, 21.1618295720001], [92.18762556200005, 21.161037442000122], [92.18749887000007, 21.160973609000052], [92.18417316800009, 21.159693611000023], [92.18177934200008, 21.15893433100007], [92.1798099040002, 21.15889404100011], [92.17961321700017, 21.158890016000043], [92.1774342120001, 21.159487012000056], [92.17704443200017, 21.15961845600009], [92.17673490300001, 21.159724036000114], [92.17645970100017, 21.160474121000107], [92.17578362800009, 21.162316781000186], [92.17530273800008, 21.164036526000075], [92.17433521800018, 21.1674557770001], [92.1736721850001, 21.169229123000093], [92.17342256500007, 21.169896748000042], [92.17340178900014, 21.17045938800004], [92.17337680600008, 21.171136018000084], [92.17336033900006, 21.17158199700009], [92.17331564500012, 21.17279244100007], [92.17357549600018, 21.17377343900006], [92.17410038600008, 21.175760199000138], [92.17402032300015, 21.177610245999972], [92.17341096899997, 21.179972820000046], [92.17411062600007, 21.181342380000046], [92.17483524000016, 21.18276076000018], [92.17639488500015, 21.18348796200013], [92.17543215600017, 21.184360524], [92.17548643700013, 21.184574303000034], [92.17544638300018, 21.184633517000123], [92.17523367600006, 21.184697215000085], [92.17495380500009, 21.18465340600011], [92.17457233900018, 21.184658313000057], [92.17401304700007, 21.184642935000056], [92.1738096790001, 21.184645551000074], [92.1735408510001, 21.18469867700003], [92.17328603500016, 21.184722275000013], [92.17311810199999, 21.18488473000008], [92.17312100600009, 21.18508336600013], [92.17313185300014, 21.185174043000075], [92.17314500300017, 21.18528398700016], [92.17325265700003, 21.18536162099997], [92.17355078800011, 21.185378104], [92.17382695900011, 21.185374551000166], [92.17406332800005, 21.185529547000044], [92.17409104900014, 21.185585082000102], [92.17417306200008, 21.185749385000122], [92.17421868000014, 21.185988107000128], [92.1741809190001, 21.18628660400003], [92.17410132700007, 21.186687233000043], [92.17401512300006, 21.186935029000153], [92.17383624500019, 21.187449216000118], [92.173323, 21.18873139100009], [92.17295197100003, 21.189533114000085], [92.17282717699999, 21.189677681000035], [92.17274307000008, 21.18977511600002], [92.17240574000004, 21.190000704000056], [92.17185453100018, 21.19008680900015], [92.17138640400009, 21.190092828000047], [92.17110728600005, 21.189895483000157], [92.1707869330001, 21.189800263000052], [92.17040368700003, 21.189766807000126], [92.169978549, 21.189790331000154], [92.16957569599998, 21.189856459999987], [92.16938665100008, 21.190057562000106], [92.16949579000016, 21.190236774000027], [92.16967042300013, 21.190532541000096], [92.16999546000011, 21.190948292000087], [92.17024792300009, 21.191231220000077], [92.17027629300014, 21.19126301300014], [92.17064405400009, 21.191678212000113], [92.17082242800012, 21.19192865700012], [92.17116076800005, 21.1924036960001], [92.1721422130002, 21.19379243600008], [92.17254968900016, 21.194618011999978], [92.1729734920001, 21.19547828100019], [92.17300061300017, 21.195533332000025], [92.17302291500005, 21.195616130000133], [92.173249156, 21.196456019000095], [92.17350692100013, 21.19741292400016], [92.17364847900012, 21.19793842600012], [92.17288738200011, 21.19876365500005], [92.17268337600012, 21.198984849000055], [92.17175414300004, 21.199306546000116], [92.17061084900013, 21.19970234100009], [92.16952631700008, 21.200980566000112], [92.16934601700012, 21.20169856000018], [92.16894730000007, 21.203286296999977], [92.16905875800006, 21.20358595], [92.16974850200012, 21.20544028300003], [92.17009565400002, 21.20637355800011], [92.16925599800004, 21.20764863500017], [92.16780431900008, 21.208931570000175], [92.1673379660001, 21.210547266000106], [92.16772516700013, 21.211919463000015], [92.16791666400007, 21.21306274700015], [92.16799421000007, 21.21352571500006], [92.16628687600019, 21.21412334000007], [92.16519501900018, 21.214825935000192], [92.16483009400008, 21.21506092900006], [92.16485457800019, 21.215096550999988], [92.16512034100003, 21.21548321100005], [92.16545611900011, 21.215971732000014], [92.16628699500012, 21.216259769000146], [92.16705751900008, 21.21652687900007], [92.16677741000012, 21.21778897300004], [92.1665972310002, 21.21860080000016], [92.16613249500011, 21.22032935599998], [92.16797388200018, 21.221007246000113], [92.16726191900017, 21.222154841000133], [92.16751116000006, 21.22231357000004], [92.16849900400007, 21.22294267], [92.16930001700018, 21.224496280000153], [92.16938245000017, 21.22465615900012], [92.16937025000004, 21.22497073800014], [92.16929328000009, 21.22695559200008], [92.16933512600019, 21.22699723900007], [92.17016905900016, 21.22782720200007], [92.17066162200013, 21.228317412000138], [92.17356337000007, 21.229470391000064], [92.17374361100013, 21.22954200600003], [92.17524827400007, 21.231820889000176], [92.17641538900006, 21.23282583300005], [92.17690497200016, 21.23324738100007], [92.17748280800004, 21.233744913000066], [92.17922174000017, 21.23557258599999], [92.17839790400006, 21.237641066000094], [92.17781217500016, 21.239486348000185], [92.17801458000014, 21.240245802000118], [92.1783021920001, 21.241324944000098], [92.17833145800006, 21.241434753000192], [92.17871382099997, 21.242463810000174], [92.1801009940001, 21.24508956600016], [92.18104374300003, 21.246926001000134], [92.18174165500005, 21.24828546499998], [92.18213820000011, 21.250233181000056], [92.18089500300016, 21.25224050200012], [92.18402399700005, 21.25342813200018], [92.18442872600008, 21.25416142800009], [92.1847799320002, 21.25479774300004], [92.18578764800009, 21.256622381000057], [92.18616498900013, 21.256897433000063], [92.18826603200012, 21.25843018100005], [92.18923139100013, 21.259529626000187], [92.19026125800019, 21.260702512000023], [92.19023841000006, 21.26079352900001], [92.18979842200008, 21.262546229000066], [92.18966268400004, 21.26420114200016], [92.18959080600013, 21.26507746100009], [92.19156512500018, 21.265970635000087], [92.1908675050002, 21.268508240000187], [92.19047994700009, 21.268988716000138], [92.18918174600003, 21.27059813699998], [92.18623628600005, 21.270408379000116], [92.18576239200013, 21.270266837000122], [92.18401967100004, 21.269746306000116], [92.18180310600007, 21.26908645800006], [92.17989020300018, 21.269336989000124], [92.17984511400005, 21.269342088000087], [92.17864305700016, 21.270965075000163], [92.17817669700014, 21.272580797000103], [92.17880504700008, 21.27390564800004], [92.17893548500001, 21.274180669000145], [92.17798181000006, 21.276030717000083], [92.17701459000017, 21.276962081000022], [92.17703768600012, 21.278531314000134], [92.177041665, 21.278801697], [92.17462046800017, 21.28090097800009], [92.17481674300012, 21.28191886600007], [92.17488579400009, 21.282276962000083], [92.1756267180001, 21.284480179000184], [92.17565533900006, 21.28456528600003], [92.17536685400006, 21.284899103000043], [92.17444977500014, 21.28596027599997], [92.17363999100013, 21.286897278000083], [92.17324418500004, 21.287355258000105], [92.17228698200017, 21.2889750490001], [92.17225549500012, 21.2890137010001], [92.1697219740002, 21.29212367100007], [92.1696367940001, 21.29222862100005], [92.17016799000015, 21.294978342000093], [92.16946930100016, 21.2975159020001], [92.16819351400005, 21.297832893000077], [92.16751427800017, 21.298001657000043], [92.16581103099998, 21.29894244999997], [92.16555276100013, 21.299163769000074], [92.16363109400004, 21.300810475000105], [92.16284356800003, 21.302969705000066], [92.16245218500006, 21.30404277000008], [92.1610463450001, 21.306177011000045], [92.16077238000008, 21.30659291500018], [92.15964378300009, 21.308411631000183], [92.15948725300007, 21.30866387200018], [92.1594501690002, 21.308723049000037], [92.15933484700008, 21.308909656000083], [92.15904574900014, 21.309084159000065], [92.15738968900007, 21.310083761000158], [92.15693306600002, 21.31238790000009], [92.15693662100006, 21.312631255999975], [92.15698005700011, 21.315604439000083], [92.15507170700016, 21.319306612000048], [92.15358930600013, 21.320884162000027], [92.15218780900011, 21.322375587000067], [92.15229834300015, 21.32256155600004], [92.15228989299999, 21.322642940000037], [92.152264381, 21.322887959000184], [92.15219056000007, 21.323596938000094], [92.1521634020001, 21.323705592000067], [92.15166237800003, 21.32571008400015], [92.15169991500005, 21.32642527600018], [92.15162269100006, 21.326706214000183], [92.15175334500003, 21.327280241000153], [92.15151994100006, 21.328086951000103], [92.1510404980001, 21.328625132000127], [92.15079567800012, 21.328899944000113], [92.15064042700016, 21.329599719000043], [92.15056562200004, 21.329936890000113], [92.15009379000008, 21.331207211000162], [92.14973812400018, 21.331722806000073], [92.149612993, 21.331904202000032], [92.14950579300006, 21.33293957700016], [92.14976599600016, 21.333970249000174], [92.15064102200012, 21.335108193000167], [92.15053047300012, 21.335913330000096], [92.15005434100016, 21.336720361000175], [92.14999225000008, 21.336854777999974], [92.14957613500019, 21.33776552200004], [92.14959791600012, 21.339259803000118], [92.14951699199997, 21.340528352000035], [92.1494978830001, 21.340827890000128], [92.14901178900004, 21.341522552000015], [92.14894314300005, 21.341620651000085], [92.14879583900012, 21.341900080000187], [92.14861602800005, 21.342241172000172], [92.14744729500006, 21.34319304100012], [92.14733783300005, 21.34411556100008], [92.14713561100007, 21.344310119], [92.14685407600012, 21.344580984000117], [92.14649119800009, 21.344930107000152], [92.14590144400017, 21.346547346000136], [92.14493587800018, 21.348176165000154], [92.1444143080002, 21.34905653500016], [92.14431496400016, 21.349143593000065], [92.14426119700005, 21.349173621999967]]]}}]}