{
"type": "FeatureCollection",
"name": "buildings",
"crs": { "type": "name", "properties": { "name": "urn:ogc:def:crs:OGC:1.3:CRS84" } },
"features": [
{ "type": "Feature", "properties": { "osm_id": 535729966, "tag_value": "yes" }, "geometry": { "type": "Polygon", "coordinates": [ [ [ 92.1490099, 21.2013777 ], [ 92.1490349, 21.2013772 ], [ 92.149034, 21.2013371 ], [ 92.1490089, 21.2013376 ], [ 92.1490099, 21.2013777 ] ] ] } },
{ "type": "Feature", "properties": { "osm_id": 535729968, "tag_value": "yes" }, "geometry": { "type": "Polygon", "coordinates": [ [ [ 92.1490436, 21.2013964 ], [ 92.1490753, 21.2013972 ], [ 92.1490769, 21.2013413 ], [ 92.1490451, 21.2013405 ], [ 92.1490436, 21.2013964 ] ] ] } },
{ "type": "Feature", "properties": { "osm_id": 535984328, "tag_value": "yes" }, "geometry": { "type": "Polygon", "coordinates": [ [ [ 92.1494509, 21.2013178 ], [ 92.1494761, 21.2013174 ], [ 92.1494794, 21.2013174 ], [ 92.1494788, 21.2012818 ], [ 92.1494503, 21.2012822 ], [ 92.1494509, 21.2013178 ] ] ] } },
{ "type": "Feature", "properties": { "osm_id": 535984329, "tag_value": "yes" }, "geometry": { "type": "Polygon", "coordinates": [ [ [ 92.1493672, 21.201324 ], [ 92.1494019, 21.2013236 ], [ 92.1494015, 21.2012893 ], [ 92.1493668, 21.2012897 ], [ 92.1493672, 21.201324 ] ] ] } },
{ "type": "Feature", "properties": { "osm_id": 535984330, "tag_value": "yes" }, "geometry": { "type": "Polygon", "coordinates": [ [ [ 92.1495568, 21.2013155 ], [ 92.1495921, 21.201316 ], [ 92.1495927, 21.2012803 ], [ 92.1495574, 21.2012797 ], [ 92.1495568, 21.2013155 ] ] ] } },
{ "type": "Feature", "properties": { "osm_id": 535984332, "tag_value": "yes" }, "geometry": { "type": "Polygon", "coordinates": [ [ [ 92.1491956, 21.201327 ], [ 92.1492241, 21.2013325 ], [ 92.1492312, 21.2013009 ], [ 92.1492026, 21.2012953 ], [ 92.1491956, 21.201327 ] ] ] } },
{ "type": "Feature", "properties": { "osm_id": 535984333, "tag_value": "yes" }, "geometry": { "type": "Polygon", "coordinates": [ [ [ 92.1491947, 21.2013977 ], [ 92.1492274, 21.2013975 ], [ 92.1492271, 21.201362 ], [ 92.1491945, 21.2013622 ], [ 92.1491947, 21.2013977 ] ] ] } },
{ "type": "Feature", "properties": { "osm_id": 535984334, "tag_value": "yes" }, "geometry": { "type": "Polygon", "coordinates": [ [ [ 92.1491613, 21.201388 ], [ 92.149191, 21.2013885 ], [ 92.1491916, 21.2013538 ], [ 92.1491619, 21.2013533 ], [ 92.1491613, 21.201388 ] ] ] } },
{ "type": "Feature", "properties": { "osm_id": 535984335, "tag_value": "yes" }, "geometry": { "type": "Polygon", "coordinates": [ [ [ 92.1491209, 21.2013811 ], [ 92.1491574, 21.2013821 ], [ 92.1491586, 21.2013482 ], [ 92.149122, 21.2013472 ], [ 92.1491209, 21.2013811 ] ] ] } },
{ "type": "Feature", "properties": { "osm_id": 535984336, "tag_value": "yes" }, "geometry": { "type": "Polygon", "coordinates": [ [ [ 92.1490795, 21.2013767 ], [ 92.1491163, 21.2013806 ], [ 92.1491203, 21.2013483 ], [ 92.1490834, 21.2013444 ], [ 92.1490795, 21.2013767 ] ] ] } },
{ "type": "Feature", "properties": { "osm_id": 535984359, "tag_value": "yes" }, "geometry": { "type": "Polygon", "coordinates": [ [ [ 92.1493485, 21.2019958 ], [ 92.1493228, 21.202032 ], [ 92.1493553, 21.202052 ], [ 92.149381, 21.2020157 ], [ 92.1493485, 21.2019958 ] ] ] } },
{ "type": "Feature", "properties": { "osm_id": 536063090, "tag_value": "yes" }, "geometry": { "type": "Polygon", "coordinates": [ [ [ 92.150913, 21.2011197 ], [ 92.1509318, 21.2011472 ], [ 92.1509613, 21.2011297 ], [ 92.1509425, 21.2011022 ], [ 92.150913, 21.2011197 ] ] ] } },
{ "type": "Feature", "properties": { "osm_id": 536063098, "tag_value": "yes" }, "geometry": { "type": "Polygon", "coordinates": [ [ [ 92.1502323, 21.2011652 ], [ 92.1502589, 21.2011671 ], [ 92.150263, 21.2011168 ], [ 92.1502364, 21.2011149 ], [ 92.1502323, 21.2011652 ] ] ] } },
{ "type": "Feature", "properties": { "osm_id": 536063099, "tag_value": "yes" }, "geometry": { "type": "Polygon", "coordinates": [ [ [ 92.1494618, 21.2013485 ], [ 92.1494635, 21.2013786 ], [ 92.1494992, 21.2013769 ], [ 92.1494975, 21.201347 ], [ 92.1494618, 21.2013485 ] ] ] } },
{ "type": "Feature", "properties": { "osm_id": 536063100, "tag_value": "yes" }, "geometry": { "type": "Polygon", "coordinates": [ [ [ 92.1493706, 21.201382 ], [ 92.1494137, 21.2013814 ], [ 92.1494132, 21.2013514 ], [ 92.14937, 21.2013521 ], [ 92.1493706, 21.201382 ] ] ] } },
{ "type": "Feature", "properties": { "osm_id": 536063104, "tag_value": "yes" }, "geometry": { "type": "Polygon", "coordinates": [ [ [ 92.1493383, 21.2013979 ], [ 92.1493639, 21.201398 ], [ 92.149364, 21.2013625 ], [ 92.1493385, 21.2013624 ], [ 92.1493383, 21.2013979 ] ] ] } },
{ "type": "Feature", "properties": { "osm_id": 536063105, "tag_value": "yes" }, "geometry": { "type": "Polygon", "coordinates": [ [ [ 92.149302, 21.2014024 ], [ 92.1493334, 21.2014027 ], [ 92.1493338, 21.2013669 ], [ 92.1493025, 21.2013665 ], [ 92.149302, 21.2014024 ] ] ] } },
{ "type": "Feature", "properties": { "osm_id": 536063106, "tag_value": "yes" }, "geometry": { "type": "Polygon", "coordinates": [ [ [ 92.1492661, 21.2013981 ], [ 92.1492976, 21.2013975 ], [ 92.149297, 21.2013657 ], [ 92.1492654, 21.2013662 ], [ 92.1492661, 21.2013981 ] ] ] } },
{ "type": "Feature", "properties": { "osm_id": 536063108, "tag_value": "yes" }, "geometry": { "type": "Polygon", "coordinates": [ [ [ 92.1494165, 21.2013522 ], [ 92.1494256, 21.2013991 ], [ 92.1494644, 21.2013925 ], [ 92.1494545, 21.2013425 ], [ 92.1494159, 21.2013491 ], [ 92.1494165, 21.2013522 ] ] ] } },
{ "type": "Feature", "properties": { "osm_id": 541873951, "tag_value": "yes" }, "geometry": { "type": "Polygon", "coordinates": [ [ [ 92.151754, 21.2017878 ], [ 92.1517559, 21.2017517 ], [ 92.1518138, 21.2017545 ], [ 92.1518118, 21.2017905 ], [ 92.151754, 21.2017878 ] ] ] } },
{ "type": "Feature", "properties": { "osm_id": 544317840, "tag_value": "yes" }, "geometry": { "type": "Polygon", "coordinates": [ [ [ 92.1515698, 21.201662 ], [ 92.1516543, 21.2016648 ], [ 92.1516556, 21.2016304 ], [ 92.1515712, 21.2016276 ], [ 92.1515698, 21.201662 ] ] ] } },
{ "type": "Feature", "properties": { "osm_id": 544317841, "tag_value": "yes" }, "geometry": { "type": "Polygon", "coordinates": [ [ [ 92.1518474, 21.2018324 ], [ 92.1518612, 21.2018718 ], [ 92.1519356, 21.2018492 ], [ 92.1519218, 21.2018097 ], [ 92.1518563, 21.2018297 ], [ 92.1518474, 21.2018324 ] ] ] } },
{ "type": "Feature", "properties": { "osm_id": 544317842, "tag_value": "yes" }, "geometry": { "type": "Polygon", "coordinates": [ [ [ 92.151861, 21.2019086 ], [ 92.1518648, 21.2019413 ], [ 92.1519106, 21.2019367 ], [ 92.1519068, 21.2019039 ], [ 92.151861, 21.2019086 ] ] ] } },
{ "type": "Feature", "properties": { "osm_id": 544317843, "tag_value": "yes" }, "geometry": { "type": "Polygon", "coordinates": [ [ [ 92.1518309, 21.2017878 ], [ 92.1518489, 21.2018216 ], [ 92.1519345, 21.201782 ], [ 92.1519165, 21.2017482 ], [ 92.1518309, 21.2017878 ] ] ] } },
{ "type": "Feature", "properties": { "osm_id": 555184197, "tag_value": "yes" }, "geometry": { "type": "Polygon", "coordinates": [ [ [ 92.1519885, 21.1994832 ], [ 92.151969, 21.1994478 ], [ 92.1519342, 21.1994645 ], [ 92.1519537, 21.1994999 ], [ 92.1519885, 21.1994832 ] ] ] } },
{ "type": "Feature", "properties": { "osm_id": 555209708, "tag_value": "yes" }, "geometry": { "type": "Polygon", "coordinates": [ [ [ 92.1518421, 21.1994211 ], [ 92.1518744, 21.1994121 ], [ 92.1518588, 21.1993633 ], [ 92.1518264, 21.1993723 ], [ 92.1518421, 21.1994211 ] ] ] } },
{ "type": "Feature", "properties": { "osm_id": 555209709, "tag_value": "yes" }, "geometry": { "type": "Polygon", "coordinates": [ [ [ 92.1519279, 21.1993476 ], [ 92.1519277, 21.1993174 ], [ 92.1518841, 21.1993176 ], [ 92.1518842, 21.1993478 ], [ 92.1519279, 21.1993476 ] ] ] } },
{ "type": "Feature", "properties": { "osm_id": 555209710, "tag_value": "yes" }, "geometry": { "type": "Polygon", "coordinates": [ [ [ 92.1518926, 21.1993125 ], [ 92.1519261, 21.1993133 ], [ 92.1519273, 21.1992694 ], [ 92.1518938, 21.1992686 ], [ 92.1518926, 21.1993125 ] ] ] } },
{ "type": "Feature", "properties": { "osm_id": 555209711, "tag_value": "yes" }, "geometry": { "type": "Polygon", "coordinates": [ [ [ 92.1519323, 21.199218 ], [ 92.1519429, 21.1992076 ], [ 92.1519109, 21.1991792 ], [ 92.1519002, 21.1991896 ], [ 92.1519323, 21.199218 ] ] ] } },
{ "type": "Feature", "properties": { "osm_id": 555209713, "tag_value": "yes" }, "geometry": { "type": "Polygon", "coordinates": [ [ [ 92.1517662, 21.1991737 ], [ 92.1517785, 21.1991686 ], [ 92.1517592, 21.1991279 ], [ 92.1517468, 21.1991331 ], [ 92.1517662, 21.1991737 ] ] ] } },
{ "type": "Feature", "properties": { "osm_id": 555209714, "tag_value": "yes" }, "geometry": { "type": "Polygon", "coordinates": [ [ [ 92.151656, 21.1992492 ], [ 92.1516887, 21.1992297 ], [ 92.1516549, 21.1991804 ], [ 92.1516223, 21.1991998 ], [ 92.151656, 21.1992492 ] ] ] } },
{ "type": "Feature", "properties": { "osm_id": 555209716, "tag_value": "yes" }, "geometry": { "type": "Polygon", "coordinates": [ [ [ 92.1518808, 21.1991721 ], [ 92.1519108, 21.1991519 ], [ 92.1518856, 21.1991194 ], [ 92.1518556, 21.1991396 ], [ 92.1518808, 21.1991721 ] ] ] } },
{ "type": "Feature", "properties": { "osm_id": 555233092, "tag_value": "yes" }, "geometry": { "type": "Polygon", "coordinates": [ [ [ 92.1519662, 21.1992494 ], [ 92.151997, 21.1992673 ], [ 92.1520128, 21.1992437 ], [ 92.151982, 21.1992258 ], [ 92.1519662, 21.1992494 ] ] ] } },
{ "type": "Feature", "properties": { "osm_id": 555234754, "tag_value": "yes" }, "geometry": { "type": "Polygon", "coordinates": [ [ [ 92.1516846, 21.199092 ], [ 92.1517567, 21.1990811 ], [ 92.1517502, 21.1990438 ], [ 92.1516781, 21.1990547 ], [ 92.1516846, 21.199092 ] ] ] } },
{ "type": "Feature", "properties": { "osm_id": 555234755, "tag_value": "yes" }, "geometry": { "type": "Polygon", "coordinates": [ [ [ 92.1518401, 21.1991225 ], [ 92.1518639, 21.1991063 ], [ 92.1518387, 21.1990742 ], [ 92.1518149, 21.1990904 ], [ 92.1518401, 21.1991225 ] ] ] } },
{ "type": "Feature", "properties": { "osm_id": 555234756, "tag_value": "yes" }, "geometry": { "type": "Polygon", "coordinates": [ [ [ 92.1519332, 21.1990718 ], [ 92.1519594, 21.1990506 ], [ 92.1519391, 21.1990288 ], [ 92.1519129, 21.19905 ], [ 92.1519332, 21.1990718 ] ] ] } },
{ "type": "Feature", "properties": { "osm_id": 555234757, "tag_value": "yes" }, "geometry": { "type": "Polygon", "coordinates": [ [ [ 92.151811, 21.1990832 ], [ 92.1518377, 21.1990716 ], [ 92.1518185, 21.1990329 ], [ 92.1517779, 21.1990505 ], [ 92.1517879, 21.1990704 ], [ 92.1518016, 21.1990645 ], [ 92.151811, 21.1990832 ] ] ] } },
{ "type": "Feature", "properties": { "osm_id": 555234758, "tag_value": "yes" }, "geometry": { "type": "Polygon", "coordinates": [ [ [ 92.1518772, 21.1990517 ], [ 92.151897, 21.1990324 ], [ 92.1518653, 21.1990041 ], [ 92.1518455, 21.1990234 ], [ 92.1518772, 21.1990517 ] ] ] } },
{ "type": "Feature", "properties": { "osm_id": 555234759, "tag_value": "yes" }, "geometry": { "type": "Polygon", "coordinates": [ [ [ 92.151853, 21.1990152 ], [ 92.1518309, 21.198995 ], [ 92.1518681, 21.1989597 ], [ 92.1518901, 21.1989797 ], [ 92.151853, 21.1990152 ] ] ] } },
{ "type": "Feature", "properties": { "osm_id": 555234760, "tag_value": "yes" }, "geometry": { "type": "Polygon", "coordinates": [ [ [ 92.1516932, 21.1990281 ], [ 92.1517194, 21.1989975 ], [ 92.1516624, 21.1989551 ], [ 92.1516363, 21.1989857 ], [ 92.1516932, 21.1990281 ] ] ] } },
{ "type": "Feature", "properties": { "osm_id": 555234770, "tag_value": "yes" }, "geometry": { "type": "Polygon", "coordinates": [ [ [ 92.151585, 21.1991651 ], [ 92.1516491, 21.1991275 ], [ 92.1516273, 21.1990952 ], [ 92.1515632, 21.1991329 ], [ 92.151585, 21.1991651 ] ] ] } },
{ "type": "Feature", "properties": { "osm_id": 555250040, "tag_value": "yes" }, "geometry": { "type": "Polygon", "coordinates": [ [ [ 92.1520141, 21.1995297 ], [ 92.1520002, 21.1995037 ], [ 92.1519676, 21.1995189 ], [ 92.1519815, 21.1995449 ], [ 92.1520141, 21.1995297 ] ] ] } },
{ "type": "Feature", "properties": { "osm_id": 555254497, "tag_value": "yes" }, "geometry": { "type": "Polygon", "coordinates": [ [ [ 92.1515223, 21.1990993 ], [ 92.1514986, 21.199067 ], [ 92.151559, 21.1990284 ], [ 92.1515828, 21.1990608 ], [ 92.1515223, 21.1990993 ] ] ] } },
{ "type": "Feature", "properties": { "osm_id": 555254498, "tag_value": "yes" }, "geometry": { "type": "Polygon", "coordinates": [ [ [ 92.1515943, 21.1990563 ], [ 92.151549, 21.1989988 ], [ 92.1515846, 21.1989744 ], [ 92.15163, 21.1990319 ], [ 92.1515943, 21.1990563 ] ] ] } },
{ "type": "Feature", "properties": { "osm_id": 555399273, "tag_value": "yes" }, "geometry": { "type": "Polygon", "coordinates": [ [ [ 92.1489867, 21.1993626 ], [ 92.1489851, 21.1993243 ], [ 92.1490211, 21.199323 ], [ 92.1490225, 21.1993572 ], [ 92.1489997, 21.1993581 ], [ 92.1490002, 21.1993706 ], [ 92.148987, 21.1993711 ], [ 92.1489867, 21.1993626 ] ] ] } },
{ "type": "Feature", "properties": { "osm_id": 555399276, "tag_value": "yes" }, "geometry": { "type": "Polygon", "coordinates": [ [ [ 92.1489898, 21.1992903 ], [ 92.1489815, 21.1992307 ], [ 92.1490221, 21.1992258 ], [ 92.1490304, 21.1992854 ], [ 92.1489898, 21.1992903 ] ] ] } },
{ "type": "Feature", "properties": { "osm_id": 555399277, "tag_value": "yes" }, "geometry": { "type": "Polygon", "coordinates": [ [ [ 92.1489637, 21.1992294 ], [ 92.1489592, 21.1991879 ], [ 92.1490108, 21.1991831 ], [ 92.1490153, 21.1992246 ], [ 92.1489637, 21.1992294 ] ] ] } },
{ "type": "Feature", "properties": { "osm_id": 555399399, "tag_value": "yes" }, "geometry": { "type": "Polygon", "coordinates": [ [ [ 92.1490105, 21.1991745 ], [ 92.1489624, 21.1991787 ], [ 92.1489598, 21.1991523 ], [ 92.1490079, 21.1991482 ], [ 92.1490105, 21.1991745 ] ] ] } },
{ "type": "Feature", "properties": { "osm_id": 555399402, "tag_value": "yes" }, "geometry": { "type": "Polygon", "coordinates": [ [ [ 92.1490636, 21.1993116 ], [ 92.1490457, 21.1992576 ], [ 92.1490615, 21.1992531 ], [ 92.1490794, 21.1993071 ], [ 92.1490636, 21.1993116 ] ] ] } },
{ "type": "Feature", "properties": { "osm_id": 555401978, "tag_value": "yes" }, "geometry": { "type": "Polygon", "coordinates": [ [ [ 92.1490823, 21.1999399 ], [ 92.1491232, 21.1999382 ], [ 92.1491247, 21.19997 ], [ 92.1490838, 21.1999717 ], [ 92.1490823, 21.1999399 ] ] ] } },
{ "type": "Feature", "properties": { "osm_id": 555401979, "tag_value": "yes" }, "geometry": { "type": "Polygon", "coordinates": [ [ [ 92.1490745, 21.2000307 ], [ 92.1490677, 21.2000005 ], [ 92.1491137, 21.1999916 ], [ 92.1491204, 21.2000218 ], [ 92.1490745, 21.2000307 ] ] ] } },
{ "type": "Feature", "properties": { "osm_id": 555401980, "tag_value": "yes" }, "geometry": { "type": "Polygon", "coordinates": [ [ [ 92.1489907, 21.1999078 ], [ 92.1489614, 21.1998607 ], [ 92.1489954, 21.1998424 ], [ 92.1490246, 21.1998895 ], [ 92.1489907, 21.1999078 ] ] ] } },
{ "type": "Feature", "properties": { "osm_id": 555401984, "tag_value": "yes" }, "geometry": { "type": "Polygon", "coordinates": [ [ [ 92.1490783, 21.1999063 ], [ 92.1490825, 21.1998777 ], [ 92.1491631, 21.1998881 ], [ 92.1491588, 21.1999167 ], [ 92.1490783, 21.1999063 ] ] ] } },
{ "type": "Feature", "properties": { "osm_id": 555401985, "tag_value": "yes" }, "geometry": { "type": "Polygon", "coordinates": [ [ [ 92.1491209, 21.1998452 ], [ 92.1491265, 21.199821 ], [ 92.1491579, 21.1998273 ], [ 92.1491523, 21.1998515 ], [ 92.1491209, 21.1998452 ] ] ] } },
{ "type": "Feature", "properties": { "osm_id": 555401988, "tag_value": "yes" }, "geometry": { "type": "Polygon", "coordinates": [ [ [ 92.1490727, 21.2000975 ], [ 92.1490622, 21.2000697 ], [ 92.1490934, 21.2000595 ], [ 92.1491039, 21.2000873 ], [ 92.1490727, 21.2000975 ] ] ] } },
{ "type": "Feature", "properties": { "osm_id": 555434901, "tag_value": "yes" }, "geometry": { "type": "Polygon", "coordinates": [ [ [ 92.1512059, 21.2013065 ], [ 92.1512019, 21.2012687 ], [ 92.1512461, 21.2012646 ], [ 92.1512501, 21.2013024 ], [ 92.1512059, 21.2013065 ] ] ] } },
{ "type": "Feature", "properties": { "osm_id": 555435685, "tag_value": "yes" }, "geometry": { "type": "Polygon", "coordinates": [ [ [ 92.1512118, 21.2013471 ], [ 92.1512094, 21.2013101 ], [ 92.151253, 21.2013077 ], [ 92.1512554, 21.2013447 ], [ 92.1512118, 21.2013471 ] ] ] } },
{ "type": "Feature", "properties": { "osm_id": 555436036, "tag_value": "yes" }, "geometry": { "type": "Polygon", "coordinates": [ [ [ 92.1511971, 21.2012673 ], [ 92.1512477, 21.2012524 ], [ 92.1512389, 21.2012265 ], [ 92.1511884, 21.2012414 ], [ 92.1511971, 21.2012673 ] ] ] } },
{ "type": "Feature", "properties": { "osm_id": 555438477, "tag_value": "yes" }, "geometry": { "type": "Polygon", "coordinates": [ [ [ 92.1518399, 21.2013485 ], [ 92.1518603, 21.2013114 ], [ 92.1518933, 21.2013271 ], [ 92.1518729, 21.2013642 ], [ 92.1518399, 21.2013485 ] ] ] } },
{ "type": "Feature", "properties": { "osm_id": 555438478, "tag_value": "yes" }, "geometry": { "type": "Polygon", "coordinates": [ [ [ 92.1517257, 21.2013181 ], [ 92.1517285, 21.2012369 ], [ 92.1517662, 21.2012381 ], [ 92.1517633, 21.2013192 ], [ 92.1517257, 21.2013181 ] ] ] } },
{ "type": "Feature", "properties": { "osm_id": 555438480, "tag_value": "yes" }, "geometry": { "type": "Polygon", "coordinates": [ [ [ 92.1516348, 21.2012147 ], [ 92.1516311, 21.2011882 ], [ 92.1516745, 21.2011829 ], [ 92.1516782, 21.2012094 ], [ 92.1516348, 21.2012147 ] ] ] } },
{ "type": "Feature", "properties": { "osm_id": 555438481, "tag_value": "yes" }, "geometry": { "type": "Polygon", "coordinates": [ [ [ 92.1517293, 21.2012096 ], [ 92.151693, 21.2011779 ], [ 92.1517206, 21.2011506 ], [ 92.1517568, 21.2011823 ], [ 92.1517293, 21.2012096 ] ] ] } },
{ "type": "Feature", "properties": { "osm_id": 555438482, "tag_value": "yes" }, "geometry": { "type": "Polygon", "coordinates": [ [ [ 92.1518234, 21.2012172 ], [ 92.1518276, 21.2011789 ], [ 92.1518613, 21.2011822 ], [ 92.1518571, 21.2012204 ], [ 92.1518234, 21.2012172 ] ] ] } },
{ "type": "Feature", "properties": { "osm_id": 555438483, "tag_value": "yes" }, "geometry": { "type": "Polygon", "coordinates": [ [ [ 92.15182, 21.2011404 ], [ 92.1518085, 21.2010942 ], [ 92.1518498, 21.2010853 ], [ 92.1518613, 21.2011315 ], [ 92.15182, 21.2011404 ] ] ] } },
{ "type": "Feature", "properties": { "osm_id": 555438485, "tag_value": "yes" }, "geometry": { "type": "Polygon", "coordinates": [ [ [ 92.1516466, 21.2011134 ], [ 92.1516389, 21.2010721 ], [ 92.1516766, 21.2010637 ], [ 92.1516868, 21.2011069 ], [ 92.1516466, 21.2011134 ] ] ] } },
{ "type": "Feature", "properties": { "osm_id": 555438486, "tag_value": "yes" }, "geometry": { "type": "Polygon", "coordinates": [ [ [ 92.1516273, 21.2010701 ], [ 92.1516222, 21.2010367 ], [ 92.1516715, 21.2010303 ], [ 92.1516766, 21.2010637 ], [ 92.1516273, 21.2010701 ] ] ] } },
{ "type": "Feature", "properties": { "osm_id": 555438607, "tag_value": "yes" }, "geometry": { "type": "Polygon", "coordinates": [ [ [ 92.1490028, 21.201161 ], [ 92.1489771, 21.2011606 ], [ 92.1489778, 21.2011273 ], [ 92.1490035, 21.2011277 ], [ 92.1490028, 21.201161 ] ] ] } },
{ "type": "Feature", "properties": { "osm_id": 555438608, "tag_value": "yes" }, "geometry": { "type": "Polygon", "coordinates": [ [ [ 92.1489552, 21.2011104 ], [ 92.148961, 21.2010754 ], [ 92.1490092, 21.2010823 ], [ 92.1490034, 21.2011173 ], [ 92.1489552, 21.2011104 ] ] ] } },
{ "type": "Feature", "properties": { "osm_id": 555438610, "tag_value": "yes" }, "geometry": { "type": "Polygon", "coordinates": [ [ [ 92.1491942, 21.2010047 ], [ 92.1492661, 21.2010219 ], [ 92.1492896, 21.2009366 ], [ 92.1492177, 21.2009193 ], [ 92.1491942, 21.2010047 ] ] ] } },
{ "type": "Feature", "properties": { "osm_id": 555438613, "tag_value": "yes" }, "geometry": { "type": "Polygon", "coordinates": [ [ [ 92.1501401, 21.2013308 ], [ 92.1501788, 21.2013273 ], [ 92.1501746, 21.2012869 ], [ 92.1501359, 21.2012904 ], [ 92.1501401, 21.2013308 ] ] ] } },
{ "type": "Feature", "properties": { "osm_id": 555438615, "tag_value": "yes" }, "geometry": { "type": "Polygon", "coordinates": [ [ [ 92.1502355, 21.2013112 ], [ 92.1502286, 21.201274 ], [ 92.1502652, 21.201268 ], [ 92.1502722, 21.2013053 ], [ 92.1502355, 21.2013112 ] ] ] } },
{ "type": "Feature", "properties": { "osm_id": 555438623, "tag_value": "yes" }, "geometry": { "type": "Polygon", "coordinates": [ [ [ 92.1501362, 21.2015641 ], [ 92.150195, 21.2015656 ], [ 92.1501959, 21.2015338 ], [ 92.1501371, 21.2015323 ], [ 92.1501362, 21.2015641 ] ] ] } },
{ "type": "Feature", "properties": { "osm_id": 555438637, "tag_value": "yes" }, "geometry": { "type": "Polygon", "coordinates": [ [ [ 92.1518588, 21.2017618 ], [ 92.1519138, 21.2017361 ], [ 92.151895, 21.2017009 ], [ 92.1518399, 21.2017266 ], [ 92.1518588, 21.2017618 ] ] ] } },
{ "type": "Feature", "properties": { "osm_id": 555439509, "tag_value": "yes" }, "geometry": { "type": "Polygon", "coordinates": [ [ [ 92.1511218, 21.201507 ], [ 92.1511668, 21.201507 ], [ 92.1511613, 21.2014313 ], [ 92.1511155, 21.2014298 ], [ 92.1511218, 21.201507 ] ] ] } },
{ "type": "Feature", "properties": { "osm_id": 555439513, "tag_value": "yes" }, "geometry": { "type": "Polygon", "coordinates": [ [ [ 92.1512212, 21.2015525 ], [ 92.1512252, 21.2015253 ], [ 92.1512709, 21.2015268 ], [ 92.1512686, 21.2015562 ], [ 92.1512212, 21.2015525 ] ] ] } },
{ "type": "Feature", "properties": { "osm_id": 555439514, "tag_value": "yes" }, "geometry": { "type": "Polygon", "coordinates": [ [ [ 92.1512165, 21.2014871 ], [ 92.1512244, 21.2014488 ], [ 92.1512599, 21.201454 ], [ 92.1512567, 21.2014937 ], [ 92.1512165, 21.2014871 ] ] ] } },
{ "type": "Feature", "properties": { "osm_id": 555439515, "tag_value": "yes" }, "geometry": { "type": "Polygon", "coordinates": [ [ [ 92.1512007, 21.2014363 ], [ 92.1511873, 21.2014106 ], [ 92.151237, 21.2013893 ], [ 92.1512504, 21.2014143 ], [ 92.1512007, 21.2014363 ] ] ] } },
{ "type": "Feature", "properties": { "osm_id": 555439516, "tag_value": "yes" }, "geometry": { "type": "Polygon", "coordinates": [ [ [ 92.1511203, 21.2013924 ], [ 92.1511439, 21.2014195 ], [ 92.1511786, 21.2013933 ], [ 92.1511551, 21.2013662 ], [ 92.1511203, 21.2013924 ] ] ] } },
{ "type": "Feature", "properties": { "osm_id": 555439751, "tag_value": "yes" }, "geometry": { "type": "Polygon", "coordinates": [ [ [ 92.1518562, 21.2020489 ], [ 92.1518962, 21.2020557 ], [ 92.151915, 21.2019592 ], [ 92.151875, 21.2019524 ], [ 92.1518562, 21.2020489 ] ] ] } },
{ "type": "Feature", "properties": { "osm_id": 555439760, "tag_value": "yes" }, "geometry": { "type": "Polygon", "coordinates": [ [ [ 92.1517774, 21.2020555 ], [ 92.1517963, 21.2020078 ], [ 92.1517654, 21.2019972 ], [ 92.1517465, 21.2020449 ], [ 92.1517774, 21.2020555 ] ] ] } },
{ "type": "Feature", "properties": { "osm_id": 555452353, "tag_value": "yes" }, "geometry": { "type": "Polygon", "coordinates": [ [ [ 92.1515598, 21.2003717 ], [ 92.1515979, 21.2003707 ], [ 92.1515956, 21.2003018 ], [ 92.1515575, 21.2003028 ], [ 92.1515598, 21.2003717 ] ] ] } },
{ "type": "Feature", "properties": { "osm_id": 555452354, "tag_value": "yes" }, "geometry": { "type": "Polygon", "coordinates": [ [ [ 92.1518391, 21.1998673 ], [ 92.1518787, 21.1998682 ], [ 92.1518805, 21.1998032 ], [ 92.1518408, 21.1998023 ], [ 92.1518391, 21.1998673 ] ] ] } },
{ "type": "Feature", "properties": { "osm_id": 555452799, "tag_value": "yes" }, "geometry": { "type": "Polygon", "coordinates": [ [ [ 92.1516362, 21.2004009 ], [ 92.1516736, 21.2004572 ], [ 92.151706, 21.2004385 ], [ 92.1516685, 21.2003822 ], [ 92.1516362, 21.2004009 ] ] ] } },
{ "type": "Feature", "properties": { "osm_id": 555453163, "tag_value": "yes" }, "geometry": { "type": "Polygon", "coordinates": [ [ [ 92.1517007, 21.2010544 ], [ 92.1517001, 21.2010467 ], [ 92.1517101, 21.2010461 ], [ 92.1517107, 21.2010538 ], [ 92.1517007, 21.2010544 ] ] ] } },
{ "type": "Feature", "properties": { "osm_id": 555453164, "tag_value": "yes" }, "geometry": { "type": "Polygon", "coordinates": [ [ [ 92.1517206, 21.2010512 ], [ 92.1517203, 21.2010449 ], [ 92.1517282, 21.2010445 ], [ 92.1517285, 21.2010508 ], [ 92.1517206, 21.2010512 ] ] ] } },
{ "type": "Feature", "properties": { "osm_id": 555453165, "tag_value": "yes" }, "geometry": { "type": "Polygon", "coordinates": [ [ [ 92.1517119, 21.2010732 ], [ 92.1517239, 21.2010725 ], [ 92.1517228, 21.2010551 ], [ 92.1517107, 21.2010558 ], [ 92.1517119, 21.2010732 ] ] ] } },
{ "type": "Feature", "properties": { "osm_id": 555454042, "tag_value": "yes" }, "geometry": { "type": "Polygon", "coordinates": [ [ [ 92.151666, 21.2016794 ], [ 92.151666, 21.2016384 ], [ 92.151735, 21.2016384 ], [ 92.151735, 21.2016794 ], [ 92.151666, 21.2016794 ] ] ] } },
{ "type": "Feature", "properties": { "osm_id": 555454044, "tag_value": "yes" }, "geometry": { "type": "Polygon", "coordinates": [ [ [ 92.1517372, 21.2016804 ], [ 92.1517381, 21.2016354 ], [ 92.1517776, 21.201636 ], [ 92.1517767, 21.201681 ], [ 92.1517372, 21.2016804 ] ] ] } },
{ "type": "Feature", "properties": { "osm_id": 555454048, "tag_value": "yes" }, "geometry": { "type": "Polygon", "coordinates": [ [ [ 92.1517919, 21.2016962 ], [ 92.1517787, 21.2016494 ], [ 92.1518178, 21.2016398 ], [ 92.151831, 21.2016866 ], [ 92.1517919, 21.2016962 ] ] ] } },
{ "type": "Feature", "properties": { "osm_id": 555454050, "tag_value": "yes" }, "geometry": { "type": "Polygon", "coordinates": [ [ [ 92.151816, 21.2016321 ], [ 92.1518324, 21.2016798 ], [ 92.1518703, 21.2016685 ], [ 92.1518538, 21.2016207 ], [ 92.151816, 21.2016321 ] ] ] } },
{ "type": "Feature", "properties": { "osm_id": 555454053, "tag_value": "yes" }, "geometry": { "type": "Polygon", "coordinates": [ [ [ 92.1518574, 21.201623 ], [ 92.1518706, 21.2016679 ], [ 92.1519112, 21.2016575 ], [ 92.1518979, 21.2016125 ], [ 92.1518574, 21.201623 ] ] ] } },
{ "type": "Feature", "properties": { "osm_id": 555454055, "tag_value": "yes" }, "geometry": { "type": "Polygon", "coordinates": [ [ [ 92.1519124, 21.2016521 ], [ 92.1518976, 21.2016104 ], [ 92.1519328, 21.2015996 ], [ 92.1519475, 21.2016413 ], [ 92.1519124, 21.2016521 ] ] ] } },
{ "type": "Feature", "properties": { "osm_id": 555454057, "tag_value": "yes" }, "geometry": { "type": "Polygon", "coordinates": [ [ [ 92.15179, 21.2015794 ], [ 92.1517888, 21.2015582 ], [ 92.1518368, 21.2015559 ], [ 92.151838, 21.2015771 ], [ 92.15179, 21.2015794 ] ] ] } },
{ "type": "Feature", "properties": { "osm_id": 555454060, "tag_value": "yes" }, "geometry": { "type": "Polygon", "coordinates": [ [ [ 92.1516825, 21.2015871 ], [ 92.1517035, 21.2015863 ], [ 92.1517024, 21.2015622 ], [ 92.1516814, 21.2015631 ], [ 92.1516825, 21.2015871 ] ] ] } },
{ "type": "Feature", "properties": { "osm_id": 555454062, "tag_value": "yes" }, "geometry": { "type": "Polygon", "coordinates": [ [ [ 92.1517534, 21.2015475 ], [ 92.1517956, 21.2015299 ], [ 92.1517802, 21.2014979 ], [ 92.1517381, 21.2015155 ], [ 92.1517534, 21.2015475 ] ] ] } },
{ "type": "Feature", "properties": { "osm_id": 555454064, "tag_value": "yes" }, "geometry": { "type": "Polygon", "coordinates": [ [ [ 92.1515792, 21.2016034 ], [ 92.151608, 21.2016034 ], [ 92.151608, 21.2015772 ], [ 92.1515792, 21.2015772 ], [ 92.1515792, 21.2016034 ] ] ] } },
{ "type": "Feature", "properties": { "osm_id": 555454568, "tag_value": "yes" }, "geometry": { "type": "Polygon", "coordinates": [ [ [ 92.1518363, 21.2014895 ], [ 92.151837, 21.2014555 ], [ 92.1517921, 21.2014548 ], [ 92.1517915, 21.2014888 ], [ 92.1518363, 21.2014895 ] ] ] } },
{ "type": "Feature", "properties": { "osm_id": 555454569, "tag_value": "yes" }, "geometry": { "type": "Polygon", "coordinates": [ [ [ 92.1517489, 21.2014862 ], [ 92.1517903, 21.2014852 ], [ 92.1517894, 21.2014536 ], [ 92.151748, 21.2014545 ], [ 92.1517489, 21.2014862 ] ] ] } },
{ "type": "Feature", "properties": { "osm_id": 555454570, "tag_value": "yes" }, "geometry": { "type": "Polygon", "coordinates": [ [ [ 92.1517388, 21.2014377 ], [ 92.1517856, 21.2014393 ], [ 92.151787, 21.2014022 ], [ 92.1517403, 21.2014007 ], [ 92.1517388, 21.2014377 ] ] ] } },
{ "type": "Feature", "properties": { "osm_id": 555454571, "tag_value": "yes" }, "geometry": { "type": "Polygon", "coordinates": [ [ [ 92.151788, 21.2014039 ], [ 92.1517866, 21.2014405 ], [ 92.1518294, 21.2014419 ], [ 92.1518308, 21.2014053 ], [ 92.151788, 21.2014039 ] ] ] } },
{ "type": "Feature", "properties": { "osm_id": 555454572, "tag_value": "yes" }, "geometry": { "type": "Polygon", "coordinates": [ [ [ 92.1516149, 21.2015083 ], [ 92.1516261, 21.2015046 ], [ 92.1516215, 21.2014923 ], [ 92.1516103, 21.201496 ], [ 92.1516149, 21.2015083 ] ] ] } },
{ "type": "Feature", "properties": { "osm_id": 555454573, "tag_value": "yes" }, "geometry": { "type": "Polygon", "coordinates": [ [ [ 92.1516766, 21.2013948 ], [ 92.1516901, 21.2013956 ], [ 92.1516912, 21.2013806 ], [ 92.1516777, 21.2013797 ], [ 92.1516766, 21.2013948 ] ] ] } },
{ "type": "Feature", "properties": { "osm_id": 555454574, "tag_value": "yes" }, "geometry": { "type": "Polygon", "coordinates": [ [ [ 92.1515849, 21.2014352 ], [ 92.1516231, 21.2014281 ], [ 92.1516072, 21.2013532 ], [ 92.151569, 21.2013603 ], [ 92.1515849, 21.2014352 ] ] ] } },
{ "type": "Feature", "properties": { "osm_id": 555456553, "tag_value": "yes" }, "geometry": { "type": "Polygon", "coordinates": [ [ [ 92.1491784, 21.1999967 ], [ 92.1491793, 21.199964 ], [ 92.1492252, 21.199965 ], [ 92.1492243, 21.1999978 ], [ 92.1491784, 21.1999967 ] ] ] } },
{ "type": "Feature", "properties": { "osm_id": 555456554, "tag_value": "yes" }, "geometry": { "type": "Polygon", "coordinates": [ [ [ 92.149179, 21.1999328 ], [ 92.1491899, 21.1999082 ], [ 92.1492304, 21.1999236 ], [ 92.1492196, 21.1999483 ], [ 92.149179, 21.1999328 ] ] ] } },
{ "type": "Feature", "properties": { "osm_id": 555457425, "tag_value": "yes" }, "geometry": { "type": "Polygon", "coordinates": [ [ [ 92.1492608, 21.1999543 ], [ 92.1492614, 21.1999218 ], [ 92.1492866, 21.1999222 ], [ 92.149286, 21.1999547 ], [ 92.1492608, 21.1999543 ] ] ] } },
{ "type": "Feature", "properties": { "osm_id": 555457427, "tag_value": "yes" }, "geometry": { "type": "Polygon", "coordinates": [ [ [ 92.1493261, 21.2000238 ], [ 92.1493173, 21.1999964 ], [ 92.1493602, 21.1999845 ], [ 92.1493689, 21.200012 ], [ 92.1493261, 21.2000238 ] ] ] } },
{ "type": "Feature", "properties": { "osm_id": 555457428, "tag_value": "yes" }, "geometry": { "type": "Polygon", "coordinates": [ [ [ 92.1492762, 21.2000403 ], [ 92.1492592, 21.2000112 ], [ 92.1492956, 21.1999926 ], [ 92.1493127, 21.2000217 ], [ 92.1492762, 21.2000403 ] ] ] } },
{ "type": "Feature", "properties": { "osm_id": 555457430, "tag_value": "yes" }, "geometry": { "type": "Polygon", "coordinates": [ [ [ 92.1492153, 21.2000977 ], [ 92.1492068, 21.200064 ], [ 92.1492362, 21.2000576 ], [ 92.1492447, 21.2000912 ], [ 92.1492153, 21.2000977 ] ] ] } },
{ "type": "Feature", "properties": { "osm_id": 555457432, "tag_value": "yes" }, "geometry": { "type": "Polygon", "coordinates": [ [ [ 92.1493041, 21.1999578 ], [ 92.1493019, 21.1999209 ], [ 92.1493291, 21.1999194 ], [ 92.1493313, 21.1999564 ], [ 92.1493041, 21.1999578 ] ] ] } },
{ "type": "Feature", "properties": { "osm_id": 555457434, "tag_value": "yes" }, "geometry": { "type": "Polygon", "coordinates": [ [ [ 92.1493835, 21.1999667 ], [ 92.1493875, 21.1999328 ], [ 92.1494271, 21.1999369 ], [ 92.1494231, 21.1999708 ], [ 92.1493835, 21.1999667 ] ] ] } },
{ "type": "Feature", "properties": { "osm_id": 555457939, "tag_value": "yes" }, "geometry": { "type": "Polygon", "coordinates": [ [ [ 92.1491792, 21.2000709 ], [ 92.1491888, 21.200106 ], [ 92.149213, 21.2001001 ], [ 92.1492034, 21.2000651 ], [ 92.1491792, 21.2000709 ] ] ] } },
{ "type": "Feature", "properties": { "osm_id": 555457940, "tag_value": "yes" }, "geometry": { "type": "Polygon", "coordinates": [ [ [ 92.1491576, 21.2001158 ], [ 92.1491472, 21.2000796 ], [ 92.1491762, 21.2000724 ], [ 92.1491865, 21.2001086 ], [ 92.1491576, 21.2001158 ] ] ] } },
{ "type": "Feature", "properties": { "osm_id": 555460066, "tag_value": "yes" }, "geometry": { "type": "Polygon", "coordinates": [ [ [ 92.1499602, 21.2004218 ], [ 92.1499597, 21.2004095 ], [ 92.1499754, 21.2004089 ], [ 92.1499759, 21.2004213 ], [ 92.1499602, 21.2004218 ] ] ] } },
{ "type": "Feature", "properties": { "osm_id": 555460126, "tag_value": "yes" }, "geometry": { "type": "Polygon", "coordinates": [ [ [ 92.1512166, 21.202048 ], [ 92.1511903, 21.2019933 ], [ 92.1512337, 21.2019743 ], [ 92.1512623, 21.202027 ], [ 92.1512166, 21.202048 ] ] ] } },
{ "type": "Feature", "properties": { "osm_id": 555460320, "tag_value": "yes" }, "geometry": { "type": "Polygon", "coordinates": [ [ [ 92.1512556, 21.2019834 ], [ 92.1512895, 21.2020208 ], [ 92.151318, 21.2019983 ], [ 92.1512841, 21.201961 ], [ 92.1512556, 21.2019834 ] ] ] } },
{ "type": "Feature", "properties": { "osm_id": 555460321, "tag_value": "yes" }, "geometry": { "type": "Polygon", "coordinates": [ [ [ 92.1513276, 21.2019435 ], [ 92.1513706, 21.2019183 ], [ 92.1513449, 21.2018797 ], [ 92.1513019, 21.2019036 ], [ 92.1513276, 21.2019435 ] ] ] } },
{ "type": "Feature", "properties": { "osm_id": 555460322, "tag_value": "yes" }, "geometry": { "type": "Polygon", "coordinates": [ [ [ 92.1513449, 21.2018797 ], [ 92.151326, 21.2018519 ], [ 92.1512849, 21.2018744 ], [ 92.1513019, 21.2019036 ], [ 92.1513449, 21.2018797 ] ] ] } },
{ "type": "Feature", "properties": { "osm_id": 555460323, "tag_value": "yes" }, "geometry": { "type": "Polygon", "coordinates": [ [ [ 92.151326, 21.2018519 ], [ 92.1513025, 21.2018146 ], [ 92.1512614, 21.2018371 ], [ 92.1512849, 21.2018744 ], [ 92.151326, 21.2018519 ] ] ] } },
{ "type": "Feature", "properties": { "osm_id": 555460324, "tag_value": "yes" }, "geometry": { "type": "Polygon", "coordinates": [ [ [ 92.1513912, 21.2017692 ], [ 92.1515337, 21.2017637 ], [ 92.15153, 21.2016803 ], [ 92.1514909, 21.2016792 ], [ 92.1513856, 21.2016878 ], [ 92.1513912, 21.2017692 ] ] ] } },
{ "type": "Feature", "properties": { "osm_id": 555460325, "tag_value": "yes" }, "geometry": { "type": "Polygon", "coordinates": [ [ [ 92.1515417, 21.2017354 ], [ 92.151592, 21.2017369 ], [ 92.151594, 21.2016998 ], [ 92.1515434, 21.201697 ], [ 92.1515417, 21.2017354 ] ] ] } },
{ "type": "Feature", "properties": { "osm_id": 555460326, "tag_value": "yes" }, "geometry": { "type": "Polygon", "coordinates": [ [ [ 92.151592, 21.2017369 ], [ 92.1516457, 21.2017385 ], [ 92.1516475, 21.2017031 ], [ 92.151594, 21.2016998 ], [ 92.151592, 21.2017369 ] ] ] } },
{ "type": "Feature", "properties": { "osm_id": 555461171, "tag_value": "yes" }, "geometry": { "type": "Polygon", "coordinates": [ [ [ 92.1513856, 21.2016878 ], [ 92.1513756, 21.2015814 ], [ 92.1514808, 21.2015728 ], [ 92.1514909, 21.2016792 ], [ 92.1513856, 21.2016878 ] ] ] } },
{ "type": "Feature", "properties": { "osm_id": 555461172, "tag_value": "yes" }, "geometry": { "type": "Polygon", "coordinates": [ [ [ 92.1512754, 21.2015176 ], [ 92.1513142, 21.2015374 ], [ 92.1513365, 21.2014995 ], [ 92.1512977, 21.2014797 ], [ 92.1512754, 21.2015176 ] ] ] } },
{ "type": "Feature", "properties": { "osm_id": 555461174, "tag_value": "yes" }, "geometry": { "type": "Polygon", "coordinates": [ [ [ 92.1514807, 21.2015297 ], [ 92.151537, 21.2015305 ], [ 92.1515376, 21.2014963 ], [ 92.1514813, 21.2014954 ], [ 92.1514807, 21.2015297 ] ] ] } },
{ "type": "Feature", "properties": { "osm_id": 555461176, "tag_value": "yes" }, "geometry": { "type": "Polygon", "coordinates": [ [ [ 92.1514969, 21.2014676 ], [ 92.1515455, 21.2014667 ], [ 92.1515449, 21.2014384 ], [ 92.1514963, 21.2014393 ], [ 92.1514969, 21.2014676 ] ] ] } },
{ "type": "Feature", "properties": { "osm_id": 555461177, "tag_value": "yes" }, "geometry": { "type": "Polygon", "coordinates": [ [ [ 92.151512, 21.20142 ], [ 92.1515566, 21.2014145 ], [ 92.1515522, 21.2013833 ], [ 92.1515079, 21.2013882 ], [ 92.151512, 21.20142 ] ] ] } },
{ "type": "Feature", "properties": { "osm_id": 555461179, "tag_value": "yes" }, "geometry": { "type": "Polygon", "coordinates": [ [ [ 92.151512, 21.20142 ], [ 92.151467, 21.201425 ], [ 92.151463, 21.2013931 ], [ 92.1515079, 21.2013882 ], [ 92.151512, 21.20142 ] ] ] } },
{ "type": "Feature", "properties": { "osm_id": 555461181, "tag_value": "yes" }, "geometry": { "type": "Polygon", "coordinates": [ [ [ 92.1514236, 21.2014279 ], [ 92.1514468, 21.2013857 ], [ 92.1514123, 21.2013692 ], [ 92.1513891, 21.2014115 ], [ 92.1514236, 21.2014279 ] ] ] } },
{ "type": "Feature", "properties": { "osm_id": 555461182, "tag_value": "yes" }, "geometry": { "type": "Polygon", "coordinates": [ [ [ 92.151287, 21.2014284 ], [ 92.1513415, 21.2014111 ], [ 92.1513303, 21.2013803 ], [ 92.1512758, 21.2013977 ], [ 92.151287, 21.2014284 ] ] ] } },
{ "type": "Feature", "properties": { "osm_id": 555461184, "tag_value": "yes" }, "geometry": { "type": "Polygon", "coordinates": [ [ [ 92.1513605, 21.201417 ], [ 92.1513757, 21.2014164 ], [ 92.1513752, 21.2014028 ], [ 92.15136, 21.2014033 ], [ 92.1513605, 21.201417 ] ] ] } },
{ "type": "Feature", "properties": { "osm_id": 555461591, "tag_value": "yes" }, "geometry": { "type": "Polygon", "coordinates": [ [ [ 92.1519311, 21.2017535 ], [ 92.1519721, 21.2017312 ], [ 92.1519404, 21.2016806 ], [ 92.1518994, 21.2017029 ], [ 92.1519311, 21.2017535 ] ] ] } },
{ "type": "Feature", "properties": { "osm_id": 555461592, "tag_value": "yes" }, "geometry": { "type": "Polygon", "coordinates": [ [ [ 92.151745, 21.2019811 ], [ 92.1518087, 21.2020042 ], [ 92.1518248, 21.2019656 ], [ 92.1517611, 21.2019425 ], [ 92.151745, 21.2019811 ] ] ] } },
{ "type": "Feature", "properties": { "osm_id": 555461593, "tag_value": "yes" }, "geometry": { "type": "Polygon", "coordinates": [ [ [ 92.1517685, 21.2019001 ], [ 92.1518155, 21.2019121 ], [ 92.1518227, 21.2018876 ], [ 92.1517757, 21.2018756 ], [ 92.1517685, 21.2019001 ] ] ] } },
{ "type": "Feature", "properties": { "osm_id": 555461594, "tag_value": "yes" }, "geometry": { "type": "Polygon", "coordinates": [ [ [ 92.1517497, 21.2018254 ], [ 92.1518061, 21.2018397 ], [ 92.1518158, 21.2018063 ], [ 92.1517594, 21.201792 ], [ 92.1517497, 21.2018254 ] ] ] } },
{ "type": "Feature", "properties": { "osm_id": 555461595, "tag_value": "yes" }, "geometry": { "type": "Polygon", "coordinates": [ [ [ 92.1516301, 21.2018413 ], [ 92.1516493, 21.2018422 ], [ 92.1516501, 21.2018247 ], [ 92.151631, 21.2018239 ], [ 92.1516301, 21.2018413 ] ] ] } },
{ "type": "Feature", "properties": { "osm_id": 555461596, "tag_value": "yes" }, "geometry": { "type": "Polygon", "coordinates": [ [ [ 92.1516457, 21.2017385 ], [ 92.1516808, 21.2017401 ], [ 92.1516829, 21.2017048 ], [ 92.1516475, 21.2017031 ], [ 92.1516457, 21.2017385 ] ] ] } },
{ "type": "Feature", "properties": { "osm_id": 555461597, "tag_value": "yes" }, "geometry": { "type": "Polygon", "coordinates": [ [ [ 92.1516808, 21.2017401 ], [ 92.1517239, 21.2017426 ], [ 92.1517261, 21.2017067 ], [ 92.1516829, 21.2017048 ], [ 92.1516808, 21.2017401 ] ] ] } },
{ "type": "Feature", "properties": { "osm_id": 555461598, "tag_value": "yes" }, "geometry": { "type": "Polygon", "coordinates": [ [ [ 92.1517239, 21.2017426 ], [ 92.1517757, 21.2017452 ], [ 92.1517787, 21.2017105 ], [ 92.1517261, 21.2017067 ], [ 92.1517239, 21.2017426 ] ] ] } },
{ "type": "Feature", "properties": { "osm_id": 555461599, "tag_value": "yes" }, "geometry": { "type": "Polygon", "coordinates": [ [ [ 92.1517757, 21.2017452 ], [ 92.1518114, 21.2017479 ], [ 92.1518143, 21.2017132 ], [ 92.1517787, 21.2017105 ], [ 92.1517757, 21.2017452 ] ] ] } },
{ "type": "Feature", "properties": { "osm_id": 555461629, "tag_value": "yes" }, "geometry": { "type": "Polygon", "coordinates": [ [ [ 92.151265, 21.2013479 ], [ 92.1512644, 21.2013073 ], [ 92.1512983, 21.2013069 ], [ 92.1512988, 21.2013475 ], [ 92.151265, 21.2013479 ] ] ] } },
{ "type": "Feature", "properties": { "osm_id": 555461632, "tag_value": "yes" }, "geometry": { "type": "Polygon", "coordinates": [ [ [ 92.1512622, 21.2012824 ], [ 92.1512527, 21.2012475 ], [ 92.1512808, 21.2012409 ], [ 92.1512902, 21.2012758 ], [ 92.1512622, 21.2012824 ] ] ] } },
{ "type": "Feature", "properties": { "osm_id": 555461635, "tag_value": "yes" }, "geometry": { "type": "Polygon", "coordinates": [ [ [ 92.151342, 21.2012976 ], [ 92.1513542, 21.2012615 ], [ 92.1513869, 21.2012711 ], [ 92.1513747, 21.2013072 ], [ 92.151342, 21.2012976 ] ] ] } },
{ "type": "Feature", "properties": { "osm_id": 555461639, "tag_value": "yes" }, "geometry": { "type": "Polygon", "coordinates": [ [ [ 92.1514028, 21.2013413 ], [ 92.1514231, 21.2013041 ], [ 92.1514591, 21.201321 ], [ 92.1514388, 21.2013583 ], [ 92.1514028, 21.2013413 ] ] ] } },
{ "type": "Feature", "properties": { "osm_id": 555461642, "tag_value": "yes" }, "geometry": { "type": "Polygon", "coordinates": [ [ [ 92.1514295, 21.2012884 ], [ 92.1514615, 21.2012589 ], [ 92.1514888, 21.2012849 ], [ 92.1514569, 21.2013142 ], [ 92.1514295, 21.2012884 ] ] ] } },
{ "type": "Feature", "properties": { "osm_id": 555461644, "tag_value": "yes" }, "geometry": { "type": "Polygon", "coordinates": [ [ [ 92.1514927, 21.2012824 ], [ 92.1514826, 21.2012484 ], [ 92.1515545, 21.2012298 ], [ 92.1515646, 21.2012639 ], [ 92.1514927, 21.2012824 ] ] ] } },
{ "type": "Feature", "properties": { "osm_id": 555461646, "tag_value": "yes" }, "geometry": { "type": "Polygon", "coordinates": [ [ [ 92.1514002, 21.2012556 ], [ 92.1513839, 21.2012243 ], [ 92.1514284, 21.2012042 ], [ 92.151443, 21.2012283 ], [ 92.1514447, 21.2012355 ], [ 92.1514002, 21.2012556 ] ] ] } },
{ "type": "Feature", "properties": { "osm_id": 555461648, "tag_value": "yes" }, "geometry": { "type": "Polygon", "coordinates": [ [ [ 92.1514464, 21.2012264 ], [ 92.1514387, 21.2011866 ], [ 92.151524, 21.2011723 ], [ 92.1515317, 21.2012121 ], [ 92.1514464, 21.2012264 ] ] ] } },
{ "type": "Feature", "properties": { "osm_id": 555461650, "tag_value": "yes" }, "geometry": { "type": "Polygon", "coordinates": [ [ [ 92.1513225, 21.2010767 ], [ 92.15132, 21.201057 ], [ 92.1513682, 21.2010515 ], [ 92.1513707, 21.2010712 ], [ 92.1513225, 21.2010767 ] ] ] } },
{ "type": "Feature", "properties": { "osm_id": 555462016, "tag_value": "yes" }, "geometry": { "type": "Polygon", "coordinates": [ [ [ 92.1512522, 21.2010516 ], [ 92.151343, 21.2010461 ], [ 92.151341, 21.2010177 ], [ 92.1512503, 21.2010231 ], [ 92.1512522, 21.2010516 ] ] ] } },
{ "type": "Feature", "properties": { "osm_id": 555462019, "tag_value": "yes" }, "geometry": { "type": "Polygon", "coordinates": [ [ [ 92.1514127, 21.2010473 ], [ 92.1514144, 21.2010086 ], [ 92.15145, 21.20101 ], [ 92.1514483, 21.2010487 ], [ 92.1514127, 21.2010473 ] ] ] } },
{ "type": "Feature", "properties": { "osm_id": 555462023, "tag_value": "yes" }, "geometry": { "type": "Polygon", "coordinates": [ [ [ 92.1513213, 21.2009942 ], [ 92.1513197, 21.2009357 ], [ 92.1513623, 21.2009346 ], [ 92.1513639, 21.2009931 ], [ 92.1513213, 21.2009942 ] ] ] } },
{ "type": "Feature", "properties": { "osm_id": 555462025, "tag_value": "yes" }, "geometry": { "type": "Polygon", "coordinates": [ [ [ 92.1512457, 21.2009257 ], [ 92.1512425, 21.2009035 ], [ 92.1512685, 21.2009003 ], [ 92.1512717, 21.2009225 ], [ 92.1512457, 21.2009257 ] ] ] } },
{ "type": "Feature", "properties": { "osm_id": 555462027, "tag_value": "yes" }, "geometry": { "type": "Polygon", "coordinates": [ [ [ 92.151281, 21.2009295 ], [ 92.1512802, 21.2008631 ], [ 92.1513174, 21.2008627 ], [ 92.1513183, 21.2009291 ], [ 92.151281, 21.2009295 ] ] ] } },
{ "type": "Feature", "properties": { "osm_id": 555462029, "tag_value": "yes" }, "geometry": { "type": "Polygon", "coordinates": [ [ [ 92.1513233, 21.2009295 ], [ 92.1513236, 21.2008606 ], [ 92.1513703, 21.2008608 ], [ 92.15137, 21.2009297 ], [ 92.1513233, 21.2009295 ] ] ] } },
{ "type": "Feature", "properties": { "osm_id": 555462030, "tag_value": "yes" }, "geometry": { "type": "Polygon", "coordinates": [ [ [ 92.1513736, 21.200968 ], [ 92.1513741, 21.2009336 ], [ 92.1514378, 21.2009343 ], [ 92.1514374, 21.2009688 ], [ 92.1513736, 21.200968 ] ] ] } },
{ "type": "Feature", "properties": { "osm_id": 555462036, "tag_value": "yes" }, "geometry": { "type": "Polygon", "coordinates": [ [ [ 92.1514438, 21.2009822 ], [ 92.1515369, 21.2009831 ], [ 92.1515374, 21.2009372 ], [ 92.1514443, 21.2009364 ], [ 92.1514438, 21.2009822 ] ] ] } },
{ "type": "Feature", "properties": { "osm_id": 555462040, "tag_value": "yes" }, "geometry": { "type": "Polygon", "coordinates": [ [ [ 92.1515402, 21.2010062 ], [ 92.1515404, 21.2009914 ], [ 92.1515575, 21.2009915 ], [ 92.1515575, 21.2010063 ], [ 92.1515402, 21.2010062 ] ] ] } },
{ "type": "Feature", "properties": { "osm_id": 555462357, "tag_value": "yes" }, "geometry": { "type": "Polygon", "coordinates": [ [ [ 92.1495672, 21.2004099 ], [ 92.1495818, 21.200363 ], [ 92.149625, 21.2003747 ], [ 92.1496104, 21.2004216 ], [ 92.1495672, 21.2004099 ] ] ] } },
{ "type": "Feature", "properties": { "osm_id": 555462358, "tag_value": "yes" }, "geometry": { "type": "Polygon", "coordinates": [ [ [ 92.1496286, 21.2004275 ], [ 92.149639, 21.2003908 ], [ 92.1496797, 21.2004008 ], [ 92.1496694, 21.2004375 ], [ 92.1496286, 21.2004275 ] ] ] } },
{ "type": "Feature", "properties": { "osm_id": 555462359, "tag_value": "yes" }, "geometry": { "type": "Polygon", "coordinates": [ [ [ 92.1496489, 21.2003643 ], [ 92.1496536, 21.2003227 ], [ 92.1496878, 21.2003254 ], [ 92.1496805, 21.2003698 ], [ 92.1496489, 21.2003643 ] ] ] } },
{ "type": "Feature", "properties": { "osm_id": 555462360, "tag_value": "yes" }, "geometry": { "type": "Polygon", "coordinates": [ [ [ 92.1496805, 21.2003698 ], [ 92.1496878, 21.2003254 ], [ 92.1497212, 21.2003324 ], [ 92.1497085, 21.2003764 ], [ 92.1496805, 21.2003698 ] ] ] } },
{ "type": "Feature", "properties": { "osm_id": 555462361, "tag_value": "yes" }, "geometry": { "type": "Polygon", "coordinates": [ [ [ 92.1497085, 21.2003764 ], [ 92.1497378, 21.2003843 ], [ 92.1497497, 21.2003379 ], [ 92.1497212, 21.2003324 ], [ 92.1497085, 21.2003764 ] ] ] } },
{ "type": "Feature", "properties": { "osm_id": 555462362, "tag_value": "yes" }, "geometry": { "type": "Polygon", "coordinates": [ [ [ 92.1497378, 21.2003843 ], [ 92.1497735, 21.2003923 ], [ 92.1497855, 21.2003459 ], [ 92.1497497, 21.2003379 ], [ 92.1497378, 21.2003843 ] ] ] } },
{ "type": "Feature", "properties": { "osm_id": 555462363, "tag_value": "yes" }, "geometry": { "type": "Polygon", "coordinates": [ [ [ 92.1498133, 21.2004037 ], [ 92.1498352, 21.200428 ], [ 92.1498681, 21.2004023 ], [ 92.1498462, 21.200378 ], [ 92.1498133, 21.2004037 ] ] ] } },
{ "type": "Feature", "properties": { "osm_id": 555462364, "tag_value": "yes" }, "geometry": { "type": "Polygon", "coordinates": [ [ [ 92.1496013, 21.2002102 ], [ 92.1496295, 21.2001796 ], [ 92.1496598, 21.2002056 ], [ 92.1496301, 21.2002345 ], [ 92.1496013, 21.2002102 ] ] ] } },
{ "type": "Feature", "properties": { "osm_id": 555462365, "tag_value": "yes" }, "geometry": { "type": "Polygon", "coordinates": [ [ [ 92.1496301, 21.2002345 ], [ 92.1496477, 21.2002502 ], [ 92.1496774, 21.2002213 ], [ 92.1496598, 21.2002056 ], [ 92.1496301, 21.2002345 ] ] ] } },
{ "type": "Feature", "properties": { "osm_id": 555462366, "tag_value": "yes" }, "geometry": { "type": "Polygon", "coordinates": [ [ [ 92.1497158, 21.2002406 ], [ 92.1497278, 21.2002173 ], [ 92.1497556, 21.2002298 ], [ 92.1497436, 21.200253 ], [ 92.1497158, 21.2002406 ] ] ] } },
{ "type": "Feature", "properties": { "osm_id": 555462878, "tag_value": "yes" }, "geometry": { "type": "Polygon", "coordinates": [ [ [ 92.1490015, 21.2003082 ], [ 92.1490297, 21.2003135 ], [ 92.1490224, 21.2003477 ], [ 92.1489941, 21.2003424 ], [ 92.1490015, 21.2003082 ] ] ] } },
{ "type": "Feature", "properties": { "osm_id": 555462879, "tag_value": "yes" }, "geometry": { "type": "Polygon", "coordinates": [ [ [ 92.1490318, 21.2003468 ], [ 92.149038, 21.2003209 ], [ 92.1490564, 21.2003247 ], [ 92.1490502, 21.2003506 ], [ 92.1490318, 21.2003468 ] ] ] } },
{ "type": "Feature", "properties": { "osm_id": 555462880, "tag_value": "yes" }, "geometry": { "type": "Polygon", "coordinates": [ [ [ 92.1490635, 21.200325 ], [ 92.1490562, 21.2003587 ], [ 92.1490909, 21.2003653 ], [ 92.1490982, 21.2003316 ], [ 92.1490635, 21.200325 ] ] ] } },
{ "type": "Feature", "properties": { "osm_id": 555462881, "tag_value": "yes" }, "geometry": { "type": "Polygon", "coordinates": [ [ [ 92.1491161, 21.2003635 ], [ 92.1491171, 21.2003351 ], [ 92.1491587, 21.2003363 ], [ 92.1491577, 21.2003648 ], [ 92.1491161, 21.2003635 ] ] ] } },
{ "type": "Feature", "properties": { "osm_id": 555462882, "tag_value": "yes" }, "geometry": { "type": "Polygon", "coordinates": [ [ [ 92.1491905, 21.2003687 ], [ 92.1491625, 21.2003623 ], [ 92.1491676, 21.2003432 ], [ 92.1491956, 21.2003496 ], [ 92.1491926, 21.2003609 ], [ 92.1491905, 21.2003687 ] ] ] } },
{ "type": "Feature", "properties": { "osm_id": 555462887, "tag_value": "yes" }, "geometry": { "type": "Polygon", "coordinates": [ [ [ 92.1489886, 21.2002694 ], [ 92.148994, 21.2002327 ], [ 92.1490247, 21.2002366 ], [ 92.1490193, 21.2002733 ], [ 92.1489886, 21.2002694 ] ] ] } },
{ "type": "Feature", "properties": { "osm_id": 555462888, "tag_value": "yes" }, "geometry": { "type": "Polygon", "coordinates": [ [ [ 92.1490266, 21.2002791 ], [ 92.1490289, 21.2002429 ], [ 92.149059, 21.2002446 ], [ 92.1490567, 21.2002807 ], [ 92.1490295, 21.2002792 ], [ 92.1490266, 21.2002791 ] ] ] } },
{ "type": "Feature", "properties": { "osm_id": 555462891, "tag_value": "yes" }, "geometry": { "type": "Polygon", "coordinates": [ [ [ 92.149075, 21.2002524 ], [ 92.1491455, 21.2002741 ], [ 92.1491343, 21.2003058 ], [ 92.1490991, 21.200295 ], [ 92.1490638, 21.2002842 ], [ 92.149075, 21.2002524 ] ] ] } },
{ "type": "Feature", "properties": { "osm_id": 555462893, "tag_value": "yes" }, "geometry": { "type": "Polygon", "coordinates": [ [ [ 92.149155, 21.2002601 ], [ 92.1491499, 21.2002882 ], [ 92.1491892, 21.2002944 ], [ 92.1491943, 21.2002663 ], [ 92.149155, 21.2002601 ] ] ] } },
{ "type": "Feature", "properties": { "osm_id": 555462895, "tag_value": "yes" }, "geometry": { "type": "Polygon", "coordinates": [ [ [ 92.1490732, 21.2002475 ], [ 92.1490761, 21.2002128 ], [ 92.149111, 21.2002154 ], [ 92.1491081, 21.2002501 ], [ 92.1490732, 21.2002475 ] ] ] } },
{ "type": "Feature", "properties": { "osm_id": 555462897, "tag_value": "yes" }, "geometry": { "type": "Polygon", "coordinates": [ [ [ 92.1491652, 21.200238 ], [ 92.1491667, 21.2002023 ], [ 92.1491941, 21.2002033 ], [ 92.1491926, 21.200239 ], [ 92.1491652, 21.200238 ] ] ] } },
{ "type": "Feature", "properties": { "osm_id": 555462978, "tag_value": "yes" }, "geometry": { "type": "Polygon", "coordinates": [ [ [ 92.1491947, 21.2003844 ], [ 92.1491985, 21.2003596 ], [ 92.1492289, 21.2003636 ], [ 92.1492251, 21.2003884 ], [ 92.1491947, 21.2003844 ] ] ] } },
{ "type": "Feature", "properties": { "osm_id": 555462979, "tag_value": "yes" }, "geometry": { "type": "Polygon", "coordinates": [ [ [ 92.1492286, 21.2004099 ], [ 92.1492372, 21.200369 ], [ 92.1492684, 21.2003747 ], [ 92.1492663, 21.2003891 ], [ 92.1492583, 21.2004182 ], [ 92.1492286, 21.2004099 ] ] ] } },
{ "type": "Feature", "properties": { "osm_id": 555462980, "tag_value": "yes" }, "geometry": { "type": "Polygon", "coordinates": [ [ [ 92.1492583, 21.2004182 ], [ 92.1492663, 21.2003891 ], [ 92.1493013, 21.2003809 ], [ 92.1492927, 21.2004223 ], [ 92.1492934, 21.2004175 ], [ 92.1492583, 21.2004182 ] ] ] } },
{ "type": "Feature", "properties": { "osm_id": 555462981, "tag_value": "yes" }, "geometry": { "type": "Polygon", "coordinates": [ [ [ 92.1492927, 21.2004223 ], [ 92.1493436, 21.200425 ], [ 92.1493522, 21.2003957 ], [ 92.1493027, 21.200383 ], [ 92.1492927, 21.2004223 ] ] ] } },
{ "type": "Feature", "properties": { "osm_id": 555462982, "tag_value": "yes" }, "geometry": { "type": "Polygon", "coordinates": [ [ [ 92.1493474, 21.2004348 ], [ 92.1493636, 21.2003954 ], [ 92.1493965, 21.2004071 ], [ 92.1493803, 21.2004465 ], [ 92.1493474, 21.2004348 ] ] ] } },
{ "type": "Feature", "properties": { "osm_id": 555462983, "tag_value": "yes" }, "geometry": { "type": "Polygon", "coordinates": [ [ [ 92.1494238, 21.2004789 ], [ 92.1494363, 21.2004441 ], [ 92.1494676, 21.2004538 ], [ 92.1494551, 21.2004886 ], [ 92.1494238, 21.2004789 ] ] ] } },
{ "type": "Feature", "properties": { "osm_id": 555462984, "tag_value": "yes" }, "geometry": { "type": "Polygon", "coordinates": [ [ [ 92.1491986, 21.2003073 ], [ 92.1492055, 21.2002686 ], [ 92.1492371, 21.2002735 ], [ 92.1492303, 21.2003121 ], [ 92.1491986, 21.2003073 ] ] ] } },
{ "type": "Feature", "properties": { "osm_id": 555462985, "tag_value": "yes" }, "geometry": { "type": "Polygon", "coordinates": [ [ [ 92.1492337, 21.2003292 ], [ 92.1492401, 21.2002874 ], [ 92.1492735, 21.2002923 ], [ 92.1492667, 21.2003336 ], [ 92.1492337, 21.2003292 ] ] ] } },
{ "type": "Feature", "properties": { "osm_id": 555462986, "tag_value": "yes" }, "geometry": { "type": "Polygon", "coordinates": [ [ [ 92.1492401, 21.2002874 ], [ 92.149244, 21.2002644 ], [ 92.1492774, 21.2002693 ], [ 92.1492735, 21.2002923 ], [ 92.1492401, 21.2002874 ] ] ] } },
{ "type": "Feature", "properties": { "osm_id": 555462987, "tag_value": "yes" }, "geometry": { "type": "Polygon", "coordinates": [ [ [ 92.1492706, 21.2003346 ], [ 92.1492733, 21.2003067 ], [ 92.1493231, 21.2003109 ], [ 92.1493203, 21.2003388 ], [ 92.1492706, 21.2003346 ] ] ] } },
{ "type": "Feature", "properties": { "osm_id": 555462988, "tag_value": "yes" }, "geometry": { "type": "Polygon", "coordinates": [ [ [ 92.1493229, 21.2003412 ], [ 92.1493279, 21.2003026 ], [ 92.1493621, 21.2003074 ], [ 92.1493547, 21.200346 ], [ 92.1493229, 21.2003412 ] ] ] } },
{ "type": "Feature", "properties": { "osm_id": 555462989, "tag_value": "yes" }, "geometry": { "type": "Polygon", "coordinates": [ [ [ 92.1493547, 21.200346 ], [ 92.1493621, 21.2003074 ], [ 92.149397, 21.2003138 ], [ 92.1493873, 21.2003528 ], [ 92.1493547, 21.200346 ] ] ] } },
{ "type": "Feature", "properties": { "osm_id": 555462990, "tag_value": "yes" }, "geometry": { "type": "Polygon", "coordinates": [ [ [ 92.1493873, 21.2003528 ], [ 92.1494153, 21.2003589 ], [ 92.149424, 21.2003252 ], [ 92.149425, 21.2003199 ], [ 92.149397, 21.2003138 ], [ 92.1493873, 21.2003528 ] ] ] } },
{ "type": "Feature", "properties": { "osm_id": 555462991, "tag_value": "yes" }, "geometry": { "type": "Polygon", "coordinates": [ [ [ 92.1494197, 21.2003608 ], [ 92.1494506, 21.2003689 ], [ 92.1494617, 21.2003367 ], [ 92.149428, 21.2003283 ], [ 92.1494197, 21.2003608 ] ] ] } },
{ "type": "Feature", "properties": { "osm_id": 555462993, "tag_value": "yes" }, "geometry": { "type": "Polygon", "coordinates": [ [ [ 92.1494992, 21.2003841 ], [ 92.1495352, 21.2004011 ], [ 92.1495486, 21.2003765 ], [ 92.1495126, 21.2003595 ], [ 92.1494992, 21.2003841 ] ] ] } },
{ "type": "Feature", "properties": { "osm_id": 555462994, "tag_value": "yes" }, "geometry": { "type": "Polygon", "coordinates": [ [ [ 92.1494832, 21.2003347 ], [ 92.1494962, 21.2003068 ], [ 92.1495316, 21.2003212 ], [ 92.1495186, 21.2003491 ], [ 92.1494832, 21.2003347 ] ] ] } },
{ "type": "Feature", "properties": { "osm_id": 555462995, "tag_value": "yes" }, "geometry": { "type": "Polygon", "coordinates": [ [ [ 92.149378, 21.2002783 ], [ 92.1493792, 21.2002506 ], [ 92.1494325, 21.2002526 ], [ 92.1494313, 21.2002803 ], [ 92.149378, 21.2002783 ] ] ] } },
{ "type": "Feature", "properties": { "osm_id": 555462996, "tag_value": "yes" }, "geometry": { "type": "Polygon", "coordinates": [ [ [ 92.1492658, 21.2002415 ], [ 92.1492633, 21.2002125 ], [ 92.1493156, 21.2002086 ], [ 92.1493181, 21.2002377 ], [ 92.1492658, 21.2002415 ] ] ] } },
{ "type": "Feature", "properties": { "osm_id": 555464606, "tag_value": "yes" }, "geometry": { "type": "Polygon", "coordinates": [ [ [ 92.1494858, 21.2013159 ], [ 92.1494857, 21.2012845 ], [ 92.149518, 21.2012844 ], [ 92.1495181, 21.2013159 ], [ 92.1494858, 21.2013159 ] ] ] } },
{ "type": "Feature", "properties": { "osm_id": 555464607, "tag_value": "yes" }, "geometry": { "type": "Polygon", "coordinates": [ [ [ 92.1495194, 21.2013144 ], [ 92.1495199, 21.2012847 ], [ 92.1495199, 21.2012824 ], [ 92.1495524, 21.2012828 ], [ 92.1495537, 21.2012828 ], [ 92.1495532, 21.2013149 ], [ 92.1495194, 21.2013144 ] ] ] } },
{ "type": "Feature", "properties": { "osm_id": 555464608, "tag_value": "yes" }, "geometry": { "type": "Polygon", "coordinates": [ [ [ 92.1495059, 21.2013454 ], [ 92.1495093, 21.201395 ], [ 92.1495488, 21.2013926 ], [ 92.1495454, 21.201343 ], [ 92.1495059, 21.2013454 ] ] ] } },
{ "type": "Feature", "properties": { "osm_id": 555464845, "tag_value": "yes" }, "geometry": { "type": "Polygon", "coordinates": [ [ [ 92.1512295, 21.2019477 ], [ 92.1512656, 21.2019317 ], [ 92.1512456, 21.2018925 ], [ 92.1512095, 21.2019085 ], [ 92.1512295, 21.2019477 ] ] ] } },
{ "type": "Feature", "properties": { "osm_id": 555464846, "tag_value": "yes" }, "geometry": { "type": "Polygon", "coordinates": [ [ [ 92.1512143, 21.201886 ], [ 92.1512514, 21.2018704 ], [ 92.1512338, 21.2018342 ], [ 92.1511968, 21.2018498 ], [ 92.1512143, 21.201886 ] ] ] } },
{ "type": "Feature", "properties": { "osm_id": 555464847, "tag_value": "yes" }, "geometry": { "type": "Polygon", "coordinates": [ [ [ 92.151197, 21.201839 ], [ 92.1512496, 21.2018145 ], [ 92.1512342, 21.2017849 ], [ 92.1511812, 21.2018087 ], [ 92.151197, 21.201839 ] ] ] } },
{ "type": "Feature", "properties": { "osm_id": 555464848, "tag_value": "yes" }, "geometry": { "type": "Polygon", "coordinates": [ [ [ 92.1512342, 21.2017849 ], [ 92.1512222, 21.2017572 ], [ 92.1511663, 21.2017799 ], [ 92.1511812, 21.2018087 ], [ 92.1512342, 21.2017849 ] ] ] } },
{ "type": "Feature", "properties": { "osm_id": 555464849, "tag_value": "yes" }, "geometry": { "type": "Polygon", "coordinates": [ [ [ 92.1512222, 21.2017572 ], [ 92.1512001, 21.2017099 ], [ 92.1511597, 21.2017264 ], [ 92.1511443, 21.2017326 ], [ 92.1511663, 21.2017799 ], [ 92.1512222, 21.2017572 ] ] ] } },
{ "type": "Feature", "properties": { "osm_id": 555464850, "tag_value": "yes" }, "geometry": { "type": "Polygon", "coordinates": [ [ [ 92.1512001, 21.2017099 ], [ 92.1511855, 21.201661 ], [ 92.1511404, 21.201668 ], [ 92.1511484, 21.2017059 ], [ 92.1511597, 21.2017264 ], [ 92.1512001, 21.2017099 ] ] ] } },
{ "type": "Feature", "properties": { "osm_id": 555464851, "tag_value": "yes" }, "geometry": { "type": "Polygon", "coordinates": [ [ [ 92.1510955, 21.2018496 ], [ 92.1511386, 21.2018296 ], [ 92.1511186, 21.2017941 ], [ 92.1510772, 21.2018131 ], [ 92.1510955, 21.2018496 ] ] ] } },
{ "type": "Feature", "properties": { "osm_id": 555464852, "tag_value": "yes" }, "geometry": { "type": "Polygon", "coordinates": [ [ [ 92.1511133, 21.2018808 ], [ 92.1511552, 21.2018599 ], [ 92.1511386, 21.2018296 ], [ 92.1510955, 21.2018496 ], [ 92.1511133, 21.2018808 ] ] ] } },
{ "type": "Feature", "properties": { "osm_id": 555464853, "tag_value": "yes" }, "geometry": { "type": "Polygon", "coordinates": [ [ [ 92.1511133, 21.2018808 ], [ 92.1511315, 21.2019133 ], [ 92.1511741, 21.2018917 ], [ 92.1511552, 21.2018599 ], [ 92.1511133, 21.2018808 ] ] ] } },
{ "type": "Feature", "properties": { "osm_id": 555464854, "tag_value": "yes" }, "geometry": { "type": "Polygon", "coordinates": [ [ [ 92.1511315, 21.2019133 ], [ 92.1511497, 21.2019445 ], [ 92.1511923, 21.2019229 ], [ 92.1511741, 21.2018917 ], [ 92.1511315, 21.2019133 ] ] ] } },
{ "type": "Feature", "properties": { "osm_id": 555464855, "tag_value": "yes" }, "geometry": { "type": "Polygon", "coordinates": [ [ [ 92.1510722, 21.2019356 ], [ 92.1510907, 21.201934 ], [ 92.1510878, 21.2019046 ], [ 92.1510693, 21.2019062 ], [ 92.1510722, 21.2019356 ] ] ] } },
{ "type": "Feature", "properties": { "osm_id": 555464856, "tag_value": "yes" }, "geometry": { "type": "Polygon", "coordinates": [ [ [ 92.1510425, 21.2018567 ], [ 92.1510598, 21.201849 ], [ 92.1510379, 21.2018062 ], [ 92.1510205, 21.201814 ], [ 92.1510425, 21.2018567 ] ] ] } },
{ "type": "Feature", "properties": { "osm_id": 555464857, "tag_value": "yes" }, "geometry": { "type": "Polygon", "coordinates": [ [ [ 92.1509526, 21.2018933 ], [ 92.1509697, 21.2018861 ], [ 92.1509593, 21.2018644 ], [ 92.1509422, 21.2018716 ], [ 92.1509526, 21.2018933 ] ] ] } },
{ "type": "Feature", "properties": { "osm_id": 555464858, "tag_value": "yes" }, "geometry": { "type": "Polygon", "coordinates": [ [ [ 92.1510749, 21.2017221 ], [ 92.151115, 21.2017143 ], [ 92.1511067, 21.2016749 ], [ 92.1510656, 21.2016829 ], [ 92.1510749, 21.2017221 ] ] ] } },
{ "type": "Feature", "properties": { "osm_id": 555464859, "tag_value": "yes" }, "geometry": { "type": "Polygon", "coordinates": [ [ [ 92.1511067, 21.2016749 ], [ 92.1511005, 21.201644 ], [ 92.1510646, 21.2016467 ], [ 92.1510581, 21.2016491 ], [ 92.1510656, 21.2016829 ], [ 92.1511067, 21.2016749 ] ] ] } },
{ "type": "Feature", "properties": { "osm_id": 555464860, "tag_value": "yes" }, "geometry": { "type": "Polygon", "coordinates": [ [ [ 92.1511005, 21.201644 ], [ 92.151098, 21.2016147 ], [ 92.151062, 21.2016173 ], [ 92.1510646, 21.2016467 ], [ 92.1511005, 21.201644 ] ] ] } },
{ "type": "Feature", "properties": { "osm_id": 555464862, "tag_value": "yes" }, "geometry": { "type": "Polygon", "coordinates": [ [ [ 92.1510052, 21.2017214 ], [ 92.1510486, 21.201715 ], [ 92.1510438, 21.2016862 ], [ 92.1510011, 21.2016916 ], [ 92.1510052, 21.2017214 ] ] ] } },
{ "type": "Feature", "properties": { "osm_id": 555464863, "tag_value": "yes" }, "geometry": { "type": "Polygon", "coordinates": [ [ [ 92.1510438, 21.2016862 ], [ 92.1510411, 21.2016615 ], [ 92.1509971, 21.201667 ], [ 92.1510011, 21.2016916 ], [ 92.1510438, 21.2016862 ] ] ] } },
{ "type": "Feature", "properties": { "osm_id": 555464864, "tag_value": "yes" }, "geometry": { "type": "Polygon", "coordinates": [ [ [ 92.1510411, 21.2016615 ], [ 92.1510364, 21.2016295 ], [ 92.1509925, 21.2016351 ], [ 92.1509971, 21.201667 ], [ 92.1510411, 21.2016615 ] ] ] } },
{ "type": "Feature", "properties": { "osm_id": 555464865, "tag_value": "yes" }, "geometry": { "type": "Polygon", "coordinates": [ [ [ 92.1510364, 21.2016295 ], [ 92.1510323, 21.2016014 ], [ 92.1509884, 21.201607 ], [ 92.1509925, 21.2016351 ], [ 92.1510364, 21.2016295 ] ] ] } },
{ "type": "Feature", "properties": { "osm_id": 555464867, "tag_value": "yes" }, "geometry": { "type": "Polygon", "coordinates": [ [ [ 92.1509421, 21.2017077 ], [ 92.1509994, 21.2017006 ], [ 92.1509935, 21.2016593 ], [ 92.1509362, 21.2016664 ], [ 92.1509421, 21.2017077 ] ] ] } },
{ "type": "Feature", "properties": { "osm_id": 555465456, "tag_value": "yes" }, "geometry": { "type": "Polygon", "coordinates": [ [ [ 92.1493784, 21.2004612 ], [ 92.1493911, 21.2004342 ], [ 92.1494254, 21.2004481 ], [ 92.1494164, 21.2004673 ], [ 92.1493996, 21.2004698 ], [ 92.1493784, 21.2004612 ] ] ] } },
{ "type": "Feature", "properties": { "osm_id": 555465457, "tag_value": "yes" }, "geometry": { "type": "Polygon", "coordinates": [ [ [ 92.1494443, 21.200438 ], [ 92.1494589, 21.200411 ], [ 92.1494919, 21.2004266 ], [ 92.1494774, 21.2004535 ], [ 92.1494443, 21.200438 ] ] ] } },
{ "type": "Feature", "properties": { "osm_id": 555465458, "tag_value": "yes" }, "geometry": { "type": "Polygon", "coordinates": [ [ [ 92.1495111, 21.2004598 ], [ 92.1495216, 21.2004285 ], [ 92.1495026, 21.2004229 ], [ 92.149492, 21.2004542 ], [ 92.1495111, 21.2004598 ] ] ] } },
{ "type": "Feature", "properties": { "osm_id": 555465459, "tag_value": "yes" }, "geometry": { "type": "Polygon", "coordinates": [ [ [ 92.1495164, 21.200468 ], [ 92.1495339, 21.2004734 ], [ 92.1495449, 21.2004426 ], [ 92.1495275, 21.2004372 ], [ 92.1495164, 21.200468 ] ] ] } },
{ "type": "Feature", "properties": { "osm_id": 555465934, "tag_value": "yes" }, "geometry": { "type": "Polygon", "coordinates": [ [ [ 92.1495518, 21.2004739 ], [ 92.1495813, 21.2004801 ], [ 92.14959, 21.200457 ], [ 92.1495559, 21.2004498 ], [ 92.1495518, 21.2004739 ] ] ] } },
{ "type": "Feature", "properties": { "osm_id": 555465935, "tag_value": "yes" }, "geometry": { "type": "Polygon", "coordinates": [ [ [ 92.1495874, 21.2005014 ], [ 92.1495988, 21.2004733 ], [ 92.1496357, 21.2004858 ], [ 92.1496276, 21.2005145 ], [ 92.1495874, 21.2005014 ] ] ] } },
{ "type": "Feature", "properties": { "osm_id": 555465936, "tag_value": "yes" }, "geometry": { "type": "Polygon", "coordinates": [ [ [ 92.1496206, 21.2005474 ], [ 92.1496499, 21.2005587 ], [ 92.1496627, 21.2005297 ], [ 92.1496335, 21.2005184 ], [ 92.1496206, 21.2005474 ] ] ] } },
{ "type": "Feature", "properties": { "osm_id": 555465937, "tag_value": "yes" }, "geometry": { "type": "Polygon", "coordinates": [ [ [ 92.1496674, 21.2005192 ], [ 92.1496747, 21.2005023 ], [ 92.1496455, 21.2004914 ], [ 92.1496383, 21.2005083 ], [ 92.1496674, 21.2005192 ] ] ] } },
{ "type": "Feature", "properties": { "osm_id": 555465938, "tag_value": "yes" }, "geometry": { "type": "Polygon", "coordinates": [ [ [ 92.1496607, 21.2005692 ], [ 92.1496824, 21.200507 ], [ 92.1497043, 21.2005136 ], [ 92.1496927, 21.2005468 ], [ 92.1497066, 21.2005511 ], [ 92.1496965, 21.2005801 ], [ 92.1496607, 21.2005692 ] ] ] } },
{ "type": "Feature", "properties": { "osm_id": 555465939, "tag_value": "yes" }, "geometry": { "type": "Polygon", "coordinates": [ [ [ 92.1497601, 21.2005635 ], [ 92.1497689, 21.2005325 ], [ 92.1497364, 21.2005246 ], [ 92.1497348, 21.2005305 ], [ 92.1497277, 21.2005555 ], [ 92.1497601, 21.2005635 ] ] ] } },
{ "type": "Feature", "properties": { "osm_id": 555465940, "tag_value": "yes" }, "geometry": { "type": "Polygon", "coordinates": [ [ [ 92.1497676, 21.2006122 ], [ 92.1497811, 21.2005757 ], [ 92.149814, 21.2005862 ], [ 92.1498005, 21.2006228 ], [ 92.1497676, 21.2006122 ] ] ] } },
{ "type": "Feature", "properties": { "osm_id": 555465941, "tag_value": "yes" }, "geometry": { "type": "Polygon", "coordinates": [ [ [ 92.1497564, 21.2004766 ], [ 92.1497436, 21.2004703 ], [ 92.1497544, 21.2004359 ], [ 92.1497657, 21.2004422 ], [ 92.1497564, 21.2004766 ] ] ] } },
{ "type": "Feature", "properties": { "osm_id": 555465942, "tag_value": "yes" }, "geometry": { "type": "Polygon", "coordinates": [ [ [ 92.1497094, 21.2004528 ], [ 92.1497383, 21.2004653 ], [ 92.149749, 21.2004334 ], [ 92.1497222, 21.2004215 ], [ 92.1497094, 21.2004528 ] ] ] } },
{ "type": "Feature", "properties": { "osm_id": 555465943, "tag_value": "yes" }, "geometry": { "type": "Polygon", "coordinates": [ [ [ 92.1496752, 21.2004422 ], [ 92.1496974, 21.2004547 ], [ 92.1497081, 21.2004259 ], [ 92.149686, 21.2004128 ], [ 92.1496752, 21.2004422 ] ] ] } },
{ "type": "Feature", "properties": { "osm_id": 555465944, "tag_value": "yes" }, "geometry": { "type": "Polygon", "coordinates": [ [ [ 92.1498013, 21.2004934 ], [ 92.1498281, 21.2005034 ], [ 92.1498402, 21.2004734 ], [ 92.149816, 21.2004578 ], [ 92.1498013, 21.2004934 ] ] ] } },
{ "type": "Feature", "properties": { "osm_id": 555465945, "tag_value": "yes" }, "geometry": { "type": "Polygon", "coordinates": [ [ [ 92.1498757, 21.2005328 ], [ 92.1498761, 21.2004969 ], [ 92.1499059, 21.2004972 ], [ 92.1499056, 21.2005331 ], [ 92.1498757, 21.2005328 ] ] ] } },
{ "type": "Feature", "properties": { "osm_id": 555465946, "tag_value": "yes" }, "geometry": { "type": "Polygon", "coordinates": [ [ [ 92.1498569, 21.2004547 ], [ 92.1498415, 21.2004297 ], [ 92.1498717, 21.2004053 ], [ 92.1498918, 21.2004334 ], [ 92.1498569, 21.2004547 ] ] ] } },
{ "type": "Feature", "properties": { "osm_id": 555465947, "tag_value": "yes" }, "geometry": { "type": "Polygon", "coordinates": [ [ [ 92.1498737, 21.2004922 ], [ 92.1498724, 21.2004591 ], [ 92.1499059, 21.2004597 ], [ 92.1499025, 21.2004928 ], [ 92.1498737, 21.2004922 ] ] ] } },
{ "type": "Feature", "properties": { "osm_id": 555465948, "tag_value": "yes" }, "geometry": { "type": "Polygon", "coordinates": [ [ [ 92.1498423, 21.2006778 ], [ 92.1498111, 21.2006668 ], [ 92.1498272, 21.2006272 ], [ 92.1498584, 21.2006382 ], [ 92.1498423, 21.2006778 ] ] ] } },
{ "type": "Feature", "properties": { "osm_id": 555465949, "tag_value": "yes" }, "geometry": { "type": "Polygon", "coordinates": [ [ [ 92.1498695, 21.2006546 ], [ 92.1498868, 21.2006262 ], [ 92.1499235, 21.2006457 ], [ 92.1499061, 21.200674 ], [ 92.1498695, 21.2006546 ] ] ] } },
{ "type": "Feature", "properties": { "osm_id": 555466271, "tag_value": "yes" }, "geometry": { "type": "Polygon", "coordinates": [ [ [ 92.1494015, 21.2012893 ], [ 92.1494227, 21.2012896 ], [ 92.1494228, 21.2013231 ], [ 92.1494019, 21.2013236 ], [ 92.1494015, 21.2012893 ] ] ] } },
{ "type": "Feature", "properties": { "osm_id": 555466272, "tag_value": "yes" }, "geometry": { "type": "Polygon", "coordinates": [ [ [ 92.1494228, 21.2013231 ], [ 92.1494438, 21.2013229 ], [ 92.1494439, 21.2012897 ], [ 92.1494227, 21.2012896 ], [ 92.1494228, 21.2013231 ] ] ] } },
{ "type": "Feature", "properties": { "osm_id": 555466273, "tag_value": "yes" }, "geometry": { "type": "Polygon", "coordinates": [ [ [ 92.1494503, 21.2012822 ], [ 92.1494499, 21.2012551 ], [ 92.1494783, 21.2012547 ], [ 92.1494788, 21.2012818 ], [ 92.1494503, 21.2012822 ] ] ] } },
{ "type": "Feature", "properties": { "osm_id": 555466688, "tag_value": "yes" }, "geometry": { "type": "Polygon", "coordinates": [ [ [ 92.1492472, 21.2012732 ], [ 92.1492432, 21.2013356 ], [ 92.1492928, 21.2013384 ], [ 92.1492968, 21.2012759 ], [ 92.1492472, 21.2012732 ] ] ] } },
{ "type": "Feature", "properties": { "osm_id": 555466690, "tag_value": "yes" }, "geometry": { "type": "Polygon", "coordinates": [ [ [ 92.1493133, 21.2013343 ], [ 92.1493544, 21.2013332 ], [ 92.1493525, 21.2012693 ], [ 92.1493114, 21.2012703 ], [ 92.1493133, 21.2013343 ] ] ] } },
{ "type": "Feature", "properties": { "osm_id": 555466881, "tag_value": "yes" }, "geometry": { "type": "Polygon", "coordinates": [ [ [ 92.1496945, 21.201269 ], [ 92.1496937, 21.2012199 ], [ 92.1496605, 21.2012204 ], [ 92.1496613, 21.2012695 ], [ 92.1496945, 21.201269 ] ] ] } },
{ "type": "Feature", "properties": { "osm_id": 555466882, "tag_value": "yes" }, "geometry": { "type": "Polygon", "coordinates": [ [ [ 92.1497458, 21.2012078 ], [ 92.1497471, 21.2012191 ], [ 92.1497482, 21.2012344 ], [ 92.1497377, 21.2012354 ], [ 92.1497075, 21.2012375 ], [ 92.1497054, 21.2012105 ], [ 92.1497458, 21.2012078 ] ] ] } },
{ "type": "Feature", "properties": { "osm_id": 555466883, "tag_value": "yes" }, "geometry": { "type": "Polygon", "coordinates": [ [ [ 92.1497377, 21.2012354 ], [ 92.1497391, 21.2012656 ], [ 92.1497092, 21.2012668 ], [ 92.1497075, 21.2012375 ], [ 92.1497377, 21.2012354 ] ] ] } },
{ "type": "Feature", "properties": { "osm_id": 555466884, "tag_value": "yes" }, "geometry": { "type": "Polygon", "coordinates": [ [ [ 92.1497526, 21.2012341 ], [ 92.1497527, 21.2012366 ], [ 92.1497776, 21.2012357 ], [ 92.1497768, 21.2012187 ], [ 92.149752, 21.2012196 ], [ 92.1497526, 21.2012341 ] ] ] } },
{ "type": "Feature", "properties": { "osm_id": 555466885, "tag_value": "yes" }, "geometry": { "type": "Polygon", "coordinates": [ [ [ 92.1497527, 21.2012366 ], [ 92.1497539, 21.2012653 ], [ 92.1497788, 21.2012644 ], [ 92.1497776, 21.2012357 ], [ 92.1497527, 21.2012366 ] ] ] } },
{ "type": "Feature", "properties": { "osm_id": 555466886, "tag_value": "yes" }, "geometry": { "type": "Polygon", "coordinates": [ [ [ 92.1498199, 21.2013 ], [ 92.1498452, 21.2013087 ], [ 92.14986, 21.2012715 ], [ 92.1498347, 21.2012628 ], [ 92.1498199, 21.2013 ] ] ] } },
{ "type": "Feature", "properties": { "osm_id": 555466887, "tag_value": "yes" }, "geometry": { "type": "Polygon", "coordinates": [ [ [ 92.1496724, 21.2013753 ], [ 92.149691, 21.201405 ], [ 92.149655, 21.2014246 ], [ 92.1496364, 21.2013949 ], [ 92.1496724, 21.2013753 ] ] ] } },
{ "type": "Feature", "properties": { "osm_id": 555466888, "tag_value": "yes" }, "geometry": { "type": "Polygon", "coordinates": [ [ [ 92.1496848, 21.2013064 ], [ 92.1496994, 21.2013357 ], [ 92.1496695, 21.2013487 ], [ 92.1496549, 21.2013194 ], [ 92.1496848, 21.2013064 ] ] ] } },
{ "type": "Feature", "properties": { "osm_id": 555466889, "tag_value": "yes" }, "geometry": { "type": "Polygon", "coordinates": [ [ [ 92.1496476, 21.2013227 ], [ 92.1496622, 21.2013519 ], [ 92.1496323, 21.2013649 ], [ 92.1496177, 21.2013357 ], [ 92.1496476, 21.2013227 ] ] ] } },
{ "type": "Feature", "properties": { "osm_id": 555466890, "tag_value": "yes" }, "geometry": { "type": "Polygon", "coordinates": [ [ [ 92.1497433, 21.2012976 ], [ 92.1497114, 21.201296 ], [ 92.149709, 21.2013374 ], [ 92.1497409, 21.2013391 ], [ 92.1497433, 21.2012976 ] ] ] } },
{ "type": "Feature", "properties": { "osm_id": 555466891, "tag_value": "yes" }, "geometry": { "type": "Polygon", "coordinates": [ [ [ 92.1497644, 21.2013097 ], [ 92.1497534, 21.2013372 ], [ 92.1497751, 21.2013448 ], [ 92.1497861, 21.2013173 ], [ 92.1497644, 21.2013097 ] ] ] } },
{ "type": "Feature", "properties": { "osm_id": 555467219, "tag_value": "yes" }, "geometry": { "type": "Polygon", "coordinates": [ [ [ 92.149748, 21.2014425 ], [ 92.1497664, 21.2014456 ], [ 92.1497627, 21.2014649 ], [ 92.1497442, 21.2014618 ], [ 92.149748, 21.2014425 ] ] ] } },
{ "type": "Feature", "properties": { "osm_id": 555467220, "tag_value": "yes" }, "geometry": { "type": "Polygon", "coordinates": [ [ [ 92.1498382, 21.2013942 ], [ 92.1498566, 21.2013972 ], [ 92.1498528, 21.2014166 ], [ 92.1498344, 21.2014135 ], [ 92.1498382, 21.2013942 ] ] ] } },
{ "type": "Feature", "properties": { "osm_id": 555468031, "tag_value": "yes" }, "geometry": { "type": "Polygon", "coordinates": [ [ [ 92.1502219, 21.201413 ], [ 92.1502493, 21.2014114 ], [ 92.1502525, 21.2014582 ], [ 92.1502252, 21.2014599 ], [ 92.1502219, 21.201413 ] ] ] } },
{ "type": "Feature", "properties": { "osm_id": 555468032, "tag_value": "yes" }, "geometry": { "type": "Polygon", "coordinates": [ [ [ 92.1502537, 21.2014101 ], [ 92.150281, 21.2014075 ], [ 92.1502862, 21.2014542 ], [ 92.1502589, 21.2014568 ], [ 92.1502537, 21.2014101 ] ] ] } },
{ "type": "Feature", "properties": { "osm_id": 555468033, "tag_value": "yes" }, "geometry": { "type": "Polygon", "coordinates": [ [ [ 92.1502047, 21.2014226 ], [ 92.1501731, 21.2014244 ], [ 92.1501757, 21.2014623 ], [ 92.1502073, 21.2014604 ], [ 92.1502047, 21.2014226 ] ] ] } },
{ "type": "Feature", "properties": { "osm_id": 555468034, "tag_value": "yes" }, "geometry": { "type": "Polygon", "coordinates": [ [ [ 92.1501678, 21.2014256 ], [ 92.1501377, 21.201427 ], [ 92.1501401, 21.2014728 ], [ 92.1501702, 21.2014714 ], [ 92.1501678, 21.2014256 ] ] ] } },
{ "type": "Feature", "properties": { "osm_id": 555468035, "tag_value": "yes" }, "geometry": { "type": "Polygon", "coordinates": [ [ [ 92.1501474, 21.2014836 ], [ 92.1501744, 21.2014821 ], [ 92.1501759, 21.2015054 ], [ 92.150149, 21.2015069 ], [ 92.1501474, 21.2014836 ] ] ] } },
{ "type": "Feature", "properties": { "osm_id": 555468036, "tag_value": "yes" }, "geometry": { "type": "Polygon", "coordinates": [ [ [ 92.1501415, 21.2014958 ], [ 92.150127, 21.2015083 ], [ 92.1501101, 21.2014915 ], [ 92.1501247, 21.2014789 ], [ 92.1501415, 21.2014958 ] ] ] } },
{ "type": "Feature", "properties": { "osm_id": 555468037, "tag_value": "yes" }, "geometry": { "type": "Polygon", "coordinates": [ [ [ 92.1501268, 21.2014295 ], [ 92.1501043, 21.2014309 ], [ 92.150106, 21.2014562 ], [ 92.1501286, 21.2014548 ], [ 92.1501268, 21.2014295 ] ] ] } },
{ "type": "Feature", "properties": { "osm_id": 555468038, "tag_value": "yes" }, "geometry": { "type": "Polygon", "coordinates": [ [ [ 92.1502188, 21.2013871 ], [ 92.1502203, 21.2013596 ], [ 92.1501765, 21.2013575 ], [ 92.150175, 21.201385 ], [ 92.1502188, 21.2013871 ] ] ] } },
{ "type": "Feature", "properties": { "osm_id": 555468039, "tag_value": "yes" }, "geometry": { "type": "Polygon", "coordinates": [ [ [ 92.1501757, 21.2013576 ], [ 92.1501386, 21.201356 ], [ 92.1501372, 21.2013833 ], [ 92.1501743, 21.2013849 ], [ 92.1501757, 21.2013576 ] ] ] } },
{ "type": "Feature", "properties": { "osm_id": 555468040, "tag_value": "yes" }, "geometry": { "type": "Polygon", "coordinates": [ [ [ 92.1501374, 21.2013564 ], [ 92.1501006, 21.2013546 ], [ 92.1500991, 21.2013815 ], [ 92.1501359, 21.2013834 ], [ 92.1501374, 21.2013564 ] ] ] } },
{ "type": "Feature", "properties": { "osm_id": 555468041, "tag_value": "yes" }, "geometry": { "type": "Polygon", "coordinates": [ [ [ 92.1500973, 21.2013795 ], [ 92.150056, 21.2013796 ], [ 92.1500558, 21.2013283 ], [ 92.1500971, 21.2013281 ], [ 92.1500973, 21.2013795 ] ] ] } },
{ "type": "Feature", "properties": { "osm_id": 555468042, "tag_value": "yes" }, "geometry": { "type": "Polygon", "coordinates": [ [ [ 92.1501026, 21.201388 ], [ 92.150067, 21.2013871 ], [ 92.1500663, 21.2014098 ], [ 92.1501019, 21.2014107 ], [ 92.1501026, 21.201388 ] ] ] } },
{ "type": "Feature", "properties": { "osm_id": 555468467, "tag_value": "yes" }, "geometry": { "type": "Polygon", "coordinates": [ [ [ 92.1505623, 21.2016027 ], [ 92.1505292, 21.2016119 ], [ 92.1505396, 21.2016445 ], [ 92.1505727, 21.2016353 ], [ 92.1505623, 21.2016027 ] ] ] } },
{ "type": "Feature", "properties": { "osm_id": 555468468, "tag_value": "yes" }, "geometry": { "type": "Polygon", "coordinates": [ [ [ 92.1505396, 21.2016445 ], [ 92.1505063, 21.2016537 ], [ 92.1504958, 21.2016213 ], [ 92.1505292, 21.2016119 ], [ 92.1505396, 21.2016445 ] ] ] } },
{ "type": "Feature", "properties": { "osm_id": 555468469, "tag_value": "yes" }, "geometry": { "type": "Polygon", "coordinates": [ [ [ 92.1505944, 21.2016531 ], [ 92.1505613, 21.2016622 ], [ 92.1505717, 21.2016949 ], [ 92.1506048, 21.2016857 ], [ 92.1505944, 21.2016531 ] ] ] } },
{ "type": "Feature", "properties": { "osm_id": 555468470, "tag_value": "yes" }, "geometry": { "type": "Polygon", "coordinates": [ [ [ 92.1505717, 21.2016949 ], [ 92.1505384, 21.2017041 ], [ 92.1505279, 21.2016716 ], [ 92.1505613, 21.2016622 ], [ 92.1505717, 21.2016949 ] ] ] } },
{ "type": "Feature", "properties": { "osm_id": 555468471, "tag_value": "yes" }, "geometry": { "type": "Polygon", "coordinates": [ [ [ 92.1506819, 21.2016517 ], [ 92.1506474, 21.2016497 ], [ 92.1506452, 21.2016837 ], [ 92.1506796, 21.2016856 ], [ 92.1506819, 21.2016517 ] ] ] } },
{ "type": "Feature", "properties": { "osm_id": 555468472, "tag_value": "yes" }, "geometry": { "type": "Polygon", "coordinates": [ [ [ 92.1506452, 21.2016837 ], [ 92.1506105, 21.2016817 ], [ 92.1506126, 21.2016479 ], [ 92.1506474, 21.2016497 ], [ 92.1506452, 21.2016837 ] ] ] } },
{ "type": "Feature", "properties": { "osm_id": 555468473, "tag_value": "yes" }, "geometry": { "type": "Polygon", "coordinates": [ [ [ 92.1505802, 21.2016276 ], [ 92.150615, 21.20163 ], [ 92.1506177, 21.2015967 ], [ 92.1505829, 21.2015942 ], [ 92.1505802, 21.2016276 ] ] ] } },
{ "type": "Feature", "properties": { "osm_id": 555468474, "tag_value": "yes" }, "geometry": { "type": "Polygon", "coordinates": [ [ [ 92.1506177, 21.2015967 ], [ 92.1506561, 21.2015994 ], [ 92.1506534, 21.2016327 ], [ 92.150615, 21.20163 ], [ 92.1506177, 21.2015967 ] ] ] } },
{ "type": "Feature", "properties": { "osm_id": 555468475, "tag_value": "yes" }, "geometry": { "type": "Polygon", "coordinates": [ [ [ 92.1506534, 21.2016327 ], [ 92.1506879, 21.2016352 ], [ 92.1506906, 21.2016018 ], [ 92.1506561, 21.2015994 ], [ 92.1506534, 21.2016327 ] ] ] } },
{ "type": "Feature", "properties": { "osm_id": 555468730, "tag_value": "yes" }, "geometry": { "type": "Polygon", "coordinates": [ [ [ 92.1499442, 21.2005042 ], [ 92.1499289, 21.200465 ], [ 92.1499607, 21.2004542 ], [ 92.1499759, 21.2004934 ], [ 92.1499442, 21.2005042 ] ] ] } },
{ "type": "Feature", "properties": { "osm_id": 555468731, "tag_value": "yes" }, "geometry": { "type": "Polygon", "coordinates": [ [ [ 92.1499394, 21.2005752 ], [ 92.1499129, 21.2005489 ], [ 92.1499695, 21.2004995 ], [ 92.149996, 21.2005258 ], [ 92.1499394, 21.2005752 ] ] ] } },
{ "type": "Feature", "properties": { "osm_id": 555468732, "tag_value": "yes" }, "geometry": { "type": "Polygon", "coordinates": [ [ [ 92.1499113, 21.2006761 ], [ 92.1499229, 21.2006498 ], [ 92.1499501, 21.2006602 ], [ 92.1499386, 21.2006866 ], [ 92.1499113, 21.2006761 ] ] ] } },
{ "type": "Feature", "properties": { "osm_id": 555468733, "tag_value": "yes" }, "geometry": { "type": "Polygon", "coordinates": [ [ [ 92.1499478, 21.2006891 ], [ 92.1499564, 21.2006468 ], [ 92.1499871, 21.2006522 ], [ 92.1499785, 21.2006946 ], [ 92.1499478, 21.2006891 ] ] ] } },
{ "type": "Feature", "properties": { "osm_id": 555468734, "tag_value": "yes" }, "geometry": { "type": "Polygon", "coordinates": [ [ [ 92.1499916, 21.2006972 ], [ 92.1499992, 21.2006672 ], [ 92.1500387, 21.2006758 ], [ 92.1500311, 21.2007058 ], [ 92.1499916, 21.2006972 ] ] ] } },
{ "type": "Feature", "properties": { "osm_id": 555468735, "tag_value": "yes" }, "geometry": { "type": "Polygon", "coordinates": [ [ [ 92.1500633, 21.2006403 ], [ 92.1500766, 21.200608 ], [ 92.1501064, 21.2006187 ], [ 92.150093, 21.200651 ], [ 92.1500633, 21.2006403 ] ] ] } },
{ "type": "Feature", "properties": { "osm_id": 555468736, "tag_value": "yes" }, "geometry": { "type": "Polygon", "coordinates": [ [ [ 92.150119, 21.2006585 ], [ 92.1501323, 21.2006262 ], [ 92.1501621, 21.2006369 ], [ 92.1501487, 21.2006691 ], [ 92.150119, 21.2006585 ] ] ] } },
{ "type": "Feature", "properties": { "osm_id": 555468737, "tag_value": "yes" }, "geometry": { "type": "Polygon", "coordinates": [ [ [ 92.1500952, 21.2006519 ], [ 92.1501083, 21.2006215 ], [ 92.1501298, 21.2006295 ], [ 92.1501167, 21.2006599 ], [ 92.1500952, 21.2006519 ] ] ] } },
{ "type": "Feature", "properties": { "osm_id": 555468738, "tag_value": "yes" }, "geometry": { "type": "Polygon", "coordinates": [ [ [ 92.1501541, 21.2006133 ], [ 92.1501441, 21.2005993 ], [ 92.1501552, 21.2005924 ], [ 92.1501652, 21.2006064 ], [ 92.1501541, 21.2006133 ] ] ] } },
{ "type": "Feature", "properties": { "osm_id": 555468739, "tag_value": "yes" }, "geometry": { "type": "Polygon", "coordinates": [ [ [ 92.1501882, 21.200667 ], [ 92.1501867, 21.2006514 ], [ 92.1502039, 21.2006499 ], [ 92.1502054, 21.2006655 ], [ 92.1501882, 21.200667 ] ] ] } },
{ "type": "Feature", "properties": { "osm_id": 555468740, "tag_value": "yes" }, "geometry": { "type": "Polygon", "coordinates": [ [ [ 92.1500393, 21.2007139 ], [ 92.1500474, 21.2006857 ], [ 92.1500785, 21.2006935 ], [ 92.1500704, 21.2007217 ], [ 92.1500393, 21.2007139 ] ] ] } },
{ "type": "Feature", "properties": { "osm_id": 555468741, "tag_value": "yes" }, "geometry": { "type": "Polygon", "coordinates": [ [ [ 92.1500716, 21.2007254 ], [ 92.1500821, 21.2006913 ], [ 92.1501076, 21.2006981 ], [ 92.1500971, 21.2007322 ], [ 92.1500716, 21.2007254 ] ] ] } },
{ "type": "Feature", "properties": { "osm_id": 555468742, "tag_value": "yes" }, "geometry": { "type": "Polygon", "coordinates": [ [ [ 92.1501033, 21.2007304 ], [ 92.1501145, 21.2006959 ], [ 92.150146, 21.2007048 ], [ 92.1501349, 21.2007393 ], [ 92.1501033, 21.2007304 ] ] ] } },
{ "type": "Feature", "properties": { "osm_id": 555468743, "tag_value": "yes" }, "geometry": { "type": "Polygon", "coordinates": [ [ [ 92.1501378, 21.2007395 ], [ 92.1501506, 21.2007055 ], [ 92.1501667, 21.2007108 ], [ 92.1501539, 21.2007448 ], [ 92.1501378, 21.2007395 ] ] ] } },
{ "type": "Feature", "properties": { "osm_id": 555468788, "tag_value": "yes" }, "geometry": { "type": "Polygon", "coordinates": [ [ [ 92.1505634, 21.2013382 ], [ 92.1505283, 21.2013513 ], [ 92.1505389, 21.2013759 ], [ 92.150574, 21.2013629 ], [ 92.1505634, 21.2013382 ] ] ] } },
{ "type": "Feature", "properties": { "osm_id": 555468789, "tag_value": "yes" }, "geometry": { "type": "Polygon", "coordinates": [ [ [ 92.150539, 21.2013781 ], [ 92.1505482, 21.2014 ], [ 92.1505831, 21.2013873 ], [ 92.150574, 21.2013654 ], [ 92.150539, 21.2013781 ] ] ] } },
{ "type": "Feature", "properties": { "osm_id": 555468790, "tag_value": "yes" }, "geometry": { "type": "Polygon", "coordinates": [ [ [ 92.1505482, 21.2014 ], [ 92.1505566, 21.2014199 ], [ 92.1505913, 21.2014071 ], [ 92.1505831, 21.2013873 ], [ 92.1505482, 21.2014 ] ] ] } },
{ "type": "Feature", "properties": { "osm_id": 555468791, "tag_value": "yes" }, "geometry": { "type": "Polygon", "coordinates": [ [ [ 92.1505054, 21.2013472 ], [ 92.1504649, 21.2013489 ], [ 92.1504664, 21.2013817 ], [ 92.150507, 21.20138 ], [ 92.1505054, 21.2013472 ] ] ] } },
{ "type": "Feature", "properties": { "osm_id": 555468792, "tag_value": "yes" }, "geometry": { "type": "Polygon", "coordinates": [ [ [ 92.1504181, 21.2013273 ], [ 92.1504286, 21.2013562 ], [ 92.1503844, 21.2013701 ], [ 92.1503739, 21.2013413 ], [ 92.1504181, 21.2013273 ] ] ] } },
{ "type": "Feature", "properties": { "osm_id": 555468793, "tag_value": "yes" }, "geometry": { "type": "Polygon", "coordinates": [ [ [ 92.1503583, 21.2013674 ], [ 92.1503266, 21.2013776 ], [ 92.1503379, 21.2014082 ], [ 92.1503695, 21.2013981 ], [ 92.1503583, 21.2013674 ] ] ] } },
{ "type": "Feature", "properties": { "osm_id": 555468794, "tag_value": "yes" }, "geometry": { "type": "Polygon", "coordinates": [ [ [ 92.1503358, 21.2014088 ], [ 92.1503014, 21.2014202 ], [ 92.1502898, 21.2013897 ], [ 92.1503242, 21.2013783 ], [ 92.1503358, 21.2014088 ] ] ] } },
{ "type": "Feature", "properties": { "osm_id": 555468795, "tag_value": "yes" }, "geometry": { "type": "Polygon", "coordinates": [ [ [ 92.1503393, 21.2014243 ], [ 92.1502951, 21.2014399 ], [ 92.1503055, 21.2014654 ], [ 92.1503504, 21.2014496 ], [ 92.1503393, 21.2014243 ] ] ] } },
{ "type": "Feature", "properties": { "osm_id": 555468796, "tag_value": "yes" }, "geometry": { "type": "Polygon", "coordinates": [ [ [ 92.1503393, 21.2014243 ], [ 92.1503731, 21.201412 ], [ 92.1503838, 21.2014368 ], [ 92.1503504, 21.2014496 ], [ 92.1503393, 21.2014243 ] ] ] } },
{ "type": "Feature", "properties": { "osm_id": 555468798, "tag_value": "yes" }, "geometry": { "type": "Polygon", "coordinates": [ [ [ 92.150207, 21.2010197 ], [ 92.1502084, 21.200981 ], [ 92.1502519, 21.2009823 ], [ 92.1502506, 21.2010211 ], [ 92.150207, 21.2010197 ] ] ] } },
{ "type": "Feature", "properties": { "osm_id": 555468800, "tag_value": "yes" }, "geometry": { "type": "Polygon", "coordinates": [ [ [ 92.1501556, 21.2010523 ], [ 92.1501417, 21.2010223 ], [ 92.1501792, 21.2010072 ], [ 92.1501931, 21.2010372 ], [ 92.1501556, 21.2010523 ] ] ] } },
{ "type": "Feature", "properties": { "osm_id": 555468802, "tag_value": "yes" }, "geometry": { "type": "Polygon", "coordinates": [ [ [ 92.1501242, 21.2010717 ], [ 92.1501077, 21.2010467 ], [ 92.150139, 21.2010287 ], [ 92.1501555, 21.2010537 ], [ 92.1501242, 21.2010717 ] ] ] } },
{ "type": "Feature", "properties": { "osm_id": 555468804, "tag_value": "yes" }, "geometry": { "type": "Polygon", "coordinates": [ [ [ 92.1500872, 21.2010922 ], [ 92.1500711, 21.2010661 ], [ 92.1501054, 21.2010477 ], [ 92.1501215, 21.2010738 ], [ 92.1500872, 21.2010922 ] ] ] } },
{ "type": "Feature", "properties": { "osm_id": 555468805, "tag_value": "yes" }, "geometry": { "type": "Polygon", "coordinates": [ [ [ 92.1499881, 21.201017 ], [ 92.1499827, 21.2010009 ], [ 92.1499966, 21.2009968 ], [ 92.150002, 21.2010129 ], [ 92.1499881, 21.201017 ] ] ] } },
{ "type": "Feature", "properties": { "osm_id": 555468903, "tag_value": "yes" }, "geometry": { "type": "Polygon", "coordinates": [ [ [ 92.1503504, 21.2014496 ], [ 92.1503591, 21.2014693 ], [ 92.1503925, 21.2014564 ], [ 92.1503838, 21.2014368 ], [ 92.1503504, 21.2014496 ] ] ] } },
{ "type": "Feature", "properties": { "osm_id": 555468904, "tag_value": "yes" }, "geometry": { "type": "Polygon", "coordinates": [ [ [ 92.1502305, 21.201356 ], [ 92.1502403, 21.2013836 ], [ 92.1502801, 21.2013713 ], [ 92.1502702, 21.2013437 ], [ 92.1502305, 21.201356 ] ] ] } },
{ "type": "Feature", "properties": { "osm_id": 555469043, "tag_value": "yes" }, "geometry": { "type": "Polygon", "coordinates": [ [ [ 92.1501345, 21.201256 ], [ 92.1501339, 21.2011897 ], [ 92.1502224, 21.201189 ], [ 92.150223, 21.2012553 ], [ 92.1501345, 21.201256 ] ] ] } },
{ "type": "Feature", "properties": { "osm_id": 555469044, "tag_value": "yes" }, "geometry": { "type": "Polygon", "coordinates": [ [ [ 92.1500225, 21.201231 ], [ 92.1500058, 21.2011935 ], [ 92.1500217, 21.2011873 ], [ 92.1500384, 21.2012249 ], [ 92.1500225, 21.201231 ] ] ] } },
{ "type": "Feature", "properties": { "osm_id": 555469045, "tag_value": "yes" }, "geometry": { "type": "Polygon", "coordinates": [ [ [ 92.1500275, 21.2011757 ], [ 92.1500138, 21.201146 ], [ 92.1500436, 21.2011341 ], [ 92.1500572, 21.2011638 ], [ 92.1500275, 21.2011757 ] ] ] } },
{ "type": "Feature", "properties": { "osm_id": 555469046, "tag_value": "yes" }, "geometry": { "type": "Polygon", "coordinates": [ [ [ 92.1500024, 21.2011446 ], [ 92.1499969, 21.2011327 ], [ 92.1500317, 21.2011187 ], [ 92.1500372, 21.2011307 ], [ 92.1500024, 21.2011446 ] ] ] } },
{ "type": "Feature", "properties": { "osm_id": 555469047, "tag_value": "yes" }, "geometry": { "type": "Polygon", "coordinates": [ [ [ 92.1500513, 21.201109 ], [ 92.1500383, 21.2010862 ], [ 92.1500683, 21.2010714 ], [ 92.1500813, 21.2010942 ], [ 92.1500513, 21.201109 ] ] ] } },
{ "type": "Feature", "properties": { "osm_id": 555469048, "tag_value": "yes" }, "geometry": { "type": "Polygon", "coordinates": [ [ [ 92.1501103, 21.2011894 ], [ 92.150076, 21.2011518 ], [ 92.150135, 21.201105 ], [ 92.1501629, 21.2011357 ], [ 92.1501337, 21.2011588 ], [ 92.15014, 21.2011658 ], [ 92.1501103, 21.2011894 ] ] ] } },
{ "type": "Feature", "properties": { "osm_id": 555469049, "tag_value": "yes" }, "geometry": { "type": "Polygon", "coordinates": [ [ [ 92.1501599, 21.2011224 ], [ 92.1501504, 21.2010926 ], [ 92.1502003, 21.201079 ], [ 92.1502097, 21.2011087 ], [ 92.1501599, 21.2011224 ] ] ] } },
{ "type": "Feature", "properties": { "osm_id": 555469050, "tag_value": "yes" }, "geometry": { "type": "Polygon", "coordinates": [ [ [ 92.1502073, 21.2011643 ], [ 92.1502091, 21.2011175 ], [ 92.1502296, 21.2011182 ], [ 92.1502278, 21.201165 ], [ 92.1502073, 21.2011643 ] ] ] } },
{ "type": "Feature", "properties": { "osm_id": 555469051, "tag_value": "yes" }, "geometry": { "type": "Polygon", "coordinates": [ [ [ 92.1502132, 21.2010928 ], [ 92.150213, 21.2010645 ], [ 92.1502516, 21.2010644 ], [ 92.1502518, 21.2010927 ], [ 92.1502132, 21.2010928 ] ] ] } },
{ "type": "Feature", "properties": { "osm_id": 555469118, "tag_value": "yes" }, "geometry": { "type": "Polygon", "coordinates": [ [ [ 92.1506589, 21.2013451 ], [ 92.150627, 21.2013574 ], [ 92.1506409, 21.2013888 ], [ 92.1506728, 21.2013766 ], [ 92.1506589, 21.2013451 ] ] ] } },
{ "type": "Feature", "properties": { "osm_id": 555469119, "tag_value": "yes" }, "geometry": { "type": "Polygon", "coordinates": [ [ [ 92.1506385, 21.2013911 ], [ 92.1506063, 21.2014034 ], [ 92.1505924, 21.2013721 ], [ 92.1506246, 21.2013596 ], [ 92.1506385, 21.2013911 ] ] ] } },
{ "type": "Feature", "properties": { "osm_id": 555469122, "tag_value": "yes" }, "geometry": { "type": "Polygon", "coordinates": [ [ [ 92.1506628, 21.2013893 ], [ 92.1506748, 21.2014145 ], [ 92.1506372, 21.20143 ], [ 92.1506252, 21.2014047 ], [ 92.1506628, 21.2013893 ] ] ] } },
{ "type": "Feature", "properties": { "osm_id": 555469123, "tag_value": "yes" }, "geometry": { "type": "Polygon", "coordinates": [ [ [ 92.1507763, 21.2017314 ], [ 92.150761, 21.2017103 ], [ 92.1507863, 21.2016932 ], [ 92.1508029, 21.2017152 ], [ 92.1507763, 21.2017314 ] ] ] } },
{ "type": "Feature", "properties": { "osm_id": 555469124, "tag_value": "yes" }, "geometry": { "type": "Polygon", "coordinates": [ [ [ 92.1507717, 21.2016743 ], [ 92.1507464, 21.2016914 ], [ 92.150724, 21.2016643 ], [ 92.150748, 21.2016462 ], [ 92.1507717, 21.2016743 ] ] ] } },
{ "type": "Feature", "properties": { "osm_id": 555469125, "tag_value": "yes" }, "geometry": { "type": "Polygon", "coordinates": [ [ [ 92.1507464, 21.2016914 ], [ 92.150761, 21.2017103 ], [ 92.1507863, 21.2016932 ], [ 92.1507717, 21.2016743 ], [ 92.1507464, 21.2016914 ] ] ] } },
{ "type": "Feature", "properties": { "osm_id": 555469301, "tag_value": "yes" }, "geometry": { "type": "Polygon", "coordinates": [ [ [ 92.1507223, 21.2016611 ], [ 92.1506901, 21.2016451 ], [ 92.1507094, 21.2016112 ], [ 92.1507417, 21.2016271 ], [ 92.1507223, 21.2016611 ] ] ] } },
{ "type": "Feature", "properties": { "osm_id": 555469302, "tag_value": "yes" }, "geometry": { "type": "Polygon", "coordinates": [ [ [ 92.1508272, 21.2016539 ], [ 92.1508484, 21.2016449 ], [ 92.1508568, 21.2016619 ], [ 92.1508355, 21.201671 ], [ 92.1508272, 21.2016539 ] ] ] } },
{ "type": "Feature", "properties": { "osm_id": 555469303, "tag_value": "yes" }, "geometry": { "type": "Polygon", "coordinates": [ [ [ 92.1507735, 21.2015683 ], [ 92.1507947, 21.2015592 ], [ 92.1508031, 21.2015763 ], [ 92.1507818, 21.2015854 ], [ 92.1507735, 21.2015683 ] ] ] } },
{ "type": "Feature", "properties": { "osm_id": 555469304, "tag_value": "yes" }, "geometry": { "type": "Polygon", "coordinates": [ [ [ 92.1508399, 21.2014614 ], [ 92.1508611, 21.2014523 ], [ 92.1508695, 21.2014694 ], [ 92.1508482, 21.2014785 ], [ 92.1508399, 21.2014614 ] ] ] } },
{ "type": "Feature", "properties": { "osm_id": 555469305, "tag_value": "yes" }, "geometry": { "type": "Polygon", "coordinates": [ [ [ 92.1508064, 21.201468 ], [ 92.1508187, 21.201481 ], [ 92.150787, 21.2015071 ], [ 92.1507747, 21.2014941 ], [ 92.1508064, 21.201468 ] ] ] } },
{ "type": "Feature", "properties": { "osm_id": 555469306, "tag_value": "yes" }, "geometry": { "type": "Polygon", "coordinates": [ [ [ 92.150742, 21.2013812 ], [ 92.1507523, 21.2013898 ], [ 92.1507333, 21.2014096 ], [ 92.150723, 21.201401 ], [ 92.150742, 21.2013812 ] ] ] } },
{ "type": "Feature", "properties": { "osm_id": 555469384, "tag_value": "yes" }, "geometry": { "type": "Polygon", "coordinates": [ [ [ 92.1502675, 21.2010952 ], [ 92.1502727, 21.20107 ], [ 92.1503108, 21.201077 ], [ 92.1503055, 21.2011022 ], [ 92.1502675, 21.2010952 ] ] ] } },
{ "type": "Feature", "properties": { "osm_id": 555469385, "tag_value": "yes" }, "geometry": { "type": "Polygon", "coordinates": [ [ [ 92.1503529, 21.2011306 ], [ 92.1503543, 21.2011143 ], [ 92.1504038, 21.201118 ], [ 92.1504024, 21.2011343 ], [ 92.1503529, 21.2011306 ] ] ] } },
{ "type": "Feature", "properties": { "osm_id": 555469386, "tag_value": "yes" }, "geometry": { "type": "Polygon", "coordinates": [ [ [ 92.1504193, 21.2011299 ], [ 92.1504211, 21.201093 ], [ 92.1504476, 21.2010941 ], [ 92.1504458, 21.201131 ], [ 92.1504193, 21.2011299 ] ] ] } },
{ "type": "Feature", "properties": { "osm_id": 555469387, "tag_value": "yes" }, "geometry": { "type": "Polygon", "coordinates": [ [ [ 92.1504485, 21.2011294 ], [ 92.1504502, 21.2010928 ], [ 92.15048, 21.2010941 ], [ 92.1504783, 21.2011306 ], [ 92.1504485, 21.2011294 ] ] ] } },
{ "type": "Feature", "properties": { "osm_id": 555469388, "tag_value": "yes" }, "geometry": { "type": "Polygon", "coordinates": [ [ [ 92.1503651, 21.2010622 ], [ 92.1503652, 21.2010472 ], [ 92.1503904, 21.2010474 ], [ 92.1503902, 21.2010624 ], [ 92.1503651, 21.2010622 ] ] ] } },
{ "type": "Feature", "properties": { "osm_id": 555469389, "tag_value": "yes" }, "geometry": { "type": "Polygon", "coordinates": [ [ [ 92.1502623, 21.2011682 ], [ 92.1502709, 21.2011258 ], [ 92.1502999, 21.2011309 ], [ 92.1502913, 21.2011733 ], [ 92.1502623, 21.2011682 ] ] ] } },
{ "type": "Feature", "properties": { "osm_id": 555469390, "tag_value": "yes" }, "geometry": { "type": "Polygon", "coordinates": [ [ [ 92.1502934, 21.201174 ], [ 92.150302, 21.2011315 ], [ 92.150331, 21.2011367 ], [ 92.1503224, 21.2011791 ], [ 92.1502934, 21.201174 ] ] ] } },
{ "type": "Feature", "properties": { "osm_id": 555469391, "tag_value": "yes" }, "geometry": { "type": "Polygon", "coordinates": [ [ [ 92.1503267, 21.2011798 ], [ 92.1503335, 21.2011436 ], [ 92.1503614, 21.2011482 ], [ 92.1503546, 21.2011843 ], [ 92.1503267, 21.2011798 ] ] ] } },
{ "type": "Feature", "properties": { "osm_id": 555469392, "tag_value": "yes" }, "geometry": { "type": "Polygon", "coordinates": [ [ [ 92.1503607, 21.2011879 ], [ 92.1503655, 21.201156 ], [ 92.1504058, 21.2011612 ], [ 92.150401, 21.2011931 ], [ 92.1503607, 21.2011879 ] ] ] } },
{ "type": "Feature", "properties": { "osm_id": 555469393, "tag_value": "yes" }, "geometry": { "type": "Polygon", "coordinates": [ [ [ 92.1504233, 21.2011924 ], [ 92.1504203, 21.2011662 ], [ 92.1504478, 21.2011634 ], [ 92.1504509, 21.2011896 ], [ 92.1504233, 21.2011924 ] ] ] } },
{ "type": "Feature", "properties": { "osm_id": 555469395, "tag_value": "yes" }, "geometry": { "type": "Polygon", "coordinates": [ [ [ 92.1505256, 21.2011813 ], [ 92.1504923, 21.2011867 ], [ 92.150487, 21.2011579 ], [ 92.1505202, 21.2011524 ], [ 92.1505256, 21.2011813 ] ] ] } },
{ "type": "Feature", "properties": { "osm_id": 555469397, "tag_value": "yes" }, "geometry": { "type": "Polygon", "coordinates": [ [ [ 92.1502844, 21.2013137 ], [ 92.1502659, 21.2012574 ], [ 92.1502959, 21.2012488 ], [ 92.1503144, 21.2013051 ], [ 92.1502844, 21.2013137 ] ] ] } },
{ "type": "Feature", "properties": { "osm_id": 555469398, "tag_value": "yes" }, "geometry": { "type": "Polygon", "coordinates": [ [ [ 92.1503085, 21.2012727 ], [ 92.1502972, 21.2012405 ], [ 92.1503267, 21.2012314 ], [ 92.1503381, 21.2012636 ], [ 92.1503085, 21.2012727 ] ] ] } },
{ "type": "Feature", "properties": { "osm_id": 555469399, "tag_value": "yes" }, "geometry": { "type": "Polygon", "coordinates": [ [ [ 92.1503391, 21.2012633 ], [ 92.1503301, 21.2012308 ], [ 92.1503533, 21.2012252 ], [ 92.1503623, 21.2012576 ], [ 92.1503391, 21.2012633 ] ] ] } },
{ "type": "Feature", "properties": { "osm_id": 555469400, "tag_value": "yes" }, "geometry": { "type": "Polygon", "coordinates": [ [ [ 92.1503868, 21.2012944 ], [ 92.150378, 21.2012631 ], [ 92.1504107, 21.2012551 ], [ 92.1504195, 21.2012864 ], [ 92.1503868, 21.2012944 ] ] ] } },
{ "type": "Feature", "properties": { "osm_id": 555469401, "tag_value": "yes" }, "geometry": { "type": "Polygon", "coordinates": [ [ [ 92.1504197, 21.2012682 ], [ 92.150412, 21.2012311 ], [ 92.1504369, 21.2012266 ], [ 92.1504445, 21.2012638 ], [ 92.1504197, 21.2012682 ] ] ] } },
{ "type": "Feature", "properties": { "osm_id": 555469402, "tag_value": "yes" }, "geometry": { "type": "Polygon", "coordinates": [ [ [ 92.1504493, 21.201263 ], [ 92.1504434, 21.2012271 ], [ 92.1504816, 21.2012216 ], [ 92.1504875, 21.2012576 ], [ 92.1504493, 21.201263 ] ] ] } },
{ "type": "Feature", "properties": { "osm_id": 555469403, "tag_value": "yes" }, "geometry": { "type": "Polygon", "coordinates": [ [ [ 92.1504904, 21.2012561 ], [ 92.150487, 21.2012223 ], [ 92.1505164, 21.2012198 ], [ 92.1505198, 21.2012535 ], [ 92.1504904, 21.2012561 ] ] ] } },
{ "type": "Feature", "properties": { "osm_id": 555469404, "tag_value": "yes" }, "geometry": { "type": "Polygon", "coordinates": [ [ [ 92.1505326, 21.2012532 ], [ 92.1505279, 21.201218 ], [ 92.1505603, 21.2012143 ], [ 92.150565, 21.2012494 ], [ 92.1505326, 21.2012532 ] ] ] } },
{ "type": "Feature", "properties": { "osm_id": 555469405, "tag_value": "yes" }, "geometry": { "type": "Polygon", "coordinates": [ [ [ 92.1505697, 21.2012432 ], [ 92.1505628, 21.2011976 ], [ 92.15059, 21.201194 ], [ 92.150597, 21.2012396 ], [ 92.1505697, 21.2012432 ] ] ] } },
{ "type": "Feature", "properties": { "osm_id": 555469406, "tag_value": "yes" }, "geometry": { "type": "Polygon", "coordinates": [ [ [ 92.1505742, 21.201303 ], [ 92.1505623, 21.2012753 ], [ 92.1506143, 21.2012559 ], [ 92.1506262, 21.2012836 ], [ 92.1505742, 21.201303 ] ] ] } },
{ "type": "Feature", "properties": { "osm_id": 555469407, "tag_value": "yes" }, "geometry": { "type": "Polygon", "coordinates": [ [ [ 92.1505338, 21.2013037 ], [ 92.1505333, 21.2012667 ], [ 92.1505587, 21.2012664 ], [ 92.1505592, 21.2013034 ], [ 92.1505338, 21.2013037 ] ] ] } },
{ "type": "Feature", "properties": { "osm_id": 555469408, "tag_value": "yes" }, "geometry": { "type": "Polygon", "coordinates": [ [ [ 92.1504955, 21.201303 ], [ 92.1504958, 21.2012682 ], [ 92.150529, 21.2012685 ], [ 92.1505287, 21.2013033 ], [ 92.1504955, 21.201303 ] ] ] } },
{ "type": "Feature", "properties": { "osm_id": 555469409, "tag_value": "yes" }, "geometry": { "type": "Polygon", "coordinates": [ [ [ 92.1504646, 21.2013098 ], [ 92.1504571, 21.2012764 ], [ 92.150487, 21.2012706 ], [ 92.1504944, 21.2013041 ], [ 92.1504646, 21.2013098 ] ] ] } },
{ "type": "Feature", "properties": { "osm_id": 555469410, "tag_value": "yes" }, "geometry": { "type": "Polygon", "coordinates": [ [ [ 92.1503042, 21.2013577 ], [ 92.1502923, 21.2013262 ], [ 92.150336, 21.2013119 ], [ 92.1503479, 21.2013434 ], [ 92.1503042, 21.2013577 ] ] ] } },
{ "type": "Feature", "properties": { "osm_id": 555469411, "tag_value": "yes" }, "geometry": { "type": "Polygon", "coordinates": [ [ [ 92.1505777, 21.2011719 ], [ 92.1505687, 21.2011391 ], [ 92.1506068, 21.20113 ], [ 92.1506158, 21.2011628 ], [ 92.1505777, 21.2011719 ] ] ] } },
{ "type": "Feature", "properties": { "osm_id": 555469475, "tag_value": "yes" }, "geometry": { "type": "Polygon", "coordinates": [ [ [ 92.1502564, 21.2010227 ], [ 92.1502634, 21.2009929 ], [ 92.1502991, 21.2010002 ], [ 92.1502922, 21.2010299 ], [ 92.1502564, 21.2010227 ] ] ] } },
{ "type": "Feature", "properties": { "osm_id": 555469477, "tag_value": "yes" }, "geometry": { "type": "Polygon", "coordinates": [ [ [ 92.1502968, 21.2010292 ], [ 92.1503079, 21.2009948 ], [ 92.1503267, 21.2010001 ], [ 92.1503156, 21.2010344 ], [ 92.1502968, 21.2010292 ] ] ] } },
{ "type": "Feature", "properties": { "osm_id": 555469478, "tag_value": "yes" }, "geometry": { "type": "Polygon", "coordinates": [ [ [ 92.15032, 21.2010362 ], [ 92.150329, 21.2010185 ], [ 92.1503563, 21.2010307 ], [ 92.1503473, 21.2010484 ], [ 92.15032, 21.2010362 ] ] ] } },
{ "type": "Feature", "properties": { "osm_id": 555469480, "tag_value": "yes" }, "geometry": { "type": "Polygon", "coordinates": [ [ [ 92.1505109, 21.201075 ], [ 92.1505016, 21.2010369 ], [ 92.1505257, 21.2010318 ], [ 92.150535, 21.2010699 ], [ 92.1505109, 21.201075 ] ] ] } },
{ "type": "Feature", "properties": { "osm_id": 555469482, "tag_value": "yes" }, "geometry": { "type": "Polygon", "coordinates": [ [ [ 92.1504902, 21.2010369 ], [ 92.1504692, 21.2010037 ], [ 92.1504981, 21.2009878 ], [ 92.1505191, 21.201021 ], [ 92.1504902, 21.2010369 ] ] ] } },
{ "type": "Feature", "properties": { "osm_id": 555469485, "tag_value": "yes" }, "geometry": { "type": "Polygon", "coordinates": [ [ [ 92.1505562, 21.2010603 ], [ 92.1505573, 21.2010338 ], [ 92.1505992, 21.2010353 ], [ 92.1505981, 21.2010618 ], [ 92.1505562, 21.2010603 ] ] ] } },
{ "type": "Feature", "properties": { "osm_id": 555469488, "tag_value": "yes" }, "geometry": { "type": "Polygon", "coordinates": [ [ [ 92.1506016, 21.2010655 ], [ 92.1506034, 21.2010374 ], [ 92.1506276, 21.2010388 ], [ 92.1506257, 21.2010668 ], [ 92.1506016, 21.2010655 ] ] ] } },
{ "type": "Feature", "properties": { "osm_id": 555470038, "tag_value": "yes" }, "geometry": { "type": "Polygon", "coordinates": [ [ [ 92.150598, 21.2013586 ], [ 92.1505852, 21.2013311 ], [ 92.1506338, 21.2013114 ], [ 92.1506466, 21.2013389 ], [ 92.150598, 21.2013586 ] ] ] } },
{ "type": "Feature", "properties": { "osm_id": 555470039, "tag_value": "yes" }, "geometry": { "type": "Polygon", "coordinates": [ [ [ 92.1507517, 21.2013451 ], [ 92.1507439, 21.2013283 ], [ 92.1507734, 21.2013164 ], [ 92.1507812, 21.2013332 ], [ 92.1507517, 21.2013451 ] ] ] } },
{ "type": "Feature", "properties": { "osm_id": 555470040, "tag_value": "yes" }, "geometry": { "type": "Polygon", "coordinates": [ [ [ 92.1507089, 21.2010706 ], [ 92.1507053, 21.2010538 ], [ 92.1507427, 21.2010468 ], [ 92.1507463, 21.2010636 ], [ 92.1507089, 21.2010706 ] ] ] } },
{ "type": "Feature", "properties": { "osm_id": 555470041, "tag_value": "yes" }, "geometry": { "type": "Polygon", "coordinates": [ [ [ 92.1507763, 21.201059 ], [ 92.1507758, 21.2010325 ], [ 92.1508004, 21.2010321 ], [ 92.1508009, 21.2010587 ], [ 92.1507763, 21.201059 ] ] ] } },
{ "type": "Feature", "properties": { "osm_id": 555470042, "tag_value": "yes" }, "geometry": { "type": "Polygon", "coordinates": [ [ [ 92.1508977, 21.2010843 ], [ 92.1508912, 21.2010561 ], [ 92.1509304, 21.2010482 ], [ 92.150937, 21.2010764 ], [ 92.1508977, 21.2010843 ] ] ] } },
{ "type": "Feature", "properties": { "osm_id": 555470043, "tag_value": "yes" }, "geometry": { "type": "Polygon", "coordinates": [ [ [ 92.1508446, 21.2010947 ], [ 92.1508409, 21.2010951 ], [ 92.1508372, 21.2010653 ], [ 92.150879, 21.2010609 ], [ 92.1508827, 21.2010906 ], [ 92.1508446, 21.2010947 ] ] ] } },
{ "type": "Feature", "properties": { "osm_id": 555470044, "tag_value": "yes" }, "geometry": { "type": "Polygon", "coordinates": [ [ [ 92.150797, 21.2011158 ], [ 92.1507815, 21.2010874 ], [ 92.1508156, 21.2010712 ], [ 92.1508311, 21.2010996 ], [ 92.150797, 21.2011158 ] ] ] } },
{ "type": "Feature", "properties": { "osm_id": 555470045, "tag_value": "yes" }, "geometry": { "type": "Polygon", "coordinates": [ [ [ 92.1507565, 21.2011562 ], [ 92.1507348, 21.2010908 ], [ 92.1507632, 21.2010826 ], [ 92.1507849, 21.201148 ], [ 92.1507565, 21.2011562 ] ] ] } },
{ "type": "Feature", "properties": { "osm_id": 555470046, "tag_value": "yes" }, "geometry": { "type": "Polygon", "coordinates": [ [ [ 92.1506291, 21.2011466 ], [ 92.150628, 21.2011288 ], [ 92.1506698, 21.2011265 ], [ 92.1506709, 21.2011444 ], [ 92.1506291, 21.2011466 ] ] ] } },
{ "type": "Feature", "properties": { "osm_id": 555470047, "tag_value": "yes" }, "geometry": { "type": "Polygon", "coordinates": [ [ [ 92.150647, 21.2011773 ], [ 92.1506419, 21.2011612 ], [ 92.1506705, 21.2011533 ], [ 92.1506756, 21.2011695 ], [ 92.150647, 21.2011773 ] ] ] } },
{ "type": "Feature", "properties": { "osm_id": 555470048, "tag_value": "yes" }, "geometry": { "type": "Polygon", "coordinates": [ [ [ 92.1506821, 21.2011327 ], [ 92.1506762, 21.2011083 ], [ 92.1507172, 21.2010998 ], [ 92.1507231, 21.2011242 ], [ 92.1506821, 21.2011327 ] ] ] } },
{ "type": "Feature", "properties": { "osm_id": 555470049, "tag_value": "yes" }, "geometry": { "type": "Polygon", "coordinates": [ [ [ 92.1506832, 21.2011644 ], [ 92.1506771, 21.2011419 ], [ 92.1507246, 21.2011309 ], [ 92.1507306, 21.2011535 ], [ 92.1506832, 21.2011644 ] ] ] } },
{ "type": "Feature", "properties": { "osm_id": 555470050, "tag_value": "yes" }, "geometry": { "type": "Polygon", "coordinates": [ [ [ 92.1507152, 21.2012494 ], [ 92.1507038, 21.2012002 ], [ 92.1507348, 21.2011939 ], [ 92.1507462, 21.2012432 ], [ 92.1507152, 21.2012494 ] ] ] } },
{ "type": "Feature", "properties": { "osm_id": 555470051, "tag_value": "yes" }, "geometry": { "type": "Polygon", "coordinates": [ [ [ 92.1506728, 21.2012314 ], [ 92.1506617, 21.2011843 ], [ 92.1506922, 21.201178 ], [ 92.1507033, 21.2012252 ], [ 92.1506728, 21.2012314 ] ] ] } },
{ "type": "Feature", "properties": { "osm_id": 555470052, "tag_value": "yes" }, "geometry": { "type": "Polygon", "coordinates": [ [ [ 92.1506404, 21.2012265 ], [ 92.150636, 21.2012101 ], [ 92.150652, 21.2012064 ], [ 92.1506564, 21.2012228 ], [ 92.1506404, 21.2012265 ] ] ] } },
{ "type": "Feature", "properties": { "osm_id": 555470053, "tag_value": "yes" }, "geometry": { "type": "Polygon", "coordinates": [ [ [ 92.1506546, 21.2012578 ], [ 92.1506523, 21.2012366 ], [ 92.150681, 21.2012339 ], [ 92.1506833, 21.201255 ], [ 92.1506546, 21.2012578 ] ] ] } },
{ "type": "Feature", "properties": { "osm_id": 555470054, "tag_value": "yes" }, "geometry": { "type": "Polygon", "coordinates": [ [ [ 92.1506829, 21.2013075 ], [ 92.1506706, 21.2012749 ], [ 92.1507029, 21.2012643 ], [ 92.1507153, 21.2012969 ], [ 92.1506829, 21.2013075 ] ] ] } },
{ "type": "Feature", "properties": { "osm_id": 555470055, "tag_value": "yes" }, "geometry": { "type": "Polygon", "coordinates": [ [ [ 92.1506919, 21.201349 ], [ 92.150681, 21.2013167 ], [ 92.1507178, 21.2013059 ], [ 92.1507287, 21.2013382 ], [ 92.1506919, 21.201349 ] ] ] } },
{ "type": "Feature", "properties": { "osm_id": 555470056, "tag_value": "yes" }, "geometry": { "type": "Polygon", "coordinates": [ [ [ 92.1507309, 21.201328 ], [ 92.1507229, 21.2013052 ], [ 92.1507395, 21.2013002 ], [ 92.1507475, 21.2013229 ], [ 92.1507309, 21.201328 ] ] ] } },
{ "type": "Feature", "properties": { "osm_id": 555470057, "tag_value": "yes" }, "geometry": { "type": "Polygon", "coordinates": [ [ [ 92.150759, 21.2013073 ], [ 92.1507454, 21.2012722 ], [ 92.1507758, 21.201262 ], [ 92.1507894, 21.2012971 ], [ 92.150759, 21.2013073 ] ] ] } },
{ "type": "Feature", "properties": { "osm_id": 555470058, "tag_value": "yes" }, "geometry": { "type": "Polygon", "coordinates": [ [ [ 92.1507966, 21.2012941 ], [ 92.1507832, 21.2012551 ], [ 92.1508122, 21.2012465 ], [ 92.1508256, 21.2012855 ], [ 92.1507966, 21.2012941 ] ] ] } },
{ "type": "Feature", "properties": { "osm_id": 555470059, "tag_value": "yes" }, "geometry": { "type": "Polygon", "coordinates": [ [ [ 92.1507536, 21.2012335 ], [ 92.1507469, 21.201206 ], [ 92.1507879, 21.2011974 ], [ 92.1507945, 21.2012249 ], [ 92.1507536, 21.2012335 ] ] ] } },
{ "type": "Feature", "properties": { "osm_id": 555470303, "tag_value": "yes" }, "geometry": { "type": "Polygon", "coordinates": [ [ [ 92.1507972, 21.2011962 ], [ 92.1507862, 21.2011671 ], [ 92.1508212, 21.2011556 ], [ 92.1508322, 21.2011847 ], [ 92.1507972, 21.2011962 ] ] ] } },
{ "type": "Feature", "properties": { "osm_id": 555470304, "tag_value": "yes" }, "geometry": { "type": "Polygon", "coordinates": [ [ [ 92.1507427, 21.201201 ], [ 92.1507368, 21.2011741 ], [ 92.1507598, 21.2011698 ], [ 92.1507657, 21.2011967 ], [ 92.1507427, 21.201201 ] ] ] } },
{ "type": "Feature", "properties": { "osm_id": 555470305, "tag_value": "yes" }, "geometry": { "type": "Polygon", "coordinates": [ [ [ 92.1508506, 21.201166 ], [ 92.1508363, 21.2011419 ], [ 92.1508844, 21.2011172 ], [ 92.1508986, 21.2011414 ], [ 92.1508506, 21.201166 ] ] ] } },
{ "type": "Feature", "properties": { "osm_id": 555470306, "tag_value": "yes" }, "geometry": { "type": "Polygon", "coordinates": [ [ [ 92.1509076, 21.2012424 ], [ 92.1508863, 21.2012162 ], [ 92.1508833, 21.2012126 ], [ 92.1509091, 21.2011944 ], [ 92.1509121, 21.201198 ], [ 92.1509334, 21.2012242 ], [ 92.1509076, 21.2012424 ] ] ] } },
{ "type": "Feature", "properties": { "osm_id": 555470307, "tag_value": "yes" }, "geometry": { "type": "Polygon", "coordinates": [ [ [ 92.1508689, 21.2012969 ], [ 92.1508541, 21.2012732 ], [ 92.1508932, 21.2012519 ], [ 92.150908, 21.2012756 ], [ 92.1508689, 21.2012969 ] ] ] } },
{ "type": "Feature", "properties": { "osm_id": 555470308, "tag_value": "yes" }, "geometry": { "type": "Polygon", "coordinates": [ [ [ 92.1508296, 21.2012735 ], [ 92.1508123, 21.2012358 ], [ 92.1508411, 21.2012243 ], [ 92.1508585, 21.201262 ], [ 92.1508296, 21.2012735 ] ] ] } },
{ "type": "Feature", "properties": { "osm_id": 555470309, "tag_value": "yes" }, "geometry": { "type": "Polygon", "coordinates": [ [ [ 92.1508629, 21.2012479 ], [ 92.1508383, 21.2012165 ], [ 92.1508636, 21.2011992 ], [ 92.1508882, 21.2012306 ], [ 92.1508629, 21.2012479 ] ] ] } },
{ "type": "Feature", "properties": { "osm_id": 555470435, "tag_value": "yes" }, "geometry": { "type": "Polygon", "coordinates": [ [ [ 92.1509788, 21.2010685 ], [ 92.1509714, 21.2010431 ], [ 92.1510922, 21.2010125 ], [ 92.1510996, 21.2010379 ], [ 92.1509788, 21.2010685 ] ] ] } },
{ "type": "Feature", "properties": { "osm_id": 555470440, "tag_value": "yes" }, "geometry": { "type": "Polygon", "coordinates": [ [ [ 92.1511363, 21.2010151 ], [ 92.1511353, 21.2009754 ], [ 92.1512019, 21.2009739 ], [ 92.1512029, 21.2010137 ], [ 92.1511363, 21.2010151 ] ] ] } },
{ "type": "Feature", "properties": { "osm_id": 555470441, "tag_value": "yes" }, "geometry": { "type": "Polygon", "coordinates": [ [ [ 92.1512109, 21.2009889 ], [ 92.1512753, 21.2009841 ], [ 92.1512732, 21.2009598 ], [ 92.1512088, 21.2009646 ], [ 92.1512109, 21.2009889 ] ] ] } },
{ "type": "Feature", "properties": { "osm_id": 555470443, "tag_value": "yes" }, "geometry": { "type": "Polygon", "coordinates": [ [ [ 92.1511553, 21.2009515 ], [ 92.1511532, 21.2009201 ], [ 92.1512024, 21.2009171 ], [ 92.1512045, 21.2009485 ], [ 92.1511553, 21.2009515 ] ] ] } },
{ "type": "Feature", "properties": { "osm_id": 555470446, "tag_value": "yes" }, "geometry": { "type": "Polygon", "coordinates": [ [ [ 92.1511617, 21.2010647 ], [ 92.151157, 21.2010396 ], [ 92.15124, 21.2010258 ], [ 92.1512447, 21.2010508 ], [ 92.1511617, 21.2010647 ] ] ] } },
{ "type": "Feature", "properties": { "osm_id": 555470447, "tag_value": "yes" }, "geometry": { "type": "Polygon", "coordinates": [ [ [ 92.151119, 21.2010851 ], [ 92.1511112, 21.2010555 ], [ 92.1511408, 21.2010487 ], [ 92.1511486, 21.2010783 ], [ 92.151119, 21.2010851 ] ] ] } },
{ "type": "Feature", "properties": { "osm_id": 555470565, "tag_value": "yes" }, "geometry": { "type": "Polygon", "coordinates": [ [ [ 92.1509823, 21.2011209 ], [ 92.1509766, 21.2010929 ], [ 92.1510186, 21.2010854 ], [ 92.1510244, 21.2011134 ], [ 92.1509823, 21.2011209 ] ] ] } },
{ "type": "Feature", "properties": { "osm_id": 555470566, "tag_value": "yes" }, "geometry": { "type": "Polygon", "coordinates": [ [ [ 92.1510324, 21.2011109 ], [ 92.1510228, 21.2010779 ], [ 92.1510517, 21.2010706 ], [ 92.1510612, 21.2011036 ], [ 92.1510324, 21.2011109 ] ] ] } },
{ "type": "Feature", "properties": { "osm_id": 555470567, "tag_value": "yes" }, "geometry": { "type": "Polygon", "coordinates": [ [ [ 92.1510635, 21.2010998 ], [ 92.1510554, 21.2010689 ], [ 92.151097, 21.2010593 ], [ 92.1511051, 21.2010902 ], [ 92.1510635, 21.2010998 ] ] ] } },
{ "type": "Feature", "properties": { "osm_id": 555470568, "tag_value": "yes" }, "geometry": { "type": "Polygon", "coordinates": [ [ [ 92.1509988, 21.2011506 ], [ 92.1509925, 21.2011276 ], [ 92.1510219, 21.2011207 ], [ 92.1510282, 21.2011436 ], [ 92.1509988, 21.2011506 ] ] ] } },
{ "type": "Feature", "properties": { "osm_id": 555470569, "tag_value": "yes" }, "geometry": { "type": "Polygon", "coordinates": [ [ [ 92.1511412, 21.2012721 ], [ 92.1511415, 21.2012502 ], [ 92.151161, 21.2012505 ], [ 92.1511606, 21.2012724 ], [ 92.1511412, 21.2012721 ] ] ] } },
{ "type": "Feature", "properties": { "osm_id": 555470739, "tag_value": "yes" }, "geometry": { "type": "Polygon", "coordinates": [ [ [ 92.1508982, 21.2020255 ], [ 92.1508804, 21.2019892 ], [ 92.1509094, 21.2019769 ], [ 92.1509272, 21.2020132 ], [ 92.1508982, 21.2020255 ] ] ] } },
{ "type": "Feature", "properties": { "osm_id": 555470740, "tag_value": "yes" }, "geometry": { "type": "Polygon", "coordinates": [ [ [ 92.1508675, 21.2019918 ], [ 92.1508546, 21.2019675 ], [ 92.1509089, 21.2019423 ], [ 92.1509219, 21.2019666 ], [ 92.1508675, 21.2019918 ] ] ] } },
{ "type": "Feature", "properties": { "osm_id": 555470741, "tag_value": "yes" }, "geometry": { "type": "Polygon", "coordinates": [ [ [ 92.1508524, 21.2019641 ], [ 92.1508337, 21.2019319 ], [ 92.1508864, 21.2019053 ], [ 92.1509051, 21.2019375 ], [ 92.1508524, 21.2019641 ] ] ] } },
{ "type": "Feature", "properties": { "osm_id": 555470743, "tag_value": "yes" }, "geometry": { "type": "Polygon", "coordinates": [ [ [ 92.150604, 21.2019843 ], [ 92.1505973, 21.2019642 ], [ 92.1506398, 21.201952 ], [ 92.1506465, 21.2019721 ], [ 92.150604, 21.2019843 ] ] ] } },
{ "type": "Feature", "properties": { "osm_id": 555470744, "tag_value": "yes" }, "geometry": { "type": "Polygon", "coordinates": [ [ [ 92.1506762, 21.2018705 ], [ 92.1506874, 21.2018413 ], [ 92.1507374, 21.2018581 ], [ 92.1507261, 21.2018872 ], [ 92.1506762, 21.2018705 ] ] ] } },
{ "type": "Feature", "properties": { "osm_id": 555470745, "tag_value": "yes" }, "geometry": { "type": "Polygon", "coordinates": [ [ [ 92.1508188, 21.2019081 ], [ 92.1507851, 21.2018652 ], [ 92.1508131, 21.201846 ], [ 92.1508468, 21.201889 ], [ 92.1508188, 21.2019081 ] ] ] } },
{ "type": "Feature", "properties": { "osm_id": 555470746, "tag_value": "yes" }, "geometry": { "type": "Polygon", "coordinates": [ [ [ 92.1508102, 21.2018356 ], [ 92.1507838, 21.2017949 ], [ 92.1508146, 21.2017775 ], [ 92.150841, 21.2018182 ], [ 92.1508102, 21.2018356 ] ] ] } },
{ "type": "Feature", "properties": { "osm_id": 555470747, "tag_value": "yes" }, "geometry": { "type": "Polygon", "coordinates": [ [ [ 92.15078, 21.201794 ], [ 92.1507602, 21.2017648 ], [ 92.1508037, 21.2017392 ], [ 92.1508235, 21.2017684 ], [ 92.15078, 21.201794 ] ] ] } },
{ "type": "Feature", "properties": { "osm_id": 555470748, "tag_value": "yes" }, "geometry": { "type": "Polygon", "coordinates": [ [ [ 92.1506639, 21.2017963 ], [ 92.1506741, 21.2017695 ], [ 92.1507116, 21.2017818 ], [ 92.1507014, 21.2018087 ], [ 92.1506639, 21.2017963 ] ] ] } },
{ "type": "Feature", "properties": { "osm_id": 555470749, "tag_value": "yes" }, "geometry": { "type": "Polygon", "coordinates": [ [ [ 92.1507657, 21.201845 ], [ 92.1507281, 21.2018144 ], [ 92.1507465, 21.2017948 ], [ 92.150784, 21.2018254 ], [ 92.1507657, 21.201845 ] ] ] } },
{ "type": "Feature", "properties": { "osm_id": 555470750, "tag_value": "yes" }, "geometry": { "type": "Polygon", "coordinates": [ [ [ 92.1505844, 21.2019231 ], [ 92.1505708, 21.2018921 ], [ 92.1506247, 21.2018716 ], [ 92.1506383, 21.2019025 ], [ 92.1505844, 21.2019231 ] ] ] } },
{ "type": "Feature", "properties": { "osm_id": 555470751, "tag_value": "yes" }, "geometry": { "type": "Polygon", "coordinates": [ [ [ 92.1506046, 21.2018643 ], [ 92.1505956, 21.201836 ], [ 92.1506361, 21.2018248 ], [ 92.1506451, 21.2018531 ], [ 92.1506046, 21.2018643 ] ] ] } },
{ "type": "Feature", "properties": { "osm_id": 555470752, "tag_value": "yes" }, "geometry": { "type": "Polygon", "coordinates": [ [ [ 92.150569, 21.2018332 ], [ 92.1505565, 21.2017986 ], [ 92.1506306, 21.2017753 ], [ 92.1506431, 21.2018098 ], [ 92.150569, 21.2018332 ] ] ] } },
{ "type": "Feature", "properties": { "osm_id": 555470753, "tag_value": "yes" }, "geometry": { "type": "Polygon", "coordinates": [ [ [ 92.1505653, 21.2017729 ], [ 92.150553, 21.2017293 ], [ 92.1505933, 21.2017194 ], [ 92.1506056, 21.201763 ], [ 92.1505653, 21.2017729 ] ] ] } },
{ "type": "Feature", "properties": { "osm_id": 555470754, "tag_value": "yes" }, "geometry": { "type": "Polygon", "coordinates": [ [ [ 92.1506062, 21.2017399 ], [ 92.1506061, 21.2017067 ], [ 92.1506825, 21.2017065 ], [ 92.1506826, 21.2017396 ], [ 92.1506062, 21.2017399 ] ] ] } },
{ "type": "Feature", "properties": { "osm_id": 555470755, "tag_value": "yes" }, "geometry": { "type": "Polygon", "coordinates": [ [ [ 92.1506873, 21.201743 ], [ 92.1506957, 21.2017087 ], [ 92.150724, 21.2017147 ], [ 92.1507155, 21.2017491 ], [ 92.1506873, 21.201743 ] ] ] } },
{ "type": "Feature", "properties": { "osm_id": 555470756, "tag_value": "yes" }, "geometry": { "type": "Polygon", "coordinates": [ [ [ 92.1507241, 21.2017511 ], [ 92.1507254, 21.2017197 ], [ 92.1507543, 21.2017208 ], [ 92.150753, 21.2017522 ], [ 92.1507241, 21.2017511 ] ] ] } },
{ "type": "Feature", "properties": { "osm_id": 555470757, "tag_value": "yes" }, "geometry": { "type": "Polygon", "coordinates": [ [ [ 92.1508648, 21.2018391 ], [ 92.1508581, 21.2018267 ], [ 92.1508702, 21.201821 ], [ 92.1508768, 21.2018334 ], [ 92.1508648, 21.2018391 ] ] ] } },
{ "type": "Feature", "properties": { "osm_id": 555470789, "tag_value": "yes" }, "geometry": { "type": "Polygon", "coordinates": [ [ [ 92.1502935, 21.2018603 ], [ 92.1502924, 21.2017655 ], [ 92.1503732, 21.2017646 ], [ 92.1503743, 21.2018595 ], [ 92.1502935, 21.2018603 ] ] ] } },
{ "type": "Feature", "properties": { "osm_id": 555470790, "tag_value": "yes" }, "geometry": { "type": "Polygon", "coordinates": [ [ [ 92.1502919, 21.2017622 ], [ 92.150292, 21.2017275 ], [ 92.1503669, 21.2017277 ], [ 92.1503667, 21.2017624 ], [ 92.1502919, 21.2017622 ] ] ] } },
{ "type": "Feature", "properties": { "osm_id": 555470791, "tag_value": "yes" }, "geometry": { "type": "Polygon", "coordinates": [ [ [ 92.1504489, 21.2019945 ], [ 92.1504482, 21.2019794 ], [ 92.1504616, 21.2019789 ], [ 92.1504623, 21.201994 ], [ 92.1504489, 21.2019945 ] ] ] } },
{ "type": "Feature", "properties": { "osm_id": 555470792, "tag_value": "yes" }, "geometry": { "type": "Polygon", "coordinates": [ [ [ 92.1505101, 21.2018006 ], [ 92.1505094, 21.2017854 ], [ 92.1505228, 21.2017849 ], [ 92.1505235, 21.2018001 ], [ 92.1505101, 21.2018006 ] ] ] } },
{ "type": "Feature", "properties": { "osm_id": 555471424, "tag_value": "yes" }, "geometry": { "type": "Polygon", "coordinates": [ [ [ 92.1489755, 21.2013831 ], [ 92.1489683, 21.2013379 ], [ 92.1489965, 21.201334 ], [ 92.1490037, 21.2013792 ], [ 92.1489755, 21.2013831 ] ] ] } },
{ "type": "Feature", "properties": { "osm_id": 555471567, "tag_value": "yes" }, "geometry": { "type": "Polygon", "coordinates": [ [ [ 92.1489539, 21.2012426 ], [ 92.1489538, 21.2012148 ], [ 92.1490027, 21.2012146 ], [ 92.1490029, 21.2012424 ], [ 92.1489539, 21.2012426 ] ] ] } },
{ "type": "Feature", "properties": { "osm_id": 555471568, "tag_value": "yes" }, "geometry": { "type": "Polygon", "coordinates": [ [ [ 92.1489942, 21.2012961 ], [ 92.1490056, 21.2012411 ], [ 92.1490331, 21.2012461 ], [ 92.1490217, 21.2013011 ], [ 92.1489942, 21.2012961 ] ] ] } },
{ "type": "Feature", "properties": { "osm_id": 555471569, "tag_value": "yes" }, "geometry": { "type": "Polygon", "coordinates": [ [ [ 92.1490326, 21.2013048 ], [ 92.149033, 21.2012714 ], [ 92.1490584, 21.2012717 ], [ 92.149058, 21.2013051 ], [ 92.1490326, 21.2013048 ] ] ] } },
{ "type": "Feature", "properties": { "osm_id": 555471570, "tag_value": "yes" }, "geometry": { "type": "Polygon", "coordinates": [ [ [ 92.1490673, 21.2013105 ], [ 92.1490684, 21.2012833 ], [ 92.1491017, 21.2012846 ], [ 92.1491007, 21.2013117 ], [ 92.1490673, 21.2013105 ] ] ] } },
{ "type": "Feature", "properties": { "osm_id": 555471571, "tag_value": "yes" }, "geometry": { "type": "Polygon", "coordinates": [ [ [ 92.1491138, 21.2013099 ], [ 92.149117, 21.2012871 ], [ 92.1491441, 21.2012903 ], [ 92.1491409, 21.2013132 ], [ 92.1491138, 21.2013099 ] ] ] } },
{ "type": "Feature", "properties": { "osm_id": 555471572, "tag_value": "yes" }, "geometry": { "type": "Polygon", "coordinates": [ [ [ 92.149144, 21.2013148 ], [ 92.149148, 21.201291 ], [ 92.1491723, 21.2012945 ], [ 92.1491684, 21.2013183 ], [ 92.149144, 21.2013148 ] ] ] } },
{ "type": "Feature", "properties": { "osm_id": 555471573, "tag_value": "yes" }, "geometry": { "type": "Polygon", "coordinates": [ [ [ 92.1491699, 21.2013214 ], [ 92.1491746, 21.2012933 ], [ 92.1491988, 21.2012968 ], [ 92.1491942, 21.2013249 ], [ 92.1491699, 21.2013214 ] ] ] } },
{ "type": "Feature", "properties": { "osm_id": 555473624, "tag_value": "yes" }, "geometry": { "type": "Polygon", "coordinates": [ [ [ 92.1516795, 21.201308 ], [ 92.1516728, 21.2012286 ], [ 92.151708, 21.201226 ], [ 92.1517147, 21.2013054 ], [ 92.1516795, 21.201308 ] ] ] } },
{ "type": "Feature", "properties": { "osm_id": 555473625, "tag_value": "yes" }, "geometry": { "type": "Polygon", "coordinates": [ [ [ 92.1516011, 21.2012998 ], [ 92.1516045, 21.201264 ], [ 92.1516521, 21.2012679 ], [ 92.1516487, 21.2013036 ], [ 92.1516011, 21.2012998 ] ] ] } },
{ "type": "Feature", "properties": { "osm_id": 555473626, "tag_value": "yes" }, "geometry": { "type": "Polygon", "coordinates": [ [ [ 92.1516533, 21.2013591 ], [ 92.1516527, 21.2013377 ], [ 92.1516728, 21.2013371 ], [ 92.1516734, 21.2013585 ], [ 92.1516533, 21.2013591 ] ] ] } },
{ "type": "Feature", "properties": { "osm_id": 555476946, "tag_value": "yes" }, "geometry": { "type": "Polygon", "coordinates": [ [ [ 92.1493275, 21.2019888 ], [ 92.1493076, 21.2020214 ], [ 92.1492623, 21.2019973 ], [ 92.1492822, 21.2019647 ], [ 92.1493275, 21.2019888 ] ] ] } },
{ "type": "Feature", "properties": { "osm_id": 555480445, "tag_value": "yes" }, "geometry": { "type": "Polygon", "coordinates": [ [ [ 92.1489897, 21.2020176 ], [ 92.1490423, 21.2020365 ], [ 92.1490548, 21.2020063 ], [ 92.1490021, 21.2019874 ], [ 92.1489897, 21.2020176 ] ] ] } },
{ "type": "Feature", "properties": { "osm_id": 555480482, "tag_value": "yes" }, "geometry": { "type": "Polygon", "coordinates": [ [ [ 92.1494095, 21.201498 ], [ 92.1494034, 21.2014839 ], [ 92.1494447, 21.2014684 ], [ 92.1494508, 21.2014825 ], [ 92.1494095, 21.201498 ] ] ] } },
{ "type": "Feature", "properties": { "osm_id": 555480483, "tag_value": "yes" }, "geometry": { "type": "Polygon", "coordinates": [ [ [ 92.1494505, 21.201464 ], [ 92.1494473, 21.2014509 ], [ 92.1494657, 21.201447 ], [ 92.1494689, 21.2014601 ], [ 92.1494505, 21.201464 ] ] ] } },
{ "type": "Feature", "properties": { "osm_id": 555480484, "tag_value": "yes" }, "geometry": { "type": "Polygon", "coordinates": [ [ [ 92.1493668, 21.201479 ], [ 92.149361, 21.2014675 ], [ 92.1493844, 21.2014573 ], [ 92.1493902, 21.2014687 ], [ 92.1493668, 21.201479 ] ] ] } },
{ "type": "Feature", "properties": { "osm_id": 555480485, "tag_value": "yes" }, "geometry": { "type": "Polygon", "coordinates": [ [ [ 92.1493784, 21.2014957 ], [ 92.1493789, 21.2014858 ], [ 92.1493927, 21.2014865 ], [ 92.1493921, 21.2014963 ], [ 92.1493784, 21.2014957 ] ] ] } },
{ "type": "Feature", "properties": { "osm_id": 555480486, "tag_value": "yes" }, "geometry": { "type": "Polygon", "coordinates": [ [ [ 92.1492573, 21.2014895 ], [ 92.1492565, 21.2014736 ], [ 92.1492695, 21.201473 ], [ 92.1492703, 21.2014889 ], [ 92.1492573, 21.2014895 ] ] ] } },
{ "type": "Feature", "properties": { "osm_id": 555480487, "tag_value": "yes" }, "geometry": { "type": "Polygon", "coordinates": [ [ [ 92.1493761, 21.2014175 ], [ 92.1493711, 21.2013964 ], [ 92.1494062, 21.2013891 ], [ 92.1494112, 21.2014103 ], [ 92.1493761, 21.2014175 ] ] ] } },
{ "type": "Feature", "properties": { "osm_id": 555481928, "tag_value": "yes" }, "geometry": { "type": "Polygon", "coordinates": [ [ [ 92.1489683, 21.2019001 ], [ 92.1490073, 21.2019174 ], [ 92.1490178, 21.2018967 ], [ 92.1489789, 21.2018794 ], [ 92.1489683, 21.2019001 ] ] ] } },
{ "type": "Feature", "properties": { "osm_id": 555481931, "tag_value": "yes" }, "geometry": { "type": "Polygon", "coordinates": [ [ [ 92.1490957, 21.2019969 ], [ 92.1491368, 21.2020084 ], [ 92.1491435, 21.2019877 ], [ 92.1491024, 21.2019761 ], [ 92.1490957, 21.2019969 ] ] ] } },
{ "type": "Feature", "properties": { "osm_id": 555481932, "tag_value": "yes" }, "geometry": { "type": "Polygon", "coordinates": [ [ [ 92.1491888, 21.2020133 ], [ 92.1492325, 21.2020318 ], [ 92.1492392, 21.2020181 ], [ 92.1491955, 21.2019995 ], [ 92.1491888, 21.2020133 ] ] ] } },
{ "type": "Feature", "properties": { "osm_id": 555481933, "tag_value": "yes" }, "geometry": { "type": "Polygon", "coordinates": [ [ [ 92.1491516, 21.2020016 ], [ 92.1491721, 21.2020093 ], [ 92.1491804, 21.2019898 ], [ 92.1491599, 21.2019822 ], [ 92.1491516, 21.2020016 ] ] ] } },
{ "type": "Feature", "properties": { "osm_id": 555481934, "tag_value": "yes" }, "geometry": { "type": "Polygon", "coordinates": [ [ [ 92.1490448, 21.2017872 ], [ 92.1490672, 21.2017882 ], [ 92.1490683, 21.2017676 ], [ 92.1490459, 21.2017665 ], [ 92.1490448, 21.2017872 ] ] ] } },
{ "type": "Feature", "properties": { "osm_id": 555483317, "tag_value": "yes" }, "geometry": { "type": "Polygon", "coordinates": [ [ [ 92.1491609, 21.2014709 ], [ 92.1491306, 21.2014695 ], [ 92.1491317, 21.201449 ], [ 92.149162, 21.2014504 ], [ 92.1491609, 21.2014709 ] ] ] } },
{ "type": "Feature", "properties": { "osm_id": 555483318, "tag_value": "yes" }, "geometry": { "type": "Polygon", "coordinates": [ [ [ 92.1491392, 21.2015536 ], [ 92.1491163, 21.2015519 ], [ 92.1491185, 21.201527 ], [ 92.1491414, 21.2015287 ], [ 92.1491392, 21.2015536 ] ] ] } },
{ "type": "Feature", "properties": { "osm_id": 555483319, "tag_value": "yes" }, "geometry": { "type": "Polygon", "coordinates": [ [ [ 92.149047, 21.2015253 ], [ 92.149036, 21.2015052 ], [ 92.1490592, 21.2014927 ], [ 92.1490702, 21.2015132 ], [ 92.149047, 21.2015253 ] ] ] } },
{ "type": "Feature", "properties": { "osm_id": 555507839, "tag_value": "yes" }, "geometry": { "type": "Polygon", "coordinates": [ [ [ 92.1497897, 21.2013622 ], [ 92.149815, 21.2013709 ], [ 92.1498298, 21.2013337 ], [ 92.1498045, 21.201325 ], [ 92.1497897, 21.2013622 ] ] ] } },
{ "type": "Feature", "properties": { "osm_id": 555507840, "tag_value": "yes" }, "geometry": { "type": "Polygon", "coordinates": [ [ [ 92.1497911, 21.2013654 ], [ 92.149809, 21.2013704 ], [ 92.1498031, 21.2013892 ], [ 92.1497851, 21.2013842 ], [ 92.1497911, 21.2013654 ] ] ] } },
{ "type": "Feature", "properties": { "osm_id": 555536390, "tag_value": "yes" }, "geometry": { "type": "Polygon", "coordinates": [ [ [ 92.1492659, 21.2014312 ], [ 92.1492975, 21.2014306 ], [ 92.1492968, 21.2013988 ], [ 92.1492653, 21.2013992 ], [ 92.1492659, 21.2014312 ] ] ] } },
{ "type": "Feature", "properties": { "osm_id": 555536392, "tag_value": "yes" }, "geometry": { "type": "Polygon", "coordinates": [ [ [ 92.1492317, 21.2013993 ], [ 92.1492317, 21.2014015 ], [ 92.1492633, 21.2014009 ], [ 92.1492626, 21.2013669 ], [ 92.1492311, 21.2013674 ], [ 92.1492317, 21.2013993 ] ] ] } },
{ "type": "Feature", "properties": { "osm_id": 555540344, "tag_value": "yes" }, "geometry": { "type": "Polygon", "coordinates": [ [ [ 92.1489444, 21.2003851 ], [ 92.1490052, 21.2003998 ], [ 92.1490143, 21.2003671 ], [ 92.1489535, 21.2003524 ], [ 92.1489444, 21.2003851 ] ] ] } },
{ "type": "Feature", "properties": { "osm_id": 555548564, "tag_value": "yes" }, "geometry": { "type": "Polygon", "coordinates": [ [ [ 92.149012, 21.2001038 ], [ 92.1490529, 21.2001031 ], [ 92.1490524, 21.2000712 ], [ 92.1490115, 21.2000718 ], [ 92.149012, 21.2001038 ] ] ] } },
{ "type": "Feature", "properties": { "osm_id": 555548565, "tag_value": "yes" }, "geometry": { "type": "Polygon", "coordinates": [ [ [ 92.1491206, 21.2002376 ], [ 92.1491582, 21.2002389 ], [ 92.1491595, 21.2002076 ], [ 92.149122, 21.2002062 ], [ 92.1491206, 21.2002376 ] ] ] } },
{ "type": "Feature", "properties": { "osm_id": 555549777, "tag_value": "yes" }, "geometry": { "type": "Polygon", "coordinates": [ [ [ 92.1489808, 21.1999872 ], [ 92.1490147, 21.1999806 ], [ 92.1490082, 21.1999513 ], [ 92.1489743, 21.1999579 ], [ 92.1489808, 21.1999872 ] ] ] } },
{ "type": "Feature", "properties": { "osm_id": 555549778, "tag_value": "yes" }, "geometry": { "type": "Polygon", "coordinates": [ [ [ 92.149059, 21.1999706 ], [ 92.149059, 21.1999419 ], [ 92.1490194, 21.1999419 ], [ 92.1490194, 21.1999706 ], [ 92.149059, 21.1999706 ] ] ] } },
{ "type": "Feature", "properties": { "osm_id": 556707941, "tag_value": "yes" }, "geometry": { "type": "Polygon", "coordinates": [ [ [ 92.1519681, 21.2017187 ], [ 92.1519453, 21.2016801 ], [ 92.1520012, 21.2016514 ], [ 92.152024, 21.20169 ], [ 92.1519681, 21.2017187 ] ] ] } },
{ "type": "Feature", "properties": { "osm_id": 556707942, "tag_value": "yes" }, "geometry": { "type": "Polygon", "coordinates": [ [ [ 92.1519869, 21.2017542 ], [ 92.1519696, 21.2017195 ], [ 92.1520141, 21.2017001 ], [ 92.1520315, 21.2017348 ], [ 92.1519869, 21.2017542 ] ] ] } },
{ "type": "Feature", "properties": { "osm_id": 556707944, "tag_value": "yes" }, "geometry": { "type": "Polygon", "coordinates": [ [ [ 92.1519976, 21.2017982 ], [ 92.1519857, 21.2017793 ], [ 92.1520043, 21.2017691 ], [ 92.1520162, 21.2017881 ], [ 92.1519976, 21.2017982 ] ] ] } },
{ "type": "Feature", "properties": { "osm_id": 556707953, "tag_value": "yes" }, "geometry": { "type": "Polygon", "coordinates": [ [ [ 92.1519524, 21.2016372 ], [ 92.1519397, 21.201604 ], [ 92.1519716, 21.2015785 ], [ 92.1519538, 21.2015591 ], [ 92.1519762, 21.2015412 ], [ 92.1520172, 21.2015859 ], [ 92.1519524, 21.2016372 ] ] ] } },
{ "type": "Feature", "properties": { "osm_id": 556707961, "tag_value": "yes" }, "geometry": { "type": "Polygon", "coordinates": [ [ [ 92.1519499, 21.2014623 ], [ 92.151948, 21.2014436 ], [ 92.1519755, 21.2014411 ], [ 92.1519774, 21.2014597 ], [ 92.1519499, 21.2014623 ] ] ] } },
{ "type": "Feature", "properties": { "osm_id": 556709270, "tag_value": "yes" }, "geometry": { "type": "Polygon", "coordinates": [ [ [ 92.1518753, 21.2011794 ], [ 92.1518649, 21.2011457 ], [ 92.1519434, 21.2011246 ], [ 92.1519538, 21.2011582 ], [ 92.1518753, 21.2011794 ] ] ] } },
{ "type": "Feature", "properties": { "osm_id": 556709271, "tag_value": "yes" }, "geometry": { "type": "Polygon", "coordinates": [ [ [ 92.1519979, 21.2012541 ], [ 92.1519883, 21.2012139 ], [ 92.1520237, 21.2012066 ], [ 92.1520333, 21.2012468 ], [ 92.1519979, 21.2012541 ] ] ] } },
{ "type": "Feature", "properties": { "osm_id": 556709274, "tag_value": "yes" }, "geometry": { "type": "Polygon", "coordinates": [ [ [ 92.1518965, 21.2012641 ], [ 92.1518963, 21.2012482 ], [ 92.1519198, 21.201248 ], [ 92.1519199, 21.2012639 ], [ 92.1518965, 21.2012641 ] ] ] } },
{ "type": "Feature", "properties": { "osm_id": 556709275, "tag_value": "yes" }, "geometry": { "type": "Polygon", "coordinates": [ [ [ 92.1518491, 21.2010764 ], [ 92.1518443, 21.2010606 ], [ 92.1518568, 21.2010573 ], [ 92.1518616, 21.2010731 ], [ 92.1518491, 21.2010764 ] ] ] } },
{ "type": "Feature", "properties": { "osm_id": 556709276, "tag_value": "yes" }, "geometry": { "type": "Polygon", "coordinates": [ [ [ 92.1519355, 21.2010846 ], [ 92.1519284, 21.201023 ], [ 92.1519632, 21.2010195 ], [ 92.1519702, 21.2010812 ], [ 92.1519355, 21.2010846 ] ] ] } },
{ "type": "Feature", "properties": { "osm_id": 556709278, "tag_value": "yes" }, "geometry": { "type": "Polygon", "coordinates": [ [ [ 92.1519807, 21.2010604 ], [ 92.1519765, 21.201033 ], [ 92.1520166, 21.2010277 ], [ 92.1520208, 21.2010551 ], [ 92.1519807, 21.2010604 ] ] ] } },
{ "type": "Feature", "properties": { "osm_id": 556709279, "tag_value": "yes" }, "geometry": { "type": "Polygon", "coordinates": [ [ [ 92.1519826, 21.2011309 ], [ 92.1519786, 21.201097 ], [ 92.1520295, 21.2010917 ], [ 92.1520335, 21.2011256 ], [ 92.1519826, 21.2011309 ] ] ] } },
{ "type": "Feature", "properties": { "osm_id": 556710041, "tag_value": "yes" }, "geometry": { "type": "Polygon", "coordinates": [ [ [ 92.1519872, 21.2007351 ], [ 92.1519868, 21.2007084 ], [ 92.1520525, 21.2007075 ], [ 92.1520529, 21.2007342 ], [ 92.1519872, 21.2007351 ] ] ] } },
{ "type": "Feature", "properties": { "osm_id": 556710048, "tag_value": "yes" }, "geometry": { "type": "Polygon", "coordinates": [ [ [ 92.1520519, 21.2007028 ], [ 92.1519881, 21.2007039 ], [ 92.1519873, 21.2006626 ], [ 92.1520511, 21.2006615 ], [ 92.1520519, 21.2007028 ] ] ] } },
{ "type": "Feature", "properties": { "osm_id": 556710123, "tag_value": "yes" }, "geometry": { "type": "Polygon", "coordinates": [ [ [ 92.1516546, 21.2003799 ], [ 92.1516343, 21.2003444 ], [ 92.1516768, 21.2003232 ], [ 92.1516972, 21.2003587 ], [ 92.1516546, 21.2003799 ] ] ] } },
{ "type": "Feature", "properties": { "osm_id": 556710191, "tag_value": "yes" }, "geometry": { "type": "Polygon", "coordinates": [ [ [ 92.1517807, 21.2001426 ], [ 92.1517816, 21.2001203 ], [ 92.1518157, 21.2001215 ], [ 92.1518148, 21.2001438 ], [ 92.1517807, 21.2001426 ] ] ] } },
{ "type": "Feature", "properties": { "osm_id": 556710635, "tag_value": "yes" }, "geometry": { "type": "Polygon", "coordinates": [ [ [ 92.1518551, 21.2003124 ], [ 92.1518145, 21.2002552 ], [ 92.1518464, 21.2002355 ], [ 92.1518871, 21.2002927 ], [ 92.1518551, 21.2003124 ] ] ] } },
{ "type": "Feature", "properties": { "osm_id": 556710636, "tag_value": "yes" }, "geometry": { "type": "Polygon", "coordinates": [ [ [ 92.1519478, 21.2002754 ], [ 92.151888, 21.2002308 ], [ 92.1519191, 21.2001945 ], [ 92.1519789, 21.200239 ], [ 92.1519478, 21.2002754 ] ] ] } },
{ "type": "Feature", "properties": { "osm_id": 556710639, "tag_value": "yes" }, "geometry": { "type": "Polygon", "coordinates": [ [ [ 92.1519357, 21.2003791 ], [ 92.1519494, 21.200346 ], [ 92.1520014, 21.2003647 ], [ 92.1519877, 21.2003978 ], [ 92.1519357, 21.2003791 ] ] ] } },
{ "type": "Feature", "properties": { "osm_id": 556710640, "tag_value": "yes" }, "geometry": { "type": "Polygon", "coordinates": [ [ [ 92.1519677, 21.2003271 ], [ 92.1519814, 21.2002941 ], [ 92.1520334, 21.2003128 ], [ 92.1520197, 21.2003459 ], [ 92.1519677, 21.2003271 ] ] ] } },
{ "type": "Feature", "properties": { "osm_id": 556710649, "tag_value": "yes" }, "geometry": { "type": "Polygon", "coordinates": [ [ [ 92.1519949, 21.2005007 ], [ 92.1520059, 21.2004706 ], [ 92.1520504, 21.2004848 ], [ 92.1520394, 21.2005149 ], [ 92.1519949, 21.2005007 ] ] ] } },
{ "type": "Feature", "properties": { "osm_id": 556710650, "tag_value": "yes" }, "geometry": { "type": "Polygon", "coordinates": [ [ [ 92.1519409, 21.2005254 ], [ 92.1519476, 21.2004992 ], [ 92.1520396, 21.2005197 ], [ 92.1520329, 21.2005459 ], [ 92.1519409, 21.2005254 ] ] ] } },
{ "type": "Feature", "properties": { "osm_id": 556710651, "tag_value": "yes" }, "geometry": { "type": "Polygon", "coordinates": [ [ [ 92.1519804, 21.2006167 ], [ 92.151978, 21.2005621 ], [ 92.1520288, 21.2005602 ], [ 92.1520312, 21.2006148 ], [ 92.1519804, 21.2006167 ] ] ] } },
{ "type": "Feature", "properties": { "osm_id": 556710786, "tag_value": "yes" }, "geometry": { "type": "Polygon", "coordinates": [ [ [ 92.1518241, 21.2001749 ], [ 92.1518334, 21.2001979 ], [ 92.1518441, 21.2001941 ], [ 92.1518466, 21.2002004 ], [ 92.151897, 21.2001827 ], [ 92.1518829, 21.200148 ], [ 92.1518323, 21.2001658 ], [ 92.1518345, 21.2001713 ], [ 92.1518241, 21.2001749 ] ] ] } },
{ "type": "Feature", "properties": { "osm_id": 556710788, "tag_value": "yes" }, "geometry": { "type": "Polygon", "coordinates": [ [ [ 92.1519721, 21.2001834 ], [ 92.151935, 21.2001615 ], [ 92.151964, 21.2001189 ], [ 92.1520011, 21.2001408 ], [ 92.1519721, 21.2001834 ] ] ] } },
{ "type": "Feature", "properties": { "osm_id": 557700448, "tag_value": "yes" }, "geometry": { "type": "Polygon", "coordinates": [ [ [ 92.1509933, 21.2016576 ], [ 92.1509831, 21.2015864 ], [ 92.1509448, 21.2015911 ], [ 92.150955, 21.2016624 ], [ 92.1509933, 21.2016576 ] ] ] } },
{ "type": "Feature", "properties": { "osm_id": 557700451, "tag_value": "yes" }, "geometry": { "type": "Polygon", "coordinates": [ [ [ 92.1509372, 21.2015564 ], [ 92.1509378, 21.2015832 ], [ 92.1509844, 21.2015822 ], [ 92.1509838, 21.2015554 ], [ 92.1509372, 21.2015564 ] ] ] } },
{ "type": "Feature", "properties": { "osm_id": 557700453, "tag_value": "yes" }, "geometry": { "type": "Polygon", "coordinates": [ [ [ 92.150865, 21.20119 ], [ 92.1508908, 21.2011718 ], [ 92.1509073, 21.2011921 ], [ 92.1508815, 21.2012103 ], [ 92.150865, 21.20119 ] ] ] } },
{ "type": "Feature", "properties": { "osm_id": 557700455, "tag_value": "yes" }, "geometry": { "type": "Polygon", "coordinates": [ [ [ 92.1504923, 21.2011867 ], [ 92.1504591, 21.2011921 ], [ 92.1504537, 21.2011633 ], [ 92.150487, 21.2011579 ], [ 92.1504923, 21.2011867 ] ] ] } },
{ "type": "Feature", "properties": { "osm_id": 558037328, "tag_value": "yes" }, "geometry": { "type": "Polygon", "coordinates": [ [ [ 92.1514199, 21.2019866 ], [ 92.1514391, 21.2019875 ], [ 92.1514399, 21.20197 ], [ 92.1514208, 21.2019692 ], [ 92.1514199, 21.2019866 ] ] ] } },
{ "type": "Feature", "properties": { "osm_id": 558037329, "tag_value": "yes" }, "geometry": { "type": "Polygon", "coordinates": [ [ [ 92.1517632, 21.2018603 ], [ 92.1517824, 21.2018612 ], [ 92.1517832, 21.2018437 ], [ 92.1517641, 21.2018429 ], [ 92.1517632, 21.2018603 ] ] ] } },
{ "type": "Feature", "properties": { "osm_id": 558037330, "tag_value": "yes" }, "geometry": { "type": "Polygon", "coordinates": [ [ [ 92.1515326, 21.2018071 ], [ 92.1515518, 21.201808 ], [ 92.1515526, 21.2017905 ], [ 92.1515335, 21.2017897 ], [ 92.1515326, 21.2018071 ] ] ] } },
{ "type": "Feature", "properties": { "osm_id": 558037331, "tag_value": "yes" }, "geometry": { "type": "Polygon", "coordinates": [ [ [ 92.1514414, 21.2018459 ], [ 92.1514606, 21.2018468 ], [ 92.1514614, 21.2018293 ], [ 92.1514423, 21.2018285 ], [ 92.1514414, 21.2018459 ] ] ] } },
{ "type": "Feature", "properties": { "osm_id": 558037332, "tag_value": "yes" }, "geometry": { "type": "Polygon", "coordinates": [ [ [ 92.1507523, 21.2019925 ], [ 92.1507658, 21.2020247 ], [ 92.1507932, 21.2020148 ], [ 92.1507798, 21.2019825 ], [ 92.1507523, 21.2019925 ] ] ] } },
{ "type": "Feature", "properties": { "osm_id": 558037333, "tag_value": "yes" }, "geometry": { "type": "Polygon", "coordinates": [ [ [ 92.1507329, 21.2019562 ], [ 92.1507463, 21.2019885 ], [ 92.1507738, 21.2019785 ], [ 92.1507603, 21.2019463 ], [ 92.1507329, 21.2019562 ] ] ] } },
{ "type": "Feature", "properties": { "osm_id": 558037334, "tag_value": "yes" }, "geometry": { "type": "Polygon", "coordinates": [ [ [ 92.1507201, 21.2019231 ], [ 92.1507336, 21.2019553 ], [ 92.150761, 21.2019454 ], [ 92.1507476, 21.2019132 ], [ 92.1507201, 21.2019231 ] ] ] } },
{ "type": "Feature", "properties": { "osm_id": 558037335, "tag_value": "yes" }, "geometry": { "type": "Polygon", "coordinates": [ [ [ 92.1511551, 21.2013662 ], [ 92.1511786, 21.2013933 ], [ 92.1512151, 21.2013657 ], [ 92.1511915, 21.2013386 ], [ 92.1511551, 21.2013662 ] ] ] } },
{ "type": "Feature", "properties": { "osm_id": 558037336, "tag_value": "yes" }, "geometry": { "type": "Polygon", "coordinates": [ [ [ 92.1516896, 21.2011761 ], [ 92.1516533, 21.2011443 ], [ 92.1516809, 21.201117 ], [ 92.1517171, 21.2011487 ], [ 92.1516896, 21.2011761 ] ] ] } },
{ "type": "Feature", "properties": { "osm_id": 558037338, "tag_value": "yes" }, "geometry": { "type": "Polygon", "coordinates": [ [ [ 92.1516772, 21.2019476 ], [ 92.1516964, 21.2019485 ], [ 92.1516972, 21.201931 ], [ 92.1516781, 21.2019302 ], [ 92.1516772, 21.2019476 ] ] ] } },
{ "type": "Feature", "properties": { "osm_id": 558037339, "tag_value": "yes" }, "geometry": { "type": "Polygon", "coordinates": [ [ [ 92.1513943, 21.2019239 ], [ 92.1514135, 21.2019248 ], [ 92.1514143, 21.2019073 ], [ 92.1513952, 21.2019065 ], [ 92.1513943, 21.2019239 ] ] ] } },
{ "type": "Feature", "properties": { "osm_id": 558846022, "tag_value": "yes" }, "geometry": { "type": "Polygon", "coordinates": [ [ [ 92.151062, 21.2016173 ], [ 92.151098, 21.2016147 ], [ 92.1510949, 21.2016028 ], [ 92.1510877, 21.2015924 ], [ 92.1510637, 21.20158 ], [ 92.151062, 21.2016173 ] ] ] } },
{ "type": "Feature", "properties": { "osm_id": 558847303, "tag_value": "yes" }, "geometry": { "type": "Polygon", "coordinates": [ [ [ 92.1502355, 21.2013112 ], [ 92.1502286, 21.201274 ], [ 92.1501984, 21.2012789 ], [ 92.1502053, 21.2013161 ], [ 92.1502355, 21.2013112 ] ] ] } },
{ "type": "Feature", "properties": { "osm_id": 559496912, "tag_value": "yes" }, "geometry": { "type": "Polygon", "coordinates": [ [ [ 92.1494603, 21.2003688 ], [ 92.1494923, 21.2003867 ], [ 92.1495117, 21.2003564 ], [ 92.1494797, 21.2003385 ], [ 92.1494603, 21.2003688 ] ] ] } },
{ "type": "Feature", "properties": { "osm_id": 559496917, "tag_value": "yes" }, "geometry": { "type": "Polygon", "coordinates": [ [ [ 92.1497277, 21.2005555 ], [ 92.149724, 21.2005688 ], [ 92.1497563, 21.2005767 ], [ 92.1497601, 21.2005635 ], [ 92.1497277, 21.2005555 ] ] ] } },
{ "type": "Feature", "properties": { "osm_id": 559496919, "tag_value": "yes" }, "geometry": { "type": "Polygon", "coordinates": [ [ [ 92.1495168, 21.2005465 ], [ 92.1495443, 21.2005478 ], [ 92.1495432, 21.2005686 ], [ 92.1495234, 21.2005676 ], [ 92.1495232, 21.2005719 ], [ 92.1495155, 21.2005715 ], [ 92.1495158, 21.2005662 ], [ 92.1495094, 21.2005659 ], [ 92.14951, 21.2005545 ], [ 92.1495164, 21.2005548 ], [ 92.1495168, 21.2005465 ] ] ] } },
{ "type": "Feature", "properties": { "osm_id": 589224267, "tag_value": "yes" }, "geometry": { "type": "Polygon", "coordinates": [ [ [ 92.1508741, 21.1989852 ], [ 92.1509048, 21.1989533 ], [ 92.150961, 21.1990003 ], [ 92.1509303, 21.1990322 ], [ 92.1508741, 21.1989852 ] ] ] } },
{ "type": "Feature", "properties": { "osm_id": 589224270, "tag_value": "yes" }, "geometry": { "type": "Polygon", "coordinates": [ [ [ 92.1515379, 21.199929 ], [ 92.1515378, 21.1998572 ], [ 92.1515798, 21.1998571 ], [ 92.15158, 21.1999289 ], [ 92.1515379, 21.199929 ] ] ] } },
{ "type": "Feature", "properties": { "osm_id": 589224274, "tag_value": "yes" }, "geometry": { "type": "Polygon", "coordinates": [ [ [ 92.1514601, 21.1998495 ], [ 92.1514544, 21.1997726 ], [ 92.151413, 21.1997753 ], [ 92.1514187, 21.1998522 ], [ 92.1514601, 21.1998495 ] ] ] } },
{ "type": "Feature", "properties": { "osm_id": 589224277, "tag_value": "yes" }, "geometry": { "type": "Polygon", "coordinates": [ [ [ 92.1515231, 21.1998258 ], [ 92.1515095, 21.1997496 ], [ 92.1515505, 21.1997433 ], [ 92.1515641, 21.1998195 ], [ 92.1515231, 21.1998258 ] ] ] } },
{ "type": "Feature", "properties": { "osm_id": 589224280, "tag_value": "yes" }, "geometry": { "type": "Polygon", "coordinates": [ [ [ 92.1515038, 21.1997491 ], [ 92.1514883, 21.1997094 ], [ 92.1515359, 21.1996932 ], [ 92.1515515, 21.199733 ], [ 92.1515038, 21.1997491 ] ] ] } },
{ "type": "Feature", "properties": { "osm_id": 589224284, "tag_value": "yes" }, "geometry": { "type": "Polygon", "coordinates": [ [ [ 92.150517, 21.1996262 ], [ 92.1505049, 21.1995595 ], [ 92.1505442, 21.1995533 ], [ 92.1505563, 21.19962 ], [ 92.150517, 21.1996262 ] ] ] } },
{ "type": "Feature", "properties": { "osm_id": 589224287, "tag_value": "yes" }, "geometry": { "type": "Polygon", "coordinates": [ [ [ 92.1506396, 21.1996487 ], [ 92.1506287, 21.1995783 ], [ 92.1506667, 21.1995732 ], [ 92.1506775, 21.1996437 ], [ 92.1506396, 21.1996487 ] ] ] } },
{ "type": "Feature", "properties": { "osm_id": 589224290, "tag_value": "yes" }, "geometry": { "type": "Polygon", "coordinates": [ [ [ 92.1502451, 21.1992984 ], [ 92.1503041, 21.1992629 ], [ 92.1503254, 21.1992937 ], [ 92.1502665, 21.1993292 ], [ 92.1502451, 21.1992984 ] ] ] } },
{ "type": "Feature", "properties": { "osm_id": 589224292, "tag_value": "yes" }, "geometry": { "type": "Polygon", "coordinates": [ [ [ 92.1503411, 21.1992759 ], [ 92.1503187, 21.1992445 ], [ 92.1503897, 21.1992006 ], [ 92.150412, 21.1992321 ], [ 92.1503411, 21.1992759 ] ] ] } },
{ "type": "Feature", "properties": { "osm_id": 642826484, "tag_value": "yes" }, "geometry": { "type": "Polygon", "coordinates": [ [ [ 92.1495166, 21.1996124 ], [ 92.1495649, 21.1996221 ], [ 92.1495732, 21.1995861 ], [ 92.1495249, 21.1995764 ], [ 92.1495166, 21.1996124 ] ] ] } },
{ "type": "Feature", "properties": { "osm_id": 642826485, "tag_value": "yes" }, "geometry": { "type": "Polygon", "coordinates": [ [ [ 92.1495092, 21.199512 ], [ 92.1494742, 21.1995302 ], [ 92.1494973, 21.199569 ], [ 92.1495324, 21.1995508 ], [ 92.1495092, 21.199512 ] ] ] } },
{ "type": "Feature", "properties": { "osm_id": 642826486, "tag_value": "yes" }, "geometry": { "type": "Polygon", "coordinates": [ [ [ 92.1496239, 21.1995111 ], [ 92.1495498, 21.1995139 ], [ 92.1495516, 21.199555 ], [ 92.1496257, 21.1995522 ], [ 92.1496239, 21.1995111 ] ] ] } },
{ "type": "Feature", "properties": { "osm_id": 642826487, "tag_value": "yes" }, "geometry": { "type": "Polygon", "coordinates": [ [ [ 92.1496718, 21.1995836 ], [ 92.1496807, 21.1996213 ], [ 92.1497464, 21.1996078 ], [ 92.1497376, 21.1995702 ], [ 92.1496718, 21.1995836 ] ] ] } },
{ "type": "Feature", "properties": { "osm_id": 642826488, "tag_value": "yes" }, "geometry": { "type": "Polygon", "coordinates": [ [ [ 92.1495914, 21.1995933 ], [ 92.1495964, 21.1996306 ], [ 92.1496705, 21.1996218 ], [ 92.1496655, 21.1995846 ], [ 92.1495914, 21.1995933 ] ] ] } },
{ "type": "Feature", "properties": { "osm_id": 642826489, "tag_value": "yes" }, "geometry": { "type": "Polygon", "coordinates": [ [ [ 92.1496272, 21.199512 ], [ 92.1496292, 21.1995515 ], [ 92.1497026, 21.1995483 ], [ 92.1497007, 21.1995089 ], [ 92.1496272, 21.199512 ] ] ] } },
{ "type": "Feature", "properties": { "osm_id": 642826490, "tag_value": "yes" }, "geometry": { "type": "Polygon", "coordinates": [ [ [ 92.1496088, 21.1994477 ], [ 92.1496088, 21.199487 ], [ 92.1496852, 21.199487 ], [ 92.1496852, 21.1994477 ], [ 92.1496088, 21.1994477 ] ] ] } },
{ "type": "Feature", "properties": { "osm_id": 642826491, "tag_value": "yes" }, "geometry": { "type": "Polygon", "coordinates": [ [ [ 92.14952, 21.1994452 ], [ 92.1494788, 21.1994454 ], [ 92.1494791, 21.1994929 ], [ 92.1495203, 21.1994927 ], [ 92.14952, 21.1994452 ] ] ] } },
{ "type": "Feature", "properties": { "osm_id": 642826492, "tag_value": "yes" }, "geometry": { "type": "Polygon", "coordinates": [ [ [ 92.1495438, 21.1994164 ], [ 92.1495428, 21.1994889 ], [ 92.1495846, 21.1994894 ], [ 92.1495856, 21.1994169 ], [ 92.1495438, 21.1994164 ] ] ] } },
{ "type": "Feature", "properties": { "osm_id": 642826493, "tag_value": "yes" }, "geometry": { "type": "Polygon", "coordinates": [ [ [ 92.1494465, 21.199407 ], [ 92.1494472, 21.199427 ], [ 92.149463, 21.1994266 ], [ 92.1494624, 21.1994066 ], [ 92.1494465, 21.199407 ] ] ] } },
{ "type": "Feature", "properties": { "osm_id": 642826494, "tag_value": "yes" }, "geometry": { "type": "Polygon", "coordinates": [ [ [ 92.1495179, 21.1993923 ], [ 92.1494757, 21.1993945 ], [ 92.1494783, 21.1994392 ], [ 92.1495206, 21.199437 ], [ 92.1495179, 21.1993923 ] ] ] } },
{ "type": "Feature", "properties": { "osm_id": 642826495, "tag_value": "yes" }, "geometry": { "type": "Polygon", "coordinates": [ [ [ 92.1495857, 21.1994108 ], [ 92.149588, 21.1993398 ], [ 92.1495456, 21.1993386 ], [ 92.1495433, 21.1994095 ], [ 92.1495857, 21.1994108 ] ] ] } },
{ "type": "Feature", "properties": { "osm_id": 642826496, "tag_value": "yes" }, "geometry": { "type": "Polygon", "coordinates": [ [ [ 92.1496091, 21.1993583 ], [ 92.1496081, 21.1994301 ], [ 92.1496537, 21.1994307 ], [ 92.1496547, 21.1993588 ], [ 92.1496091, 21.1993583 ] ] ] } },
{ "type": "Feature", "properties": { "osm_id": 642826497, "tag_value": "yes" }, "geometry": { "type": "Polygon", "coordinates": [ [ [ 92.1496209, 21.1993398 ], [ 92.1496622, 21.1993468 ], [ 92.1496756, 21.1992784 ], [ 92.1496343, 21.1992714 ], [ 92.1496209, 21.1993398 ] ] ] } },
{ "type": "Feature", "properties": { "osm_id": 642826498, "tag_value": "yes" }, "geometry": { "type": "Polygon", "coordinates": [ [ [ 92.149592, 21.1993367 ], [ 92.1496162, 21.1992695 ], [ 92.1495779, 21.1992575 ], [ 92.1495537, 21.1993247 ], [ 92.149592, 21.1993367 ] ] ] } },
{ "type": "Feature", "properties": { "osm_id": 642826499, "tag_value": "yes" }, "geometry": { "type": "Polygon", "coordinates": [ [ [ 92.1496507, 21.1992657 ], [ 92.1496902, 21.1992787 ], [ 92.1497097, 21.1992271 ], [ 92.1496702, 21.1992142 ], [ 92.1496507, 21.1992657 ] ] ] } },
{ "type": "Feature", "properties": { "osm_id": 642826500, "tag_value": "yes" }, "geometry": { "type": "Polygon", "coordinates": [ [ [ 92.1495749, 21.1991857 ], [ 92.1495766, 21.1992036 ], [ 92.1496336, 21.1991989 ], [ 92.1496319, 21.199181 ], [ 92.1495749, 21.1991857 ] ] ] } },
{ "type": "Feature", "properties": { "osm_id": 642826501, "tag_value": "yes" }, "geometry": { "type": "Polygon", "coordinates": [ [ [ 92.1496993, 21.1993611 ], [ 92.1496604, 21.1993862 ], [ 92.1496859, 21.1994205 ], [ 92.1497248, 21.1993955 ], [ 92.1496993, 21.1993611 ] ] ] } },
{ "type": "Feature", "properties": { "osm_id": 642826502, "tag_value": "yes" }, "geometry": { "type": "Polygon", "coordinates": [ [ [ 92.1498562, 21.1994267 ], [ 92.1498549, 21.1994437 ], [ 92.149877, 21.1994453 ], [ 92.1498784, 21.1994283 ], [ 92.1498562, 21.1994267 ] ] ] } },
{ "type": "Feature", "properties": { "osm_id": 642826505, "tag_value": "yes" }, "geometry": { "type": "Polygon", "coordinates": [ [ [ 92.1506089, 21.2003676 ], [ 92.1506269, 21.2003782 ], [ 92.1506106, 21.2004024 ], [ 92.1506333, 21.2004157 ], [ 92.1506496, 21.2003914 ], [ 92.1506664, 21.2004012 ], [ 92.1507267, 21.2003111 ], [ 92.1506692, 21.2002775 ], [ 92.1506089, 21.2003676 ] ] ] } },
{ "type": "Feature", "properties": { "osm_id": 642826506, "tag_value": "yes" }, "geometry": { "type": "Polygon", "coordinates": [ [ [ 92.1505433, 21.2002065 ], [ 92.1506354, 21.2002564 ], [ 92.1506667, 21.2002062 ], [ 92.1505746, 21.2001563 ], [ 92.1505433, 21.2002065 ] ] ] } },
{ "type": "Feature", "properties": { "osm_id": 642826507, "tag_value": "yes" }, "geometry": { "type": "Polygon", "coordinates": [ [ [ 92.1506784, 21.2002113 ], [ 92.1506468, 21.2002581 ], [ 92.1507373, 21.2003112 ], [ 92.1507689, 21.2002644 ], [ 92.1506784, 21.2002113 ] ] ] } },
{ "type": "Feature", "properties": { "osm_id": 642826510, "tag_value": "yes" }, "geometry": { "type": "Polygon", "coordinates": [ [ [ 92.1517537, 21.2003425 ], [ 92.1517809, 21.2003834 ], [ 92.1518383, 21.2003503 ], [ 92.1518111, 21.2003094 ], [ 92.1517537, 21.2003425 ] ] ] } },
{ "type": "Feature", "properties": { "osm_id": 642826511, "tag_value": "yes" }, "geometry": { "type": "Polygon", "coordinates": [ [ [ 92.151726, 21.2003037 ], [ 92.1517524, 21.2003386 ], [ 92.1518081, 21.200302 ], [ 92.1517817, 21.2002671 ], [ 92.151726, 21.2003037 ] ] ] } },
{ "type": "Feature", "properties": { "osm_id": 642826512, "tag_value": "yes" }, "geometry": { "type": "Polygon", "coordinates": [ [ [ 92.1516753, 21.2003841 ], [ 92.1516976, 21.2004169 ], [ 92.1517619, 21.2003789 ], [ 92.1517397, 21.2003462 ], [ 92.1516753, 21.2003841 ] ] ] } },
{ "type": "Feature", "properties": { "osm_id": 642826513, "tag_value": "yes" }, "geometry": { "type": "Polygon", "coordinates": [ [ [ 92.1517035, 21.2004186 ], [ 92.1517259, 21.2004514 ], [ 92.151788, 21.2004145 ], [ 92.1517655, 21.2003817 ], [ 92.1517035, 21.2004186 ] ] ] } },
{ "type": "Feature", "properties": { "osm_id": 642826515, "tag_value": "yes" }, "geometry": { "type": "Polygon", "coordinates": [ [ [ 92.1519146, 21.199722 ], [ 92.1519299, 21.1997486 ], [ 92.151965, 21.1997312 ], [ 92.1519497, 21.1997046 ], [ 92.1519146, 21.199722 ] ] ] } },
{ "type": "Feature", "properties": { "osm_id": 642826516, "tag_value": "yes" }, "geometry": { "type": "Polygon", "coordinates": [ [ [ 92.1520278, 21.1998512 ], [ 92.1520339, 21.1997987 ], [ 92.1520016, 21.1997955 ], [ 92.1519956, 21.199848 ], [ 92.1520278, 21.1998512 ] ] ] } },
{ "type": "Feature", "properties": { "osm_id": 642826519, "tag_value": "yes" }, "geometry": { "type": "Polygon", "coordinates": [ [ [ 92.151468, 21.2003017 ], [ 92.1515088, 21.2002885 ], [ 92.1514944, 21.2002495 ], [ 92.1514535, 21.2002627 ], [ 92.151468, 21.2003017 ] ] ] } },
{ "type": "Feature", "properties": { "osm_id": 642826520, "tag_value": "yes" }, "geometry": { "type": "Polygon", "coordinates": [ [ [ 92.1518156, 21.2008768 ], [ 92.1518544, 21.2008731 ], [ 92.1518526, 21.2008561 ], [ 92.1518137, 21.2008598 ], [ 92.1518156, 21.2008768 ] ] ] } },
{ "type": "Feature", "properties": { "osm_id": 642826521, "tag_value": "yes" }, "geometry": { "type": "Polygon", "coordinates": [ [ [ 92.1516634, 21.2008133 ], [ 92.1517611, 21.2008564 ], [ 92.1518021, 21.2007758 ], [ 92.1517043, 21.2007327 ], [ 92.1516634, 21.2008133 ] ] ] } },
{ "type": "Feature", "properties": { "osm_id": 642826523, "tag_value": "yes" }, "geometry": { "type": "Polygon", "coordinates": [ [ [ 92.1517164, 21.200467 ], [ 92.1517257, 21.2005075 ], [ 92.1517988, 21.2004928 ], [ 92.1517894, 21.2004523 ], [ 92.1517164, 21.200467 ] ] ] } },
{ "type": "Feature", "properties": { "osm_id": 642826524, "tag_value": "yes" }, "geometry": { "type": "Polygon", "coordinates": [ [ [ 92.1515031, 21.1995805 ], [ 92.1515115, 21.1996008 ], [ 92.1515286, 21.1995947 ], [ 92.1515202, 21.1995744 ], [ 92.1515031, 21.1995805 ] ] ] } },
{ "type": "Feature", "properties": { "osm_id": 642826525, "tag_value": "yes" }, "geometry": { "type": "Polygon", "coordinates": [ [ [ 92.151439, 21.1999629 ], [ 92.1514887, 21.1999626 ], [ 92.151488, 21.1998647 ], [ 92.1514382, 21.199865 ], [ 92.151439, 21.1999629 ] ] ] } },
{ "type": "Feature", "properties": { "osm_id": 642826526, "tag_value": "yes" }, "geometry": { "type": "Polygon", "coordinates": [ [ [ 92.1514546, 21.199979 ], [ 92.1514548, 21.2000079 ], [ 92.1514918, 21.2000076 ], [ 92.1514916, 21.1999787 ], [ 92.1514546, 21.199979 ] ] ] } },
{ "type": "Feature", "properties": { "osm_id": 642826527, "tag_value": "yes" }, "geometry": { "type": "Polygon", "coordinates": [ [ [ 92.151545, 21.1999456 ], [ 92.1515517, 21.1999732 ], [ 92.1515936, 21.1999645 ], [ 92.1515869, 21.1999369 ], [ 92.151545, 21.1999456 ] ] ] } },
{ "type": "Feature", "properties": { "osm_id": 642826528, "tag_value": "yes" }, "geometry": { "type": "Polygon", "coordinates": [ [ [ 92.1513348, 21.1996014 ], [ 92.1513043, 21.199625 ], [ 92.1513586, 21.199686 ], [ 92.1513891, 21.1996624 ], [ 92.1513348, 21.1996014 ] ] ] } },
{ "type": "Feature", "properties": { "osm_id": 642826529, "tag_value": "yes" }, "geometry": { "type": "Polygon", "coordinates": [ [ [ 92.151392, 21.1996732 ], [ 92.1513571, 21.1996939 ], [ 92.1513983, 21.1997545 ], [ 92.1514333, 21.1997338 ], [ 92.151392, 21.1996732 ] ] ] } },
{ "type": "Feature", "properties": { "osm_id": 642826530, "tag_value": "yes" }, "geometry": { "type": "Polygon", "coordinates": [ [ [ 92.151349, 21.1997818 ], [ 92.151388, 21.1997586 ], [ 92.1513547, 21.19971 ], [ 92.1513157, 21.1997332 ], [ 92.151349, 21.1997818 ] ] ] } },
{ "type": "Feature", "properties": { "osm_id": 642826531, "tag_value": "yes" }, "geometry": { "type": "Polygon", "coordinates": [ [ [ 92.1514571, 21.199618 ], [ 92.1514789, 21.1996855 ], [ 92.1515204, 21.1996739 ], [ 92.1514986, 21.1996064 ], [ 92.1514571, 21.199618 ] ] ] } },
{ "type": "Feature", "properties": { "osm_id": 642826532, "tag_value": "yes" }, "geometry": { "type": "Polygon", "coordinates": [ [ [ 92.1514218, 21.1995584 ], [ 92.1514543, 21.1996162 ], [ 92.1514922, 21.1995977 ], [ 92.1514596, 21.1995398 ], [ 92.1514218, 21.1995584 ] ] ] } },
{ "type": "Feature", "properties": { "osm_id": 642826533, "tag_value": "yes" }, "geometry": { "type": "Polygon", "coordinates": [ [ [ 92.1513662, 21.1995004 ], [ 92.1514232, 21.199552 ], [ 92.1514525, 21.1995239 ], [ 92.1513955, 21.1994723 ], [ 92.1513662, 21.1995004 ] ] ] } },
{ "type": "Feature", "properties": { "osm_id": 642826534, "tag_value": "yes" }, "geometry": { "type": "Polygon", "coordinates": [ [ [ 92.1512868, 21.1995238 ], [ 92.1512562, 21.1995511 ], [ 92.1513132, 21.1996067 ], [ 92.1513438, 21.1995794 ], [ 92.1512868, 21.1995238 ] ] ] } },
{ "type": "Feature", "properties": { "osm_id": 642826535, "tag_value": "yes" }, "geometry": { "type": "Polygon", "coordinates": [ [ [ 92.1512873, 21.1996017 ], [ 92.1512282, 21.199548 ], [ 92.1512012, 21.1995738 ], [ 92.1512602, 21.1996275 ], [ 92.1512873, 21.1996017 ] ] ] } },
{ "type": "Feature", "properties": { "osm_id": 642826536, "tag_value": "yes" }, "geometry": { "type": "Polygon", "coordinates": [ [ [ 92.1512979, 21.1996343 ], [ 92.1512641, 21.1996602 ], [ 92.1513127, 21.1997155 ], [ 92.1513466, 21.1996896 ], [ 92.1512979, 21.1996343 ] ] ] } },
{ "type": "Feature", "properties": { "osm_id": 642826537, "tag_value": "yes" }, "geometry": { "type": "Polygon", "coordinates": [ [ [ 92.150587, 21.1996578 ], [ 92.1506064, 21.1996784 ], [ 92.1506336, 21.1996562 ], [ 92.1506142, 21.1996356 ], [ 92.150587, 21.1996578 ] ] ] } },
{ "type": "Feature", "properties": { "osm_id": 642826538, "tag_value": "yes" }, "geometry": { "type": "Polygon", "coordinates": [ [ [ 92.1507159, 21.1998368 ], [ 92.1507312, 21.1998745 ], [ 92.1507888, 21.1998542 ], [ 92.1507736, 21.1998165 ], [ 92.1507159, 21.1998368 ] ] ] } },
{ "type": "Feature", "properties": { "osm_id": 642826539, "tag_value": "yes" }, "geometry": { "type": "Polygon", "coordinates": [ [ [ 92.1508803, 21.1998223 ], [ 92.1509027, 21.1998548 ], [ 92.1509306, 21.1998381 ], [ 92.1509082, 21.1998056 ], [ 92.1508803, 21.1998223 ] ] ] } },
{ "type": "Feature", "properties": { "osm_id": 642826540, "tag_value": "yes" }, "geometry": { "type": "Polygon", "coordinates": [ [ [ 92.1508145, 21.1998621 ], [ 92.150835, 21.1998963 ], [ 92.1508769, 21.1998744 ], [ 92.1508564, 21.1998403 ], [ 92.1508145, 21.1998621 ] ] ] } },
{ "type": "Feature", "properties": { "osm_id": 642826541, "tag_value": "yes" }, "geometry": { "type": "Polygon", "coordinates": [ [ [ 92.150792, 21.1998093 ], [ 92.1508123, 21.1998426 ], [ 92.1508559, 21.1998195 ], [ 92.1508356, 21.1997862 ], [ 92.150792, 21.1998093 ] ] ] } },
{ "type": "Feature", "properties": { "osm_id": 642826542, "tag_value": "yes" }, "geometry": { "type": "Polygon", "coordinates": [ [ [ 92.1508808, 21.1997507 ], [ 92.1508429, 21.199776 ], [ 92.1508708, 21.1998122 ], [ 92.1509087, 21.1997869 ], [ 92.1508808, 21.1997507 ] ] ] } },
{ "type": "Feature", "properties": { "osm_id": 642826543, "tag_value": "yes" }, "geometry": { "type": "Polygon", "coordinates": [ [ [ 92.1509175, 21.1998053 ], [ 92.1509393, 21.1998389 ], [ 92.150969, 21.1998221 ], [ 92.1509472, 21.1997885 ], [ 92.1509175, 21.1998053 ] ] ] } },
{ "type": "Feature", "properties": { "osm_id": 642826546, "tag_value": "yes" }, "geometry": { "type": "Polygon", "coordinates": [ [ [ 92.1506827, 21.1994383 ], [ 92.1506514, 21.1994599 ], [ 92.1506943, 21.1995139 ], [ 92.1507256, 21.1994924 ], [ 92.1506827, 21.1994383 ] ] ] } },
{ "type": "Feature", "properties": { "osm_id": 642826547, "tag_value": "yes" }, "geometry": { "type": "Polygon", "coordinates": [ [ [ 92.1507385, 21.1993973 ], [ 92.1507081, 21.1994244 ], [ 92.1507608, 21.1994757 ], [ 92.1507911, 21.1994486 ], [ 92.1507385, 21.1993973 ] ] ] } },
{ "type": "Feature", "properties": { "osm_id": 642826548, "tag_value": "yes" }, "geometry": { "type": "Polygon", "coordinates": [ [ [ 92.1511581, 21.1992429 ], [ 92.1511758, 21.1992522 ], [ 92.1511845, 21.1992379 ], [ 92.1511668, 21.1992285 ], [ 92.1511581, 21.1992429 ] ] ] } },
{ "type": "Feature", "properties": { "osm_id": 642826549, "tag_value": "yes" }, "geometry": { "type": "Polygon", "coordinates": [ [ [ 92.1511005, 21.1992558 ], [ 92.1510757, 21.199286 ], [ 92.1511185, 21.1993166 ], [ 92.1511435, 21.1992867 ], [ 92.1511005, 21.1992558 ] ] ] } },
{ "type": "Feature", "properties": { "osm_id": 642826550, "tag_value": "yes" }, "geometry": { "type": "Polygon", "coordinates": [ [ [ 92.1512226, 21.1994641 ], [ 92.1511957, 21.1994893 ], [ 92.1512537, 21.1995431 ], [ 92.1512806, 21.1995179 ], [ 92.1512226, 21.1994641 ] ] ] } },
{ "type": "Feature", "properties": { "osm_id": 642826551, "tag_value": "yes" }, "geometry": { "type": "Polygon", "coordinates": [ [ [ 92.1511326, 21.1994403 ], [ 92.1511919, 21.1994853 ], [ 92.151216, 21.1994577 ], [ 92.1511567, 21.1994127 ], [ 92.1511326, 21.1994403 ] ] ] } },
{ "type": "Feature", "properties": { "osm_id": 642826552, "tag_value": "yes" }, "geometry": { "type": "Polygon", "coordinates": [ [ [ 92.1510769, 21.1993572 ], [ 92.1510561, 21.1993869 ], [ 92.1511298, 21.1994318 ], [ 92.1511506, 21.1994021 ], [ 92.1510769, 21.1993572 ] ] ] } },
{ "type": "Feature", "properties": { "osm_id": 642826553, "tag_value": "yes" }, "geometry": { "type": "Polygon", "coordinates": [ [ [ 92.1513037, 21.1994534 ], [ 92.1513633, 21.1994956 ], [ 92.1513872, 21.1994663 ], [ 92.1513275, 21.1994241 ], [ 92.1513037, 21.1994534 ] ] ] } },
{ "type": "Feature", "properties": { "osm_id": 642826554, "tag_value": "yes" }, "geometry": { "type": "Polygon", "coordinates": [ [ [ 92.1512663, 21.199375 ], [ 92.1512395, 21.1994016 ], [ 92.1512935, 21.1994491 ], [ 92.1513203, 21.1994226 ], [ 92.1512663, 21.199375 ] ] ] } },
{ "type": "Feature", "properties": { "osm_id": 642826555, "tag_value": "yes" }, "geometry": { "type": "Polygon", "coordinates": [ [ [ 92.1512026, 21.1993048 ], [ 92.1511732, 21.1993292 ], [ 92.1512305, 21.1993892 ], [ 92.1512599, 21.1993648 ], [ 92.1512026, 21.1993048 ] ] ] } },
{ "type": "Feature", "properties": { "osm_id": 642826558, "tag_value": "yes" }, "geometry": { "type": "Polygon", "coordinates": [ [ [ 92.1505878, 21.1994999 ], [ 92.1506177, 21.1995596 ], [ 92.1506552, 21.1995433 ], [ 92.1506253, 21.1994836 ], [ 92.1505878, 21.1994999 ] ] ] } },
{ "type": "Feature", "properties": { "osm_id": 642826559, "tag_value": "yes" }, "geometry": { "type": "Polygon", "coordinates": [ [ [ 92.1503209, 21.199628 ], [ 92.1503357, 21.1996853 ], [ 92.1504322, 21.1996636 ], [ 92.1504174, 21.1996064 ], [ 92.1503209, 21.199628 ] ] ] } },
{ "type": "Feature", "properties": { "osm_id": 642826560, "tag_value": "yes" }, "geometry": { "type": "Polygon", "coordinates": [ [ [ 92.1504001, 21.1991826 ], [ 92.1504277, 21.1992124 ], [ 92.1505085, 21.1991474 ], [ 92.1504809, 21.1991176 ], [ 92.1504001, 21.1991826 ] ] ] } },
{ "type": "Feature", "properties": { "osm_id": 642826561, "tag_value": "yes" }, "geometry": { "type": "Polygon", "coordinates": [ [ [ 92.1504175, 21.1993004 ], [ 92.1504549, 21.1993228 ], [ 92.1504999, 21.1992575 ], [ 92.1504624, 21.1992351 ], [ 92.1504175, 21.1993004 ] ] ] } },
{ "type": "Feature", "properties": { "osm_id": 642826562, "tag_value": "yes" }, "geometry": { "type": "Polygon", "coordinates": [ [ [ 92.1504379, 21.1993376 ], [ 92.1504058, 21.1993054 ], [ 92.1503744, 21.1993327 ], [ 92.1504065, 21.1993649 ], [ 92.1504379, 21.1993376 ] ] ] } },
{ "type": "Feature", "properties": { "osm_id": 642826563, "tag_value": "yes" }, "geometry": { "type": "Polygon", "coordinates": [ [ [ 92.1506145, 21.1992888 ], [ 92.1506265, 21.1992966 ], [ 92.1506389, 21.1992801 ], [ 92.1506269, 21.1992722 ], [ 92.1506145, 21.1992888 ] ] ] } },
{ "type": "Feature", "properties": { "osm_id": 642826564, "tag_value": "yes" }, "geometry": { "type": "Polygon", "coordinates": [ [ [ 92.1505358, 21.199324 ], [ 92.1505685, 21.199344 ], [ 92.1506154, 21.1992774 ], [ 92.1505827, 21.1992574 ], [ 92.1505358, 21.199324 ] ] ] } },
{ "type": "Feature", "properties": { "osm_id": 642826565, "tag_value": "yes" }, "geometry": { "type": "Polygon", "coordinates": [ [ [ 92.1504849, 21.1992167 ], [ 92.1505138, 21.1992438 ], [ 92.1505675, 21.1991941 ], [ 92.1505385, 21.199167 ], [ 92.1504849, 21.1992167 ] ] ] } },
{ "type": "Feature", "properties": { "osm_id": 642826566, "tag_value": "yes" }, "geometry": { "type": "Polygon", "coordinates": [ [ [ 92.1505882, 21.1992525 ], [ 92.1506184, 21.1992761 ], [ 92.1506643, 21.1992252 ], [ 92.1506342, 21.1992015 ], [ 92.1505882, 21.1992525 ] ] ] } },
{ "type": "Feature", "properties": { "osm_id": 642826567, "tag_value": "yes" }, "geometry": { "type": "Polygon", "coordinates": [ [ [ 92.1505841, 21.1991562 ], [ 92.1506017, 21.1991894 ], [ 92.1506819, 21.1991525 ], [ 92.1506641, 21.1991191 ], [ 92.1505841, 21.1991562 ] ] ] } },
{ "type": "Feature", "properties": { "osm_id": 642826568, "tag_value": "yes" }, "geometry": { "type": "Polygon", "coordinates": [ [ [ 92.1506821, 21.1991092 ], [ 92.1506968, 21.1991475 ], [ 92.1507696, 21.1991231 ], [ 92.1507548, 21.1990848 ], [ 92.1506821, 21.1991092 ] ] ] } },
{ "type": "Feature", "properties": { "osm_id": 642826569, "tag_value": "yes" }, "geometry": { "type": "Polygon", "coordinates": [ [ [ 92.1507122, 21.1991937 ], [ 92.1507182, 21.1992074 ], [ 92.150761, 21.1991909 ], [ 92.1507549, 21.1991771 ], [ 92.1507746, 21.1991696 ], [ 92.1507598, 21.1991361 ], [ 92.1506863, 21.1991644 ], [ 92.1507011, 21.199198 ], [ 92.1507122, 21.1991937 ] ] ] } },
{ "type": "Feature", "properties": { "osm_id": 642826570, "tag_value": "yes" }, "geometry": { "type": "Polygon", "coordinates": [ [ [ 92.1507955, 21.1991339 ], [ 92.1507824, 21.1991366 ], [ 92.1507874, 21.1991575 ], [ 92.1508004, 21.1991548 ], [ 92.1507955, 21.1991339 ] ] ] } },
{ "type": "Feature", "properties": { "osm_id": 642826571, "tag_value": "yes" }, "geometry": { "type": "Polygon", "coordinates": [ [ [ 92.1508649, 21.1992224 ], [ 92.1508041, 21.1991786 ], [ 92.1507785, 21.1992096 ], [ 92.1508392, 21.1992534 ], [ 92.1508649, 21.1992224 ] ] ] } },
{ "type": "Feature", "properties": { "osm_id": 642826572, "tag_value": "yes" }, "geometry": { "type": "Polygon", "coordinates": [ [ [ 92.1508836, 21.1992834 ], [ 92.1508553, 21.1993107 ], [ 92.1508991, 21.1993503 ], [ 92.1509274, 21.199323 ], [ 92.1508836, 21.1992834 ] ] ] } },
{ "type": "Feature", "properties": { "osm_id": 642826573, "tag_value": "yes" }, "geometry": { "type": "Polygon", "coordinates": [ [ [ 92.1509885, 21.1993302 ], [ 92.1510465, 21.199378 ], [ 92.1510729, 21.1993502 ], [ 92.1510149, 21.1993024 ], [ 92.1509885, 21.1993302 ] ] ] } },
{ "type": "Feature", "properties": { "osm_id": 642826574, "tag_value": "yes" }, "geometry": { "type": "Polygon", "coordinates": [ [ [ 92.1509664, 21.1992736 ], [ 92.1509374, 21.1993011 ], [ 92.1509729, 21.1993337 ], [ 92.1510019, 21.1993061 ], [ 92.1509664, 21.1992736 ] ] ] } },
{ "type": "Feature", "properties": { "osm_id": 642826575, "tag_value": "yes" }, "geometry": { "type": "Polygon", "coordinates": [ [ [ 92.1510085, 21.1992334 ], [ 92.1510625, 21.1992803 ], [ 92.1510895, 21.1992533 ], [ 92.1510355, 21.1992064 ], [ 92.1510085, 21.1992334 ] ] ] } },
{ "type": "Feature", "properties": { "osm_id": 642826576, "tag_value": "yes" }, "geometry": { "type": "Polygon", "coordinates": [ [ [ 92.1509842, 21.1991519 ], [ 92.1509541, 21.1991775 ], [ 92.1510044, 21.1992289 ], [ 92.1510345, 21.1992032 ], [ 92.1509842, 21.1991519 ] ] ] } },
{ "type": "Feature", "properties": { "osm_id": 642826577, "tag_value": "yes" }, "geometry": { "type": "Polygon", "coordinates": [ [ [ 92.1508189, 21.1990447 ], [ 92.1507927, 21.1990787 ], [ 92.1508453, 21.199114 ], [ 92.1508715, 21.1990801 ], [ 92.1508189, 21.1990447 ] ] ] } },
{ "type": "Feature", "properties": { "osm_id": 642826578, "tag_value": "yes" }, "geometry": { "type": "Polygon", "coordinates": [ [ [ 92.1508432, 21.1990015 ], [ 92.1508188, 21.1990321 ], [ 92.1508775, 21.1990727 ], [ 92.1509019, 21.1990421 ], [ 92.1508432, 21.1990015 ] ] ] } },
{ "type": "Feature", "properties": { "osm_id": 642826579, "tag_value": "yes" }, "geometry": { "type": "Polygon", "coordinates": [ [ [ 92.1508613, 21.1991134 ], [ 92.1508949, 21.1991342 ], [ 92.1509449, 21.1990641 ], [ 92.1509112, 21.1990432 ], [ 92.1508613, 21.1991134 ] ] ] } },
{ "type": "Feature", "properties": { "osm_id": 642826580, "tag_value": "yes" }, "geometry": { "type": "Polygon", "coordinates": [ [ [ 92.150954, 21.199032 ], [ 92.1509745, 21.1990967 ], [ 92.1510131, 21.199086 ], [ 92.1509926, 21.1990213 ], [ 92.150954, 21.199032 ] ] ] } },
{ "type": "Feature", "properties": { "osm_id": 642826581, "tag_value": "yes" }, "geometry": { "type": "Polygon", "coordinates": [ [ [ 92.1504876, 21.199111 ], [ 92.150514, 21.1991379 ], [ 92.1505677, 21.1990919 ], [ 92.1505412, 21.199065 ], [ 92.1504876, 21.199111 ] ] ] } },
{ "type": "Feature", "properties": { "osm_id": 642826582, "tag_value": "yes" }, "geometry": { "type": "Polygon", "coordinates": [ [ [ 92.1504705, 21.1990707 ], [ 92.1504836, 21.1990826 ], [ 92.1505198, 21.1990479 ], [ 92.1505067, 21.199036 ], [ 92.1504705, 21.1990707 ] ] ] } },
{ "type": "Feature", "properties": { "osm_id": 642826584, "tag_value": "yes" }, "geometry": { "type": "Polygon", "coordinates": [ [ [ 92.1506861, 21.1990229 ], [ 92.1506971, 21.1990569 ], [ 92.1507769, 21.1990344 ], [ 92.1507659, 21.1990004 ], [ 92.1506861, 21.1990229 ] ] ] } },
{ "type": "Feature", "properties": { "osm_id": 642826585, "tag_value": "yes" }, "geometry": { "type": "Polygon", "coordinates": [ [ [ 92.1506121, 21.1990475 ], [ 92.1506277, 21.1990841 ], [ 92.1506939, 21.1990595 ], [ 92.1506783, 21.199023 ], [ 92.1506121, 21.1990475 ] ] ] } },
{ "type": "Feature", "properties": { "osm_id": 642826586, "tag_value": "yes" }, "geometry": { "type": "Polygon", "coordinates": [ [ [ 92.1505601, 21.1989923 ], [ 92.1505869, 21.1990237 ], [ 92.1506492, 21.1989775 ], [ 92.1506224, 21.1989461 ], [ 92.1505601, 21.1989923 ] ] ] } },
{ "type": "Feature", "properties": { "osm_id": 642826591, "tag_value": "yes" }, "geometry": { "type": "Polygon", "coordinates": [ [ [ 92.149584, 21.1989294 ], [ 92.1495967, 21.1990013 ], [ 92.149639, 21.1989948 ], [ 92.1496263, 21.1989229 ], [ 92.149584, 21.1989294 ] ] ] } },
{ "type": "Feature", "properties": { "osm_id": 642826592, "tag_value": "yes" }, "geometry": { "type": "Polygon", "coordinates": [ [ [ 92.1494006, 21.1989619 ], [ 92.1494278, 21.1990041 ], [ 92.1494656, 21.1989829 ], [ 92.1494384, 21.1989407 ], [ 92.1494006, 21.1989619 ] ] ] } },
{ "type": "Feature", "properties": { "osm_id": 657943443, "tag_value": "yes" }, "geometry": { "type": "Polygon", "coordinates": [ [ [ 92.1492299, 21.2015026 ], [ 92.1491988, 21.2014952 ], [ 92.1491888, 21.2015317 ], [ 92.1492199, 21.2015392 ], [ 92.1492299, 21.2015026 ] ] ] } },
{ "type": "Feature", "properties": { "osm_id": 657943444, "tag_value": "yes" }, "geometry": { "type": "Polygon", "coordinates": [ [ [ 92.1493289, 21.2014279 ], [ 92.1493295, 21.2014461 ], [ 92.1493496, 21.2014454 ], [ 92.149349, 21.2014273 ], [ 92.1493289, 21.2014279 ] ] ] } },
{ "type": "Feature", "properties": { "osm_id": 657943445, "tag_value": "yes" }, "geometry": { "type": "Polygon", "coordinates": [ [ [ 92.1497962, 21.2015567 ], [ 92.1498384, 21.2015764 ], [ 92.1498827, 21.2014942 ], [ 92.1498405, 21.2014745 ], [ 92.1497962, 21.2015567 ] ] ] } },
{ "type": "Feature", "properties": { "osm_id": 657943446, "tag_value": "yes" }, "geometry": { "type": "Polygon", "coordinates": [ [ [ 92.1497288, 21.2014701 ], [ 92.1496939, 21.2014834 ], [ 92.1497067, 21.2015125 ], [ 92.1497416, 21.2014991 ], [ 92.1497288, 21.2014701 ] ] ] } },
{ "type": "Feature", "properties": { "osm_id": 657943447, "tag_value": "yes" }, "geometry": { "type": "Polygon", "coordinates": [ [ [ 92.1495508, 21.2014119 ], [ 92.1495537, 21.2014266 ], [ 92.1495758, 21.2014228 ], [ 92.1495729, 21.2014082 ], [ 92.1495508, 21.2014119 ] ] ] } },
{ "type": "Feature", "properties": { "osm_id": 657943448, "tag_value": "yes" }, "geometry": { "type": "Polygon", "coordinates": [ [ [ 92.1494415, 21.2014941 ], [ 92.1494459, 21.2015085 ], [ 92.1494921, 21.2014963 ], [ 92.1494878, 21.201482 ], [ 92.1494415, 21.2014941 ] ] ] } },
{ "type": "Feature", "properties": { "osm_id": 657943449, "tag_value": "yes" }, "geometry": { "type": "Polygon", "coordinates": [ [ [ 92.1496306, 21.2015067 ], [ 92.149527, 21.2015167 ], [ 92.1495321, 21.2015621 ], [ 92.1496357, 21.2015521 ], [ 92.1496306, 21.2015067 ] ] ] } },
{ "type": "Feature", "properties": { "osm_id": 657943450, "tag_value": "yes" }, "geometry": { "type": "Polygon", "coordinates": [ [ [ 92.1492045, 21.2010825 ], [ 92.1491994, 21.2010963 ], [ 92.1492188, 21.2011025 ], [ 92.1492239, 21.2010887 ], [ 92.1492045, 21.2010825 ] ] ] } },
{ "type": "Feature", "properties": { "osm_id": 657943451, "tag_value": "yes" }, "geometry": { "type": "Polygon", "coordinates": [ [ [ 92.1492031, 21.2012269 ], [ 92.1492038, 21.201242 ], [ 92.1492501, 21.2012401 ], [ 92.1492494, 21.201225 ], [ 92.1492031, 21.2012269 ] ] ] } },
{ "type": "Feature", "properties": { "osm_id": 657943452, "tag_value": "yes" }, "geometry": { "type": "Polygon", "coordinates": [ [ [ 92.1494581, 21.2011517 ], [ 92.1494253, 21.2011507 ], [ 92.1494241, 21.2011866 ], [ 92.149457, 21.2011876 ], [ 92.1494581, 21.2011517 ] ] ] } },
{ "type": "Feature", "properties": { "osm_id": 657943453, "tag_value": "yes" }, "geometry": { "type": "Polygon", "coordinates": [ [ [ 92.1497972, 21.2011178 ], [ 92.1497921, 21.2011308 ], [ 92.1498096, 21.2011368 ], [ 92.1498147, 21.2011237 ], [ 92.1497972, 21.2011178 ] ] ] } },
{ "type": "Feature", "properties": { "osm_id": 657943454, "tag_value": "yes" }, "geometry": { "type": "Polygon", "coordinates": [ [ [ 92.1497137, 21.2011469 ], [ 92.1497125, 21.2011631 ], [ 92.1497577, 21.2011662 ], [ 92.149759, 21.20115 ], [ 92.1497137, 21.2011469 ] ] ] } },
{ "type": "Feature", "properties": { "osm_id": 657943455, "tag_value": "yes" }, "geometry": { "type": "Polygon", "coordinates": [ [ [ 92.1495558, 21.2010203 ], [ 92.1495478, 21.2010617 ], [ 92.1496313, 21.2010758 ], [ 92.1496393, 21.2010343 ], [ 92.1495558, 21.2010203 ] ] ] } },
{ "type": "Feature", "properties": { "osm_id": 657943456, "tag_value": "yes" }, "geometry": { "type": "Polygon", "coordinates": [ [ [ 92.1494103, 21.2009234 ], [ 92.1494069, 21.2009392 ], [ 92.1494535, 21.2009479 ], [ 92.1494569, 21.2009321 ], [ 92.1494103, 21.2009234 ] ] ] } },
{ "type": "Feature", "properties": { "osm_id": 657943457, "tag_value": "yes" }, "geometry": { "type": "Polygon", "coordinates": [ [ [ 92.1494874, 21.2009771 ], [ 92.1494796, 21.2010145 ], [ 92.1495313, 21.2010239 ], [ 92.1495391, 21.2009865 ], [ 92.1494874, 21.2009771 ] ] ] } },
{ "type": "Feature", "properties": { "osm_id": 657943458, "tag_value": "yes" }, "geometry": { "type": "Polygon", "coordinates": [ [ [ 92.1493657, 21.2009874 ], [ 92.1493732, 21.2010331 ], [ 92.1494631, 21.2010202 ], [ 92.1494556, 21.2009746 ], [ 92.1493657, 21.2009874 ] ] ] } },
{ "type": "Feature", "properties": { "osm_id": 657943459, "tag_value": "yes" }, "geometry": { "type": "Polygon", "coordinates": [ [ [ 92.1489808, 21.200798 ], [ 92.1489797, 21.2008127 ], [ 92.1490021, 21.2008143 ], [ 92.1490033, 21.2007996 ], [ 92.1489808, 21.200798 ] ] ] } },
{ "type": "Feature", "properties": { "osm_id": 657943460, "tag_value": "yes" }, "geometry": { "type": "Polygon", "coordinates": [ [ [ 92.1490616, 21.2008033 ], [ 92.149059, 21.2008196 ], [ 92.1491049, 21.2008262 ], [ 92.1491076, 21.2008099 ], [ 92.1490616, 21.2008033 ] ] ] } },
{ "type": "Feature", "properties": { "osm_id": 685000590, "tag_value": "yes" }, "geometry": { "type": "Polygon", "coordinates": [ [ [ 92.1491729, 21.2008546 ], [ 92.1491662, 21.2008952 ], [ 92.1492185, 21.2009027 ], [ 92.1492252, 21.2008621 ], [ 92.1491729, 21.2008546 ] ] ] } },
{ "type": "Feature", "properties": { "osm_id": 685000597, "tag_value": "yes" }, "geometry": { "type": "Polygon", "coordinates": [ [ [ 92.1490408, 21.2015764 ], [ 92.1490326, 21.2016184 ], [ 92.1491265, 21.2016344 ], [ 92.1491347, 21.2015923 ], [ 92.1490408, 21.2015764 ] ] ] } },
{ "type": "Feature", "properties": { "osm_id": 685038105, "tag_value": "yes" }, "geometry": { "type": "Polygon", "coordinates": [ [ [ 92.1489436, 21.2009562 ], [ 92.1489334, 21.2009957 ], [ 92.1489931, 21.2010091 ], [ 92.1490033, 21.2009696 ], [ 92.1489436, 21.2009562 ] ] ] } },
{ "type": "Feature", "properties": { "osm_id": 685038106, "tag_value": "yes" }, "geometry": { "type": "Polygon", "coordinates": [ [ [ 92.1490097, 21.2009721 ], [ 92.1489952, 21.2010118 ], [ 92.1490901, 21.2010418 ], [ 92.1491046, 21.2010021 ], [ 92.1490097, 21.2009721 ] ] ] } },
{ "type": "Feature", "properties": { "osm_id": 685038107, "tag_value": "yes" }, "geometry": { "type": "Polygon", "coordinates": [ [ [ 92.1495984, 21.201185 ], [ 92.1495984, 21.2011997 ], [ 92.1496205, 21.2011997 ], [ 92.1496205, 21.201185 ], [ 92.1495984, 21.201185 ] ] ] } },
{ "type": "Feature", "properties": { "osm_id": 685038108, "tag_value": "yes" }, "geometry": { "type": "Polygon", "coordinates": [ [ [ 92.1494925, 21.20121 ], [ 92.1494922, 21.2012272 ], [ 92.1495123, 21.2012275 ], [ 92.1495126, 21.2012103 ], [ 92.1494925, 21.20121 ] ] ] } },
{ "type": "Feature", "properties": { "osm_id": 685556562, "tag_value": "yes" }, "geometry": { "type": "Polygon", "coordinates": [ [ [ 92.1514827, 21.199046 ], [ 92.151495, 21.1990635 ], [ 92.1515436, 21.1990338 ], [ 92.1515313, 21.1990163 ], [ 92.1514827, 21.199046 ] ] ] } },
{ "type": "Feature", "properties": { "osm_id": 685556563, "tag_value": "yes" }, "geometry": { "type": "Polygon", "coordinates": [ [ [ 92.1515829, 21.1990844 ], [ 92.1515911, 21.1990955 ], [ 92.1516028, 21.199088 ], [ 92.1515946, 21.1990769 ], [ 92.1515829, 21.1990844 ] ] ] } },
{ "type": "Feature", "properties": { "osm_id": 685556565, "tag_value": "yes" }, "geometry": { "type": "Polygon", "coordinates": [ [ [ 92.1516247, 21.1990668 ], [ 92.1516553, 21.1991281 ], [ 92.1516933, 21.1991116 ], [ 92.1516626, 21.1990503 ], [ 92.1516247, 21.1990668 ] ] ] } },
{ "type": "Feature", "properties": { "osm_id": 829571452, "tag_value": "yes" }, "geometry": { "type": "Polygon", "coordinates": [ [ [ 92.1500155, 21.201662 ], [ 92.1499903, 21.2016837 ], [ 92.1500216, 21.2017153 ], [ 92.1500468, 21.2016936 ], [ 92.1500155, 21.201662 ] ] ] } },
{ "type": "Feature", "properties": { "osm_id": 829571453, "tag_value": "yes" }, "geometry": { "type": "Polygon", "coordinates": [ [ [ 92.1499039, 21.2017134 ], [ 92.1499501, 21.2016906 ], [ 92.1499328, 21.2016601 ], [ 92.1498866, 21.2016829 ], [ 92.1499039, 21.2017134 ] ] ] } },
{ "type": "Feature", "properties": { "osm_id": 829571454, "tag_value": "yes" }, "geometry": { "type": "Polygon", "coordinates": [ [ [ 92.1499143, 21.2014125 ], [ 92.149887, 21.2014579 ], [ 92.1499183, 21.2014743 ], [ 92.1499456, 21.2014289 ], [ 92.1499143, 21.2014125 ] ] ] } },
{ "type": "Feature", "properties": { "osm_id": 829571478, "tag_value": "yes" }, "geometry": { "type": "Polygon", "coordinates": [ [ [ 92.1498869, 21.2019696 ], [ 92.1498395, 21.202072 ], [ 92.1498982, 21.2020956 ], [ 92.1499457, 21.2019932 ], [ 92.1498869, 21.2019696 ] ] ] } },
{ "type": "Feature", "properties": { "osm_id": 829571479, "tag_value": "yes" }, "geometry": { "type": "Polygon", "coordinates": [ [ [ 92.1500091, 21.2019585 ], [ 92.1500015, 21.2020488 ], [ 92.1500555, 21.2020528 ], [ 92.1500632, 21.2019625 ], [ 92.1500091, 21.2019585 ] ] ] } },
{ "type": "Feature", "properties": { "osm_id": 829571480, "tag_value": "yes" }, "geometry": { "type": "Polygon", "coordinates": [ [ [ 92.1501395, 21.2019748 ], [ 92.1501088, 21.2020532 ], [ 92.1501686, 21.2020735 ], [ 92.1501993, 21.2019952 ], [ 92.1501395, 21.2019748 ] ] ] } },
{ "type": "Feature", "properties": { "osm_id": 829571481, "tag_value": "yes" }, "geometry": { "type": "Polygon", "coordinates": [ [ [ 92.1501381, 21.2018695 ], [ 92.1500833, 21.201932 ], [ 92.1501262, 21.2019647 ], [ 92.150181, 21.2019023 ], [ 92.1501381, 21.2018695 ] ] ] } },
{ "type": "Feature", "properties": { "osm_id": 829571482, "tag_value": "yes" }, "geometry": { "type": "Polygon", "coordinates": [ [ [ 92.1500782, 21.2018405 ], [ 92.1500278, 21.2019074 ], [ 92.1500707, 21.2019355 ], [ 92.1501211, 21.2018686 ], [ 92.1500782, 21.2018405 ] ] ] } },
{ "type": "Feature", "properties": { "osm_id": 829571786, "tag_value": "yes" }, "geometry": { "type": "Polygon", "coordinates": [ [ [ 92.1502576, 21.1994918 ], [ 92.1503178, 21.1994714 ], [ 92.1503344, 21.1995302 ], [ 92.1503946, 21.1995099 ], [ 92.1503354, 21.199349 ], [ 92.1502145, 21.1993981 ], [ 92.1502576, 21.1994918 ] ] ] } },
{ "type": "Feature", "properties": { "osm_id": 829572675, "tag_value": "yes" }, "geometry": { "type": "Polygon", "coordinates": [ [ [ 92.149593, 21.2002851 ], [ 92.1495622, 21.2003232 ], [ 92.1495948, 21.2003461 ], [ 92.1496256, 21.2003079 ], [ 92.149593, 21.2002851 ] ] ] } },
{ "type": "Feature", "properties": { "osm_id": 829572676, "tag_value": "yes" }, "geometry": { "type": "Polygon", "coordinates": [ [ [ 92.1495401, 21.2002482 ], [ 92.1495143, 21.200283 ], [ 92.1495596, 21.2003121 ], [ 92.1495853, 21.2002773 ], [ 92.1495401, 21.2002482 ] ] ] } },
{ "type": "Feature", "properties": { "osm_id": 829572677, "tag_value": "yes" }, "geometry": { "type": "Polygon", "coordinates": [ [ [ 92.1494365, 21.2002116 ], [ 92.1495119, 21.2002545 ], [ 92.1495334, 21.2002217 ], [ 92.1494579, 21.2001788 ], [ 92.1494365, 21.2002116 ] ] ] } },
{ "type": "Feature", "properties": { "osm_id": 829640359, "tag_value": "yes" }, "geometry": { "type": "Polygon", "coordinates": [ [ [ 92.1497142, 21.2010567 ], [ 92.1497218, 21.2010041 ], [ 92.1496717, 21.2009978 ], [ 92.1496641, 21.2010504 ], [ 92.1497142, 21.2010567 ] ] ] } },
{ "type": "Feature", "properties": { "osm_id": 829640360, "tag_value": "yes" }, "geometry": { "type": "Polygon", "coordinates": [ [ [ 92.1497939, 21.2010667 ], [ 92.1498264, 21.2010695 ], [ 92.1498286, 21.2010476 ], [ 92.1497961, 21.2010448 ], [ 92.1497939, 21.2010667 ] ] ] } },
{ "type": "Feature", "properties": { "osm_id": 829640361, "tag_value": "yes" }, "geometry": { "type": "Polygon", "coordinates": [ [ [ 92.1499186, 21.2012516 ], [ 92.1499629, 21.2012403 ], [ 92.14994, 21.2011624 ], [ 92.1498958, 21.2011736 ], [ 92.1499186, 21.2012516 ] ] ] } },
{ "type": "Feature", "properties": { "osm_id": 829640362, "tag_value": "yes" }, "geometry": { "type": "Polygon", "coordinates": [ [ [ 92.1500179, 21.2013723 ], [ 92.1500523, 21.201371 ], [ 92.1500505, 21.2013299 ], [ 92.1500161, 21.2013312 ], [ 92.1500179, 21.2013723 ] ] ] } },
{ "type": "Feature", "properties": { "osm_id": 829640363, "tag_value": "yes" }, "geometry": { "type": "Polygon", "coordinates": [ [ [ 92.1513727, 21.2014907 ], [ 92.1514242, 21.2014882 ], [ 92.1514219, 21.2014457 ], [ 92.1513703, 21.2014482 ], [ 92.1513727, 21.2014907 ] ] ] } },
{ "type": "Feature", "properties": { "osm_id": 829640979, "tag_value": "yes" }, "geometry": { "type": "Polygon", "coordinates": [ [ [ 92.1492883, 21.2018852 ], [ 92.149287, 21.2019227 ], [ 92.14935, 21.2019246 ], [ 92.1493513, 21.2018871 ], [ 92.1492883, 21.2018852 ] ] ] } },
{ "type": "Feature", "properties": { "osm_id": 829640980, "tag_value": "yes" }, "geometry": { "type": "Polygon", "coordinates": [ [ [ 92.1490056, 21.1996436 ], [ 92.1490177, 21.1996942 ], [ 92.1490674, 21.1996839 ], [ 92.1490553, 21.1996333 ], [ 92.1490056, 21.1996436 ] ] ] } },
{ "type": "Feature", "properties": { "osm_id": 829647771, "tag_value": "yes" }, "geometry": { "type": "Polygon", "coordinates": [ [ [ 92.1518184, 21.1999912 ], [ 92.1517588, 21.2000792 ], [ 92.1517955, 21.2001008 ], [ 92.151855, 21.2000127 ], [ 92.1518184, 21.1999912 ] ] ] } },
{ "type": "Feature", "properties": { "osm_id": 829647772, "tag_value": "yes" }, "geometry": { "type": "Polygon", "coordinates": [ [ [ 92.1518603, 21.1999926 ], [ 92.1519, 21.2000132 ], [ 92.1519393, 21.1999473 ], [ 92.1518996, 21.1999267 ], [ 92.1518603, 21.1999926 ] ] ] } },
{ "type": "Feature", "properties": { "osm_id": 829647773, "tag_value": "yes" }, "geometry": { "type": "Polygon", "coordinates": [ [ [ 92.1517798, 21.1998839 ], [ 92.1517716, 21.1999633 ], [ 92.1518218, 21.1999678 ], [ 92.15183, 21.1998884 ], [ 92.1517798, 21.1998839 ] ] ] } },
{ "type": "Feature", "properties": { "osm_id": 829647774, "tag_value": "yes" }, "geometry": { "type": "Polygon", "coordinates": [ [ [ 92.1514062, 21.2002407 ], [ 92.1515289, 21.2002239 ], [ 92.1515198, 21.2001659 ], [ 92.1513971, 21.2001826 ], [ 92.1514062, 21.2002407 ] ] ] } },
{ "type": "Feature", "properties": { "osm_id": 829647775, "tag_value": "yes" }, "geometry": { "type": "Polygon", "coordinates": [ [ [ 92.1515397, 21.2002776 ], [ 92.1515649, 21.2002625 ], [ 92.1515446, 21.200233 ], [ 92.1515194, 21.2002481 ], [ 92.1515397, 21.2002776 ] ] ] } },
{ "type": "Feature", "properties": { "osm_id": 829647776, "tag_value": "yes" }, "geometry": { "type": "Polygon", "coordinates": [ [ [ 92.1514829, 21.200623 ], [ 92.1516309, 21.2006709 ], [ 92.1516587, 21.2005963 ], [ 92.1515107, 21.2005483 ], [ 92.1514829, 21.200623 ] ] ] } },
{ "type": "Feature", "properties": { "osm_id": 1368804332, "tag_value": "yes" }, "geometry": { "type": "Polygon", "coordinates": [ [ [ 92.1511209, 21.2007446 ], [ 92.1512128, 21.2007377 ], [ 92.1512021, 21.2006127 ], [ 92.1511102, 21.2006195 ], [ 92.1511209, 21.2007446 ] ] ] } },
{ "type": "Feature", "properties": { "osm_id": 1368817011, "tag_value": "yes" }, "geometry": { "type": "Polygon", "coordinates": [ [ [ 92.1508978, 21.1998947 ], [ 92.1509493, 21.1999629 ], [ 92.1510678, 21.1998851 ], [ 92.1510163, 21.1998169 ], [ 92.1508978, 21.1998947 ] ] ] } },
{ "type": "Feature", "properties": { "osm_id": 1368817012, "tag_value": "yes" }, "geometry": { "type": "Polygon", "coordinates": [ [ [ 92.1517981, 21.1998593 ], [ 92.1518027, 21.1997993 ], [ 92.151757, 21.1997963 ], [ 92.1517523, 21.1998562 ], [ 92.1517981, 21.1998593 ] ] ] } },
{ "type": "Feature", "properties": { "osm_id": 1370291927, "tag_value": "yes" }, "geometry": { "type": "Polygon", "coordinates": [ [ [ 92.1519913, 21.1998853 ], [ 92.1520265, 21.1998866 ], [ 92.1520275, 21.1998635 ], [ 92.1519923, 21.1998621 ], [ 92.1519913, 21.1998853 ] ] ] } },
{ "type": "Feature", "properties": { "osm_id": 1370291928, "tag_value": "yes" }, "geometry": { "type": "Polygon", "coordinates": [ [ [ 92.151936, 21.1997996 ], [ 92.1519641, 21.1997999 ], [ 92.1519645, 21.1997702 ], [ 92.1519363, 21.1997699 ], [ 92.151936, 21.1997996 ] ] ] } },
{ "type": "Feature", "properties": { "osm_id": 1370291929, "tag_value": "yes" }, "geometry": { "type": "Polygon", "coordinates": [ [ [ 92.1519584, 21.1998456 ], [ 92.1519774, 21.1998299 ], [ 92.1519523, 21.1998034 ], [ 92.1519333, 21.199819 ], [ 92.1519584, 21.1998456 ] ] ] } },
{ "type": "Feature", "properties": { "osm_id": 1370291930, "tag_value": "yes" }, "geometry": { "type": "Polygon", "coordinates": [ [ [ 92.1519443, 21.1998943 ], [ 92.1519712, 21.1998675 ], [ 92.1519377, 21.1998384 ], [ 92.1519109, 21.1998653 ], [ 92.1519443, 21.1998943 ] ] ] } },
{ "type": "Feature", "properties": { "osm_id": 1370291935, "tag_value": "yes" }, "geometry": { "type": "Polygon", "coordinates": [ [ [ 92.1520315, 21.200075 ], [ 92.1520472, 21.200052 ], [ 92.152014, 21.2000323 ], [ 92.1519983, 21.2000553 ], [ 92.1520315, 21.200075 ] ] ] } },
{ "type": "Feature", "properties": { "osm_id": 1370291936, "tag_value": "yes" }, "geometry": { "type": "Polygon", "coordinates": [ [ [ 92.1520044, 21.2001247 ], [ 92.1520308, 21.2000816 ], [ 92.152001, 21.2000656 ], [ 92.1519745, 21.2001088 ], [ 92.1520044, 21.2001247 ] ] ] } },
{ "type": "Feature", "properties": { "osm_id": 1370291975, "tag_value": "yes" }, "geometry": { "type": "Polygon", "coordinates": [ [ [ 92.1519906, 21.2006545 ], [ 92.152042, 21.2006538 ], [ 92.1520416, 21.2006236 ], [ 92.1519901, 21.2006243 ], [ 92.1519906, 21.2006545 ] ] ] } },
{ "type": "Feature", "properties": { "osm_id": 1370656950, "tag_value": "yes" }, "geometry": { "type": "Polygon", "coordinates": [ [ [ 92.1509279, 21.1991173 ], [ 92.1509582, 21.1991309 ], [ 92.1509699, 21.1991083 ], [ 92.1509396, 21.1990947 ], [ 92.1509279, 21.1991173 ] ] ] } },
{ "type": "Feature", "properties": { "osm_id": 1370656951, "tag_value": "yes" }, "geometry": { "type": "Polygon", "coordinates": [ [ [ 92.1506636, 21.1992165 ], [ 92.1506933, 21.1992011 ], [ 92.1506776, 21.1991746 ], [ 92.1506478, 21.19919 ], [ 92.1506636, 21.1992165 ] ] ] } },
{ "type": "Feature", "properties": { "osm_id": 1370656952, "tag_value": "yes" }, "geometry": { "type": "Polygon", "coordinates": [ [ [ 92.1518294, 21.1996939 ], [ 92.1518649, 21.1996933 ], [ 92.1518642, 21.1996575 ], [ 92.1518287, 21.1996582 ], [ 92.1518294, 21.1996939 ] ] ] } },
{ "type": "Feature", "properties": { "osm_id": 1370656953, "tag_value": "yes" }, "geometry": { "type": "Polygon", "coordinates": [ [ [ 92.1518557, 21.1996409 ], [ 92.1518991, 21.1996394 ], [ 92.1518979, 21.1996116 ], [ 92.1518546, 21.1996132 ], [ 92.1518557, 21.1996409 ] ] ] } },
{ "type": "Feature", "properties": { "osm_id": 1370656954, "tag_value": "yes" }, "geometry": { "type": "Polygon", "coordinates": [ [ [ 92.1517554, 21.1995809 ], [ 92.151793, 21.1995791 ], [ 92.1517909, 21.1995404 ], [ 92.1517533, 21.1995421 ], [ 92.1517554, 21.1995809 ] ] ] } },
{ "type": "Feature", "properties": { "osm_id": 1370656955, "tag_value": "yes" }, "geometry": { "type": "Polygon", "coordinates": [ [ [ 92.1516679, 21.1992577 ], [ 92.1516933, 21.1992895 ], [ 92.1517269, 21.1992661 ], [ 92.1517015, 21.1992343 ], [ 92.1516679, 21.1992577 ] ] ] } },
{ "type": "Feature", "properties": { "osm_id": 1370656975, "tag_value": "yes" }, "geometry": { "type": "Polygon", "coordinates": [ [ [ 92.1509406, 21.1992822 ], [ 92.1508796, 21.1992254 ], [ 92.1508598, 21.1992439 ], [ 92.1509207, 21.1993007 ], [ 92.1509406, 21.1992822 ] ] ] } },
{ "type": "Feature", "properties": { "osm_id": 1370656976, "tag_value": "yes" }, "geometry": { "type": "Polygon", "coordinates": [ [ [ 92.1509472, 21.199172 ], [ 92.1509777, 21.1991467 ], [ 92.1509667, 21.199135 ], [ 92.1509361, 21.1991604 ], [ 92.1509472, 21.199172 ] ] ] } },
{ "type": "Feature", "properties": { "osm_id": 1370656977, "tag_value": "yes" }, "geometry": { "type": "Polygon", "coordinates": [ [ [ 92.1510925, 21.1992358 ], [ 92.1511197, 21.1992556 ], [ 92.1511427, 21.1992281 ], [ 92.1511155, 21.1992083 ], [ 92.1510925, 21.1992358 ] ] ] } },
{ "type": "Feature", "properties": { "osm_id": 1370656978, "tag_value": "yes" }, "geometry": { "type": "Polygon", "coordinates": [ [ [ 92.1510333, 21.1991908 ], [ 92.1510738, 21.1992276 ], [ 92.1511, 21.1992025 ], [ 92.1510595, 21.1991657 ], [ 92.1510333, 21.1991908 ] ] ] } },
{ "type": "Feature", "properties": { "osm_id": 1370656979, "tag_value": "yes" }, "geometry": { "type": "Polygon", "coordinates": [ [ [ 92.151002, 21.1991587 ], [ 92.151031, 21.1991829 ], [ 92.1510505, 21.1991626 ], [ 92.1510215, 21.1991383 ], [ 92.151002, 21.1991587 ] ] ] } },
{ "type": "Feature", "properties": { "osm_id": 1370656982, "tag_value": "yes" }, "geometry": { "type": "Polygon", "coordinates": [ [ [ 92.1513603, 21.1992169 ], [ 92.1513938, 21.1992106 ], [ 92.1513913, 21.1991993 ], [ 92.1513579, 21.1992056 ], [ 92.1513603, 21.1992169 ] ] ] } },
{ "type": "Feature", "properties": { "osm_id": 1370656983, "tag_value": "yes" }, "geometry": { "type": "Polygon", "coordinates": [ [ [ 92.1517476, 21.1993321 ], [ 92.1517867, 21.1993406 ], [ 92.1518025, 21.1992767 ], [ 92.1517634, 21.1992682 ], [ 92.1517476, 21.1993321 ] ] ] } },
{ "type": "Feature", "properties": { "osm_id": 1373441358, "tag_value": "yes" }, "geometry": { "type": "Polygon", "coordinates": [ [ [ 92.1519618, 21.1991698 ], [ 92.1519794, 21.1991534 ], [ 92.1519552, 21.1991308 ], [ 92.1519376, 21.1991473 ], [ 92.1519618, 21.1991698 ] ] ] } },
{ "type": "Feature", "properties": { "osm_id": 1373441359, "tag_value": "yes" }, "geometry": { "type": "Polygon", "coordinates": [ [ [ 92.151999, 21.199156 ], [ 92.1520215, 21.1991354 ], [ 92.1520023, 21.1991173 ], [ 92.1519798, 21.1991379 ], [ 92.151999, 21.199156 ] ] ] } },
{ "type": "Feature", "properties": { "osm_id": 1373441360, "tag_value": "yes" }, "geometry": { "type": "Polygon", "coordinates": [ [ [ 92.1519668, 21.1990488 ], [ 92.1519886, 21.1990307 ], [ 92.1519671, 21.1990082 ], [ 92.1519453, 21.1990263 ], [ 92.1519668, 21.1990488 ] ] ] } },
{ "type": "Feature", "properties": { "osm_id": 1373441361, "tag_value": "yes" }, "geometry": { "type": "Polygon", "coordinates": [ [ [ 92.1519584, 21.1991266 ], [ 92.1519973, 21.1991054 ], [ 92.1519819, 21.1990809 ], [ 92.151943, 21.1991021 ], [ 92.1519584, 21.1991266 ] ] ] } },
{ "type": "Feature", "properties": { "osm_id": 1373441362, "tag_value": "yes" }, "geometry": { "type": "Polygon", "coordinates": [ [ [ 92.1520258, 21.1992245 ], [ 92.1520499, 21.1991965 ], [ 92.1520221, 21.1991757 ], [ 92.151998, 21.1992037 ], [ 92.1520258, 21.1992245 ] ] ] } },
{ "type": "Feature", "properties": { "osm_id": 1373441488, "tag_value": "yes" }, "geometry": { "type": "Polygon", "coordinates": [ [ [ 92.1520087, 21.1993326 ], [ 92.1520335, 21.1992973 ], [ 92.1520037, 21.1992792 ], [ 92.1519789, 21.1993145 ], [ 92.1520087, 21.1993326 ] ] ] } },
{ "type": "Feature", "properties": { "osm_id": 1373441489, "tag_value": "yes" }, "geometry": { "type": "Polygon", "coordinates": [ [ [ 92.1519413, 21.1994445 ], [ 92.1519687, 21.1994314 ], [ 92.1519551, 21.1994067 ], [ 92.1519277, 21.1994198 ], [ 92.1519413, 21.1994445 ] ] ] } },
{ "type": "Feature", "properties": { "osm_id": 1373441493, "tag_value": "yes" }, "geometry": { "type": "Polygon", "coordinates": [ [ [ 92.1519839, 21.1997815 ], [ 92.1520088, 21.1997807 ], [ 92.1520075, 21.1997426 ], [ 92.1519826, 21.1997434 ], [ 92.1519839, 21.1997815 ] ] ] } },
{ "type": "Feature", "properties": { "osm_id": 1373441496, "tag_value": "yes" }, "geometry": { "type": "Polygon", "coordinates": [ [ [ 92.1519507, 21.1997659 ], [ 92.1519774, 21.1997526 ], [ 92.1519685, 21.1997371 ], [ 92.1519418, 21.1997504 ], [ 92.1519507, 21.1997659 ] ] ] } },
{ "type": "Feature", "properties": { "osm_id": 1373441497, "tag_value": "yes" }, "geometry": { "type": "Polygon", "coordinates": [ [ [ 92.1519759, 21.1997312 ], [ 92.1519997, 21.1997193 ], [ 92.1519839, 21.1996918 ], [ 92.1519601, 21.1997036 ], [ 92.1519759, 21.1997312 ] ] ] } }
]
}
