{
"type": "FeatureCollection",
"name": "needs_choropleth_coxsbazar",
"crs": { "type": "name", "properties": { "name": "urn:ogc:def:crs:OGC:1.3:CRS84" } },
"features": [
{ "type": "Feature", "properties": { "adm3_name": "Naikkhongchhari", "adm3_name1": null, "adm3_name2": null, "adm3_name3": null, "adm3_pcode": "BD20030073", "adm2_name": "Bandarban", "adm2_name1": null, "adm2_name2": null, "adm2_name3": null, "adm2_pcode": "BD2003", "adm1_name": "Chattogram", "adm1_name1": null, "adm1_name2": null, "adm1_name3": null, "adm1_pcode": "BD20", "adm0_name": "Bangladesh", "adm0_name1": null, "adm0_name2": null, "adm0_name3": null, "adm0_pcode": "BD", "valid_on": "2023-05-21T00:00:00", "valid_to": null, "area_sqkm": 517.34822098999996, "version": "v03", "lang": "en", "lang1": null, "lang2": null, "lang3": null, "adm3_ref_name": null, "center_lat": 21.47139618, "center_lon": 92.24297656, "location/upazila": "naikhongchhari", "n_sites": 4, "avg_shelter_severity": 19.0, "avg_water_severity": 62.5, "avg_protection_count": 1.0, "pct_health_priority": 50.0, "protection_severity": 50.0, "needs_score": 43.8, "synthetic_upazila_slug": "naikhongchhari", "official_adm3_name": "Naikkhongchhari", "official_adm3_pcode": "BD20030073", "official_adm2_name": "Bandarban", "official_adm2_pcode": "BD2003", "note": "name mismatch: synthetic slug \"naikhongchhari\" (one k) vs official \"Naikkhongchhari\" (two ks)" }, "geometry": { "type": "Polygon", "coordinates": [ [ [ 92.256698401000051, 21.623267704000057 ], [ 92.255726228000128, 21.625033342000108 ], [ 92.25421153800005, 21.627784199000075 ], [ 92.254172387000096, 21.627855290000014 ], [ 92.253905169000177, 21.62864451300004 ], [ 92.253448120000144, 21.631009760000097 ], [ 92.253279952000071, 21.631881164000049 ], [ 92.252944713000147, 21.634522135000168 ], [ 92.252832437000052, 21.635406616000068 ], [ 92.25286311800005, 21.637384172000111 ], [ 92.252883310000129, 21.638685517000056 ], [ 92.252921561000164, 21.641150645000096 ], [ 92.253126386000133, 21.642709570000022 ], [ 92.253027063, 21.642652655 ], [ 92.252255987000183, 21.642249997000079 ], [ 92.251884753000184, 21.642056374000163 ], [ 92.250188323000145, 21.641110916000059 ], [ 92.24854561, 21.639501015 ], [ 92.245919628000195, 21.636994635000121 ], [ 92.245444333000194, 21.636590151000064 ], [ 92.242773182000064, 21.63431689000015 ], [ 92.240090640000176, 21.632357474000059 ], [ 92.238583118000122, 21.631045880000045 ], [ 92.236627099000032, 21.630045070000051 ], [ 92.23466364300009, 21.628558972000178 ], [ 92.233098491000135, 21.627733455000168 ], [ 92.231980375000148, 21.626538465000067 ], [ 92.230546271000151, 21.625833067000144 ], [ 92.228658316000178, 21.625011838000148 ], [ 92.226900753000166, 21.624308483000107 ], [ 92.225793845000055, 21.623840208 ], [ 92.223841664000076, 21.623078473000135 ], [ 92.222542929000156, 21.622734648000176 ], [ 92.221180528000161, 21.622450357000048 ], [ 92.219237624000186, 21.622293453 ], [ 92.218204556000103, 21.622429148000151 ], [ 92.217025909000199, 21.622794788000192 ], [ 92.216981458000191, 21.622808926000118 ], [ 92.216953715000102, 21.622849930000143 ], [ 92.216159255000093, 21.624027656000067 ], [ 92.216025998000191, 21.624471906000053 ], [ 92.215667003000021, 21.625668655000027 ], [ 92.215398853000067, 21.629300041000135 ], [ 92.215375795000114, 21.632022900000095 ], [ 92.215220303000194, 21.633487947000049 ], [ 92.215092905000176, 21.634688269000094 ], [ 92.215025912000044, 21.635750034000068 ], [ 92.214936374000104, 21.637169096000093 ], [ 92.214491100000032, 21.637658139000109 ], [ 92.213199611000164, 21.637797256000169 ], [ 92.212890947000062, 21.637782001000062 ], [ 92.212228216000199, 21.637749245 ], [ 92.210735600000135, 21.637405656000112 ], [ 92.209043486000098, 21.636764459000062 ], [ 92.20722187500013, 21.636061754000139 ], [ 92.206240410000191, 21.635350131000109 ], [ 92.205194056000096, 21.634578406000117 ], [ 92.204412423000178, 21.634225321000145 ], [ 92.203309160000117, 21.633998400999985 ], [ 92.202207711000199, 21.633891100000085 ], [ 92.200463597000123, 21.634036115000129 ], [ 92.199432230000127, 21.634291328000188 ], [ 92.198933091000129, 21.634415327000056 ], [ 92.198658845000182, 21.634482166000168 ], [ 92.197761803000049, 21.635038098000166 ], [ 92.196488605000013, 21.636386878 ], [ 92.196111441000085, 21.636731744000144 ], [ 92.195148326000094, 21.63761237000017 ], [ 92.194322241, 21.638591763000079 ], [ 92.19317356900018, 21.639636366000104 ], [ 92.191952056000105, 21.640135602000043 ], [ 92.190529823000134, 21.64021531800006 ], [ 92.18975002500008, 21.639984043000027 ], [ 92.188832837000064, 21.639208254000039 ], [ 92.188689116000148, 21.638243923000118 ], [ 92.188741820000075, 21.637455350000153 ], [ 92.188656286000082, 21.636065837 ], [ 92.188320960000055, 21.635284632000094 ], [ 92.187659397000118, 21.634324862000085 ], [ 92.187133434000032, 21.633664041000031 ], [ 92.186802313000101, 21.633248015000106 ], [ 92.185502595000173, 21.632840700000031 ], [ 92.183752394000066, 21.632622154999979 ], [ 92.182396317000041, 21.632761880000089 ], [ 92.181555621000086, 21.632772924000108 ], [ 92.181038407000131, 21.632779712000172 ], [ 92.180516965000152, 21.632545000000107 ], [ 92.180128905000174, 21.632550093000077 ], [ 92.179746265000176, 21.632916320999982 ], [ 92.179487957999982, 21.632919709000134 ], [ 92.178901944000188, 21.632685836 ], [ 92.178507552000042, 21.632268847000091 ], [ 92.178308372000117, 21.63190799400013 ], [ 92.177855738000119, 21.631913928000131 ], [ 92.176825247000068, 21.632229946000166 ], [ 92.176373524000041, 21.63229681700011 ], [ 92.175985464000121, 21.63230189900014 ], [ 92.17565924000013, 21.632123309000121 ], [ 92.174992365000094, 21.630802345000063 ], [ 92.174732236000182, 21.630683839000028 ], [ 92.173893373000112, 21.630816727000024 ], [ 92.173446451000075, 21.631244735000053 ], [ 92.172864665000077, 21.631252344000075 ], [ 92.172408419000192, 21.631016752000107 ], [ 92.172015839000039, 21.630719371000112 ], [ 92.17110996800011, 21.630731209000032 ], [ 92.170590062000088, 21.630557400000157 ], [ 92.170263883000189, 21.630381055000043 ], [ 92.170841750000136, 21.63007099400005 ], [ 92.171159798000133, 21.629703372000165 ], [ 92.171470932000148, 21.628913678 ], [ 92.1719178190001, 21.628483418000144 ], [ 92.171905165000112, 21.627637000999982 ], [ 92.171251873000074, 21.627221118000136 ], [ 92.169117909000079, 21.627248985000051 ], [ 92.168403690000048, 21.627077703000111 ], [ 92.167623080999988, 21.626785373000075 ], [ 92.167231428000036, 21.626548921000051 ], [ 92.167183638000154, 21.626330933000133 ], [ 92.166953579000051, 21.625281541000163 ], [ 92.166745528000149, 21.625038566000057 ], [ 92.1664928510001, 21.624743474000127 ], [ 92.165650406000111, 21.624634802 ], [ 92.164755061000051, 21.625310190000107 ], [ 92.163863642000081, 21.626290294000057 ], [ 92.163414615000136, 21.626537700000085 ], [ 92.163027475000092, 21.626603693000106 ], [ 92.162573944000144, 21.626548642000103 ], [ 92.161931918000107, 21.626397672000053 ], [ 92.161710041000163, 21.626345497000102 ], [ 92.16160053200008, 21.626319745999979 ], [ 92.159915899, 21.626161045000117 ], [ 92.158944271000109, 21.626051761000099 ], [ 92.158862991000149, 21.62596727500005 ], [ 92.1580240400001, 21.625095216000091 ], [ 92.156781894000176, 21.624206052999966 ], [ 92.156556317000025, 21.624142543000062 ], [ 92.155547797000111, 21.623858595 ], [ 92.154900556000086, 21.623806035000086 ], [ 92.154519675000131, 21.624294094000049 ], [ 92.153093968000178, 21.624131963000082 ], [ 92.151483496000139, 21.624577244000079 ], [ 92.150260129000117, 21.624954289000073 ], [ 92.149852122000198, 21.625036666000028 ], [ 92.149741193000182, 21.625059062000105 ], [ 92.149614985000198, 21.625084543000185 ], [ 92.149170409000192, 21.625634369000011 ], [ 92.148893599000189, 21.6255729290001 ], [ 92.148651407000045, 21.625519171000121 ], [ 92.148463168000035, 21.625397024000051 ], [ 92.148382006000077, 21.62534435800012 ], [ 92.148183909000068, 21.625223926999979 ], [ 92.147677412000178, 21.625290199000176 ], [ 92.146629612000197, 21.62439618999997 ], [ 92.146225495000067, 21.623313253 ], [ 92.145761575000051, 21.622594560000152 ], [ 92.144139469000095, 21.622252020000019 ], [ 92.1436262160002, 21.621677210000087 ], [ 92.143284531000063, 21.621294542000044 ], [ 92.141979687000116, 21.620525724 ], [ 92.141386621000095, 21.619806420000032 ], [ 92.140273463000142, 21.618854509000016 ], [ 92.139300386000059, 21.618684169000176 ], [ 92.138851367000086, 21.61893376800009 ], [ 92.138539464000132, 21.619723421000174 ], [ 92.138024040000118, 21.619849704000046 ], [ 92.137441684000066, 21.61985719300003 ], [ 92.136858171000199, 21.619745042000091 ], [ 92.136143119, 21.619512671000166 ], [ 92.135489663000101, 21.619035684000039 ], [ 92.135349346000169, 21.618892999000025 ], [ 92.13530778500018, 21.618816776000017 ], [ 92.134516232000124, 21.618388967000044 ], [ 92.135873190000154, 21.617861321000134 ], [ 92.139170788000172, 21.616604337000012 ], [ 92.142212691000054, 21.615653102000124 ], [ 92.14278756200008, 21.614975190000166 ], [ 92.143726903000072, 21.612531657000034 ], [ 92.144557982000038, 21.611547920000078 ], [ 92.145368140000073, 21.610963337000101 ], [ 92.145586954000066, 21.610805446000086 ], [ 92.146348376, 21.609520084000167 ], [ 92.146918740000103, 21.608539700000051 ], [ 92.147032019000164, 21.607382354000038 ], [ 92.146947123000075, 21.606046960000015 ], [ 92.146736061000183, 21.604954755000165 ], [ 92.147040074000017, 21.603553384000122 ], [ 92.146890585, 21.602216565999981 ], [ 92.146337285000072, 21.599975148000169 ], [ 92.14614737300019, 21.59966555800014 ], [ 92.144672021000133, 21.597260426999981 ], [ 92.144476205000103, 21.596831750000149 ], [ 92.145290554000042, 21.596642902000156 ], [ 92.145680056000117, 21.596455015000174 ], [ 92.14658405400013, 21.59571641000008 ], [ 92.147350822000192, 21.594552886000088 ], [ 92.148507095000184, 21.593203726000183 ], [ 92.148576963000096, 21.591927288000079 ], [ 92.148744191999981, 21.59156391300013 ], [ 92.149462791000019, 21.591554632000168 ], [ 92.150575372000162, 21.591662167999971 ], [ 92.150882986000056, 21.591698605999966 ], [ 92.15093338000014, 21.591704576000097 ], [ 92.151950075000116, 21.591825002000121 ], [ 92.153001366000183, 21.592235827000081 ], [ 92.153663788000074, 21.592834546000176 ], [ 92.15485230400003, 21.593668009000112 ], [ 92.155200708000052, 21.593937162000088 ], [ 92.155315035, 21.594025484000099 ], [ 92.156041736000191, 21.594562405000033 ], [ 92.157161533000192, 21.595155177000095 ], [ 92.158799340000087, 21.595436449999966 ], [ 92.159790033000093, 21.596152790000076 ], [ 92.160581890000174, 21.596686582000018 ], [ 92.161247982000191, 21.597529036000083 ], [ 92.161851568000031, 21.598550645000159 ], [ 92.161998131000189, 21.59964140500017 ], [ 92.162156103000086, 21.601458955000112 ], [ 92.162956155000018, 21.602541219000102 ], [ 92.163287998000044, 21.602900369000167 ], [ 92.164600365000183, 21.603246765000051 ], [ 92.166552458000126, 21.603391859000169 ], [ 92.166693867000049, 21.60340236900015 ], [ 92.1681284390001, 21.603200812000068 ], [ 92.169162686000107, 21.602460393 ], [ 92.169373840000162, 21.602236151000113 ], [ 92.170320584000194, 21.60123072000016 ], [ 92.173739048000073, 21.598215136000022 ], [ 92.17483079800013, 21.596925346000091 ], [ 92.175404883000112, 21.596008045000133 ], [ 92.175394017000087, 21.595281253 ], [ 92.174660908000135, 21.594320089000064 ], [ 92.174583974000143, 21.593533204999972 ], [ 92.174568562000104, 21.592501703000096 ], [ 92.174345296000126, 21.590685026000131 ], [ 92.174327190000042, 21.589472955000133 ], [ 92.174293424999973, 21.589353744000107 ], [ 92.174120215000073, 21.588746467000078 ], [ 92.172866485000043, 21.587913996 ], [ 92.172269220000089, 21.587474972000109 ], [ 92.17108305000005, 21.586603050000065 ], [ 92.170480334000047, 21.585640159999969 ], [ 92.170512224000049, 21.584874765000166 ], [ 92.170528332000117, 21.584488176000036 ], [ 92.170974778000129, 21.583753159000082 ], [ 92.171811589000185, 21.582893398000067 ], [ 92.172005848000197, 21.582768956999985 ], [ 92.172530134000056, 21.582884024 ], [ 92.172929527000122, 21.58336418500005 ], [ 92.173330142000168, 21.583966240000052 ], [ 92.173791060000099, 21.584201779000068 ], [ 92.174441755000032, 21.584012675000054 ], [ 92.174629677000098, 21.583463890000019 ], [ 92.17468394500014, 21.582733989000133 ], [ 92.174801279000121, 21.581822656000156 ], [ 92.174654788000169, 21.581149225000104 ], [ 92.174590711000064, 21.580854659000067 ], [ 92.174585821000051, 21.580527204000077 ], [ 92.174577128000124, 21.57994503700013 ], [ 92.175682372000097, 21.579567129000111 ], [ 92.176263642000038, 21.579135111000085 ], [ 92.176641280000183, 21.578159422000112 ], [ 92.177607422, 21.577236990000131 ], [ 92.177455657000166, 21.575843803000055 ], [ 92.176719949000017, 21.574702068000022 ], [ 92.177293637000105, 21.573723816000097 ], [ 92.17819820700015, 21.573043748000146 ], [ 92.179166132000034, 21.572243196000159 ], [ 92.179674780000198, 21.571822496000152 ], [ 92.180134048000184, 21.571442635999972 ], [ 92.180053462000103, 21.57041198800016 ], [ 92.180039854000199, 21.569502371000112 ], [ 92.181200154000123, 21.568455475000178 ], [ 92.18249530200012, 21.567711573999986 ], [ 92.185281264000082, 21.566157968000084 ], [ 92.18598699000006, 21.565299865000043 ], [ 92.185922087000108, 21.564636296000117 ], [ 92.185910026000045, 21.564512988000047 ], [ 92.185664412000165, 21.564125598000146 ], [ 92.1853748690001, 21.563668915000108 ], [ 92.184767640000018, 21.562403618000133 ], [ 92.184363438000162, 21.560984868000162 ], [ 92.184354334000147, 21.560952914000154 ], [ 92.183679276000078, 21.559507899000039 ], [ 92.182938141000079, 21.55800053300004 ], [ 92.181871000000172, 21.556558387000109 ], [ 92.181803568000134, 21.556487028000163 ], [ 92.181473176000111, 21.556139174000123 ], [ 92.180670892000194, 21.554937365000058 ], [ 92.18065728900001, 21.554027748000067 ], [ 92.180447343000083, 21.553059742000073 ], [ 92.179775033000055, 21.55179301600009 ], [ 92.179616832000193, 21.551650193000057 ], [ 92.179482822000125, 21.551529206999987 ], [ 92.176795004000098, 21.549102570000059 ], [ 92.175941830000056, 21.548811198000067 ], [ 92.175478298000087, 21.548392826000111 ], [ 92.175079003000178, 21.547912660000179 ], [ 92.17349872900013, 21.547084430000041 ], [ 92.173416984000028, 21.547038049000037 ], [ 92.171820243000184, 21.546132073000024 ], [ 92.170468811000092, 21.545365262000075 ], [ 92.169067609000138, 21.544736436000107 ], [ 92.167851313000085, 21.544190576000062 ], [ 92.167706697000199, 21.544125673999986 ], [ 92.165790314000162, 21.542635749999988 ], [ 92.165376661000096, 21.541184981000129 ], [ 92.165313934000153, 21.540965304000167 ], [ 92.16516985700008, 21.540460727000095 ], [ 92.164958233000164, 21.539370807000125 ], [ 92.164904357000125, 21.53862134000002 ], [ 92.164875381000058, 21.538218258000086 ], [ 92.164605255000083, 21.537616733000107 ], [ 92.164010612000141, 21.537139070000137 ], [ 92.162959106000187, 21.536728289000166 ], [ 92.161393089000057, 21.536809549000111 ], [ 92.160902697000154, 21.536758842000097 ], [ 92.160859369000093, 21.536754746000156 ], [ 92.16080468600012, 21.536751204000041 ], [ 92.16021270300007, 21.536712869000155 ], [ 92.160084913000162, 21.536704594000071 ], [ 92.15936031200016, 21.536289552000028 ], [ 92.159288586000059, 21.536217522000072 ], [ 92.158763286000124, 21.53568999200013 ], [ 92.158362013000044, 21.535029195999982 ], [ 92.158213181000178, 21.533816541000135 ], [ 92.158319863000145, 21.532178406000014 ], [ 92.158692424000151, 21.530898044000139 ], [ 92.159468411000148, 21.530343919000018 ], [ 92.159644853000145, 21.529916702000094 ], [ 92.159876081000107, 21.529356828000175 ], [ 92.159972731000096, 21.529122806000146 ], [ 92.159958373000165, 21.528152228000124 ], [ 92.160012756000128, 21.52742457700009 ], [ 92.160262241000055, 21.526633448000041 ], [ 92.160634509000147, 21.525294391000045 ], [ 92.161346496000192, 21.524860740000122 ], [ 92.16199331200005, 21.524425676000192 ], [ 92.162221688000102, 21.523954388999982 ], [ 92.162436973000069, 21.523510118000104 ], [ 92.162811321000163, 21.522353893000115 ], [ 92.163714803000119, 21.521615233999967 ], [ 92.164295598000137, 21.521122319000142 ], [ 92.164325099000166, 21.520507874000032 ], [ 92.164345445000038, 21.520089955000174 ], [ 92.164331065000113, 21.519119380000063 ], [ 92.164395807000119, 21.519029086000046 ], [ 92.165866941, 21.516977320000137 ], [ 92.166102464000062, 21.516586736000136 ], [ 92.166152082000053, 21.51650445000007 ], [ 92.166568060000031, 21.515814592000027 ], [ 92.167597218000083, 21.514769509000132 ], [ 92.168376672000079, 21.514456866000103 ], [ 92.169412107000085, 21.513836120000121 ], [ 92.169921727000144, 21.512980644000038 ], [ 92.170255467, 21.512006685000188 ], [ 92.170422926000128, 21.511517984000136 ], [ 92.170403116000102, 21.510184010999978 ], [ 92.170769305000078, 21.509418445000051 ], [ 92.170974258000058, 21.509086172000025 ], [ 92.171081942000114, 21.50885277500015 ], [ 92.171101052000097, 21.508811355000091 ], [ 92.17099689600019, 21.508417629 ], [ 92.17070142100016, 21.508299565000016 ], [ 92.170474693000074, 21.508424422000132 ], [ 92.170283209, 21.508729429000084 ], [ 92.170022105999976, 21.508732826000085 ], [ 92.169756948999975, 21.508463103000054 ], [ 92.169585896000115, 21.507950598000036 ], [ 92.169676983000102, 21.50746403300019 ], [ 92.169800495000061, 21.507008653000184 ], [ 92.16988843300004, 21.506309914000155 ], [ 92.169842638000091, 21.505459402000156 ], [ 92.169732356000168, 21.504611983000075 ], [ 92.170018810000101, 21.504122879000136 ], [ 92.170506190000083, 21.503965285000049 ], [ 92.171322635000024, 21.503954669000052 ], [ 92.171583292000037, 21.503921928000125 ], [ 92.172462610000139, 21.503759232000164 ], [ 92.173115172000109, 21.503719131000139 ], [ 92.173559920000173, 21.502925445000187 ], [ 92.173728916000073, 21.502493567000158 ], [ 92.173906210000041, 21.502040481000165 ], [ 92.174415330000045, 21.501155654 ], [ 92.174662655000191, 21.500773045000074 ], [ 92.174830357000189, 21.500513610000041 ], [ 92.175283780000143, 21.500263884000162 ], [ 92.176001919000157, 21.500254526000049 ], [ 92.176592065000136, 21.500398093000115 ], [ 92.176760749000039, 21.50079096900015 ], [ 92.177031311000064, 21.501424077000138 ], [ 92.177337763000196, 21.502239582000186 ], [ 92.17787211100017, 21.503049856000075 ], [ 92.178635030000123, 21.50385940100017 ], [ 92.179430519000164, 21.504668516000095 ], [ 92.179811084999983, 21.504919615000176 ], [ 92.180420302000073, 21.505321576000085 ], [ 92.181177388000151, 21.505738368000152 ], [ 92.181933533000119, 21.506091956000091 ], [ 92.182426330000112, 21.506297724000035 ], [ 92.182720897000081, 21.506354826000177 ], [ 92.182812951000074, 21.506327738000039 ], [ 92.183109088000151, 21.50624059300003 ], [ 92.183371205000071, 21.506163458000117 ], [ 92.183625053000071, 21.505674762000183 ], [ 92.183635220000156, 21.505577796000182 ], [ 92.183711101000085, 21.504854138000155 ], [ 92.183697076000101, 21.503915172000063 ], [ 92.183587024000076, 21.50312872 ], [ 92.183575699000073, 21.502370325000072 ], [ 92.183699295, 21.501883331000101 ], [ 92.183594673000073, 21.501460275999989 ], [ 92.183231356000135, 21.501160255000116 ], [ 92.183157039000093, 21.500585543 ], [ 92.183504172000141, 21.499761509000052 ], [ 92.183590803000129, 21.49963133600005 ], [ 92.183769804000065, 21.499362365000081 ], [ 92.183951276000187, 21.499089677000086 ], [ 92.184017785000094, 21.498895480000044 ], [ 92.184170291999976, 21.498450177999985 ], [ 92.184287855000036, 21.497599794000166 ], [ 92.184508216000097, 21.497050579000074 ], [ 92.184761299000115, 21.496471588000077 ], [ 92.18517246000016, 21.495615106000059 ], [ 92.185785202000034, 21.495092359000068 ], [ 92.185844889000066, 21.494728108000061 ], [ 92.185941818, 21.494636538000123 ], [ 92.186105490000045, 21.494693091999977 ], [ 92.186436841000045, 21.494993527000076 ], [ 92.186486393000052, 21.495075925000151 ], [ 92.18667122700009, 21.495383274000062 ], [ 92.186678044000189, 21.495839213000068 ], [ 92.186589718000164, 21.496506352000097 ], [ 92.186337717000185, 21.49711693900008 ], [ 92.186052244000109, 21.497667006000029 ], [ 92.185571719000052, 21.49828058300011 ], [ 92.185155837000082, 21.498861707 ], [ 92.185001507000095, 21.499471012000072 ], [ 92.18520742000004, 21.50013430000007 ], [ 92.185727818000089, 21.50049321400013 ], [ 92.185868123000034, 21.500640377000138 ], [ 92.186401192, 21.501362592000078 ], [ 92.186599394000098, 21.502180730000134 ], [ 92.18695783600009, 21.503660276000119 ], [ 92.187584532000074, 21.504071219000139 ], [ 92.188409261000174, 21.504612009000084 ], [ 92.190431739000189, 21.505518945000176 ], [ 92.190512533000117, 21.505555174000051 ], [ 92.192995609000036, 21.505642224000155 ], [ 92.19340577000014, 21.506851403000098 ], [ 92.193813470000123, 21.507936443000176 ], [ 92.193958406000036, 21.508029355000076 ], [ 92.194736725000041, 21.508531589000029 ], [ 92.195901045000085, 21.50778934300007 ], [ 92.198119429000144, 21.507638236000105 ], [ 92.200081576000059, 21.507853942 ], [ 92.200872168000103, 21.508328894000044 ], [ 92.201657893000174, 21.508440442000051 ], [ 92.201917153000124, 21.508315113000094 ], [ 92.202421082000171, 21.507096158000024 ], [ 92.202802071000178, 21.506364203000146 ], [ 92.203431320999982, 21.504777871000158 ], [ 92.203114802000187, 21.501142880000032 ], [ 92.202868031000094, 21.499682447000055 ], [ 92.202685095000106, 21.498599777000038 ], [ 92.202918772000146, 21.496777112000132 ], [ 92.203948478000086, 21.495795034000025 ], [ 92.205129086000056, 21.496142913000142 ], [ 92.205274558000042, 21.497111738000115 ], [ 92.206850737000138, 21.497695937 ], [ 92.208040534000077, 21.498650952000105 ], [ 92.209226695000098, 21.499364448000165 ], [ 92.210022264000088, 21.499353919999976 ], [ 92.21144616000015, 21.49933506800005 ], [ 92.213535383000078, 21.499307383000144 ], [ 92.216792396000187, 21.498778803000107 ], [ 92.217428824000081, 21.497677703000136 ], [ 92.217399392000118, 21.49573661900007 ], [ 92.217634730000043, 21.494035827000062 ], [ 92.219046966000178, 21.492439052000179 ], [ 92.221119530000067, 21.491321114000073 ], [ 92.223188353000126, 21.489959391000127 ], [ 92.224861546000056, 21.488359099000036 ], [ 92.224830212000143, 21.48629839400013 ], [ 92.224675400000137, 21.484722441000031 ], [ 92.224004660000048, 21.483519080000065 ], [ 92.223587321000082, 21.483225788000141 ], [ 92.222816118000139, 21.48268380900015 ], [ 92.222016427000142, 21.481604057000141 ], [ 92.222121484000013, 21.479904998000166 ], [ 92.22288065000015, 21.478316884000037 ], [ 92.223006159000136, 21.478163962000167 ], [ 92.223492748000183, 21.477527636000104 ], [ 92.223673557000097, 21.477482336999969 ], [ 92.224955733000172, 21.477379483 ], [ 92.226783588000103, 21.477355137000131 ], [ 92.22802778800002, 21.476659035000068 ], [ 92.228336887000125, 21.476485600000046 ], [ 92.228519894000101, 21.475634330000105 ], [ 92.228776289000052, 21.475326144 ], [ 92.229825659000198, 21.475616912000078 ], [ 92.230161013000043, 21.476217455000153 ], [ 92.230952111000136, 21.476692262000086 ], [ 92.232001785000136, 21.477041707000126 ], [ 92.232720710000194, 21.477093055000125 ], [ 92.233570454000187, 21.477142652000055 ], [ 92.234018181000181, 21.476531653 ], [ 92.234006130000182, 21.475741681000045 ], [ 92.234059217000038, 21.474953097000139 ], [ 92.234359373000188, 21.474809019000134 ], [ 92.234707478000075, 21.474641923000149 ], [ 92.235424530000103, 21.474571381000032 ], [ 92.236338435000107, 21.474559153000087 ], [ 92.236599463000061, 21.474555660000021 ], [ 92.237253562000092, 21.474666553000077 ], [ 92.23784043600017, 21.47460000000018 ], [ 92.238091250000139, 21.473928417000081 ], [ 92.238587359000064, 21.472224120000021 ], [ 92.238704264000035, 21.471312777000037 ], [ 92.238774786000192, 21.47108800500007 ], [ 92.238953212000013, 21.470519311000089 ], [ 92.23935072200004, 21.469899891000011 ], [ 92.239463208000132, 21.469724607000103 ], [ 92.23971311400004, 21.46899433800013 ], [ 92.239722994000147, 21.468790054000124 ], [ 92.239763047000167, 21.46796198200019 ], [ 92.240077121000013, 21.467169904000173 ], [ 92.240143875000058, 21.467119342999979 ], [ 92.240722537000124, 21.466675888000168 ], [ 92.240717877000122, 21.466371186000174 ], [ 92.240711384000178, 21.465946860000088 ], [ 92.24025076900017, 21.465711480000152 ], [ 92.239725015000033, 21.465474711000184 ], [ 92.239326708000192, 21.465055635000112 ], [ 92.238863302000027, 21.464637426000081 ], [ 92.238851262000139, 21.463849714999981 ], [ 92.238904327000171, 21.463061132000064 ], [ 92.239153261000126, 21.462267668000095 ], [ 92.239512645000048, 21.46014078800016 ], [ 92.239431780000189, 21.459110185999975 ], [ 92.239391514000033, 21.458526993000135 ], [ 92.239348158000041, 21.457899020000127 ], [ 92.239290674000074, 21.457559923000076 ], [ 92.239132808000136, 21.456628661000082 ], [ 92.238525635000087, 21.455361293000067 ], [ 92.238387246000116, 21.454807373000051 ], [ 92.23817824200006, 21.453970793999986 ], [ 92.238367658000072, 21.453543845000127 ], [ 92.239074432000109, 21.452807465000149 ], [ 92.2398397770001, 21.451643625000088 ], [ 92.240142375000119, 21.451024256000096 ], [ 92.240346024000189, 21.450607418000061 ], [ 92.24079268800017, 21.449933209000164 ], [ 92.240460125000084, 21.449513249000063 ], [ 92.239611474000128, 21.44952461600019 ], [ 92.238700520000066, 21.449719667000068 ], [ 92.238248264000163, 21.450028228000122 ], [ 92.237924044000124, 21.450154471000189 ], [ 92.237460691000081, 21.449736255 ], [ 92.237317841000163, 21.448948032000089 ], [ 92.237309541000172, 21.448404081000092 ], [ 92.236726167000086, 21.448653438000065 ], [ 92.236144044000127, 21.449024680000036 ], [ 92.235556052000163, 21.448971587000187 ], [ 92.2352904560002, 21.448672629000157 ], [ 92.235289528000123, 21.448611686000163 ], [ 92.235287670000162, 21.448489807000101 ], [ 92.235474334000116, 21.44788229400001 ], [ 92.235397522000198, 21.44715414000018 ], [ 92.234791994000147, 21.445949939000116 ], [ 92.234381755000072, 21.444743127000095 ], [ 92.232740955, 21.444157756000038 ], [ 92.231761217000155, 21.444109875000095 ], [ 92.230978289000177, 21.444120317000056 ], [ 92.229933781999989, 21.444134242000075 ], [ 92.229547618000197, 21.444106638999983 ], [ 92.229215022000062, 21.444082865000155 ], [ 92.228719903000183, 21.443949037000095 ], [ 92.228363328000114, 21.443852655000114 ], [ 92.228288406000104, 21.443246375000058 ], [ 92.228477841000085, 21.442819435000047 ], [ 92.229314484000099, 21.442020413000023 ], [ 92.230610113000125, 21.441395870000122 ], [ 92.232528620000096, 21.438762839000162 ], [ 92.232902212000113, 21.437604257000032 ], [ 92.232948693000139, 21.43732036900019 ], [ 92.232964461000051, 21.43722405800014 ], [ 92.233026306000113, 21.436846328000115 ], [ 92.23320117500009, 21.435780697000155 ], [ 92.232967375000101, 21.433246200000156 ], [ 92.232427095000162, 21.432090931000062 ], [ 92.232221993000053, 21.431486391000135 ], [ 92.232475599000111, 21.430999898000096 ], [ 92.232730989000061, 21.43063077100004 ], [ 92.233314907000079, 21.430381425000178 ], [ 92.233694042000081, 21.429588486 ], [ 92.233484336000174, 21.428681501000028 ], [ 92.233017360000076, 21.428019502000041 ], [ 92.232877023000071, 21.427353144000165 ], [ 92.23284270500011, 21.426895412000135 ], [ 92.232821541000135, 21.426613126000063 ], [ 92.232795355000064, 21.426263844000118 ], [ 92.233116749000033, 21.425954791000038 ], [ 92.233775899000193, 21.426372671000138 ], [ 92.235149055000136, 21.426534948000153 ], [ 92.236322677000089, 21.42645832200003 ], [ 92.236968267000179, 21.426025283000172 ], [ 92.238066645000117, 21.42528368100011 ], [ 92.239298861000123, 21.424781836000022 ], [ 92.240400903000193, 21.424281726000061 ], [ 92.240654434000078, 21.423792965000189 ], [ 92.241094552000106, 21.422694434000164 ], [ 92.240951430000166, 21.421847520000085 ], [ 92.240816688000052, 21.421476446000099 ], [ 92.240337975000102, 21.42015807000007 ], [ 92.240306180000061, 21.420090505000076 ], [ 92.23979851900009, 21.419011689 ], [ 92.239064186000178, 21.417931122000027 ], [ 92.238394913000093, 21.416847428000096 ], [ 92.238289200000168, 21.416223517000049 ], [ 92.238179667000054, 21.415577059000043 ], [ 92.238282953000066, 21.414523669000118 ], [ 92.238292854000122, 21.41442194900003 ], [ 92.238348714000097, 21.413816183 ], [ 92.238216699000134, 21.413696040000104 ], [ 92.237823157000037, 21.413579393000134 ], [ 92.237362719000146, 21.413343987000189 ], [ 92.237357183000029, 21.412980598000047 ], [ 92.237349792000032, 21.412495331000173 ], [ 92.237530846000141, 21.411522173000094 ], [ 92.237980208000181, 21.411030800000049 ], [ 92.238815101000057, 21.410170814000082 ], [ 92.239389639000194, 21.409312047000185 ], [ 92.240166834000092, 21.408938195000189 ], [ 92.241000446000157, 21.40795630700012 ], [ 92.241075991000059, 21.407896207000135 ], [ 92.241773946000194, 21.407340944000111 ], [ 92.242558497000175, 21.407450093000136 ], [ 92.243080917000043, 21.407443100000023 ], [ 92.243859955, 21.40719111300001 ], [ 92.244440969000152, 21.406758916000058 ], [ 92.244825546000072, 21.406329348000043 ], [ 92.24580409400005, 21.406316236 ], [ 92.246843661000185, 21.405997533000061 ], [ 92.247165016, 21.405690716000151 ], [ 92.247244886000033, 21.405516871000088 ], [ 92.247417569000049, 21.405141006000122 ], [ 92.24747026600005, 21.404291472000182 ], [ 92.247464859000047, 21.4039393810001 ], [ 92.247463744000072, 21.403867158000082 ], [ 92.247450766000043, 21.403018503000112 ], [ 92.246985689000041, 21.402478420000079 ], [ 92.246707191000041, 21.40133081800019 ], [ 92.246241191000081, 21.400729790000184 ], [ 92.245710450000104, 21.400190583000096 ], [ 92.244856211000013, 21.399777614000129 ], [ 92.244389327000135, 21.399117897000167 ], [ 92.244181445000152, 21.398330545000192 ], [ 92.244364307000183, 21.397479269000087 ], [ 92.244227082000123, 21.397056690000056 ], [ 92.243305330000055, 21.39652270900018 ], [ 92.241726124000138, 21.395634053000038 ], [ 92.240932706000194, 21.394978691000119 ], [ 92.239895624000042, 21.395416967000187 ], [ 92.239050965000047, 21.39566980900014 ], [ 92.238402756000141, 21.395922281000082 ], [ 92.237942339000142, 21.395684615000107 ], [ 92.236954940000089, 21.395151471000077 ], [ 92.236170456000195, 21.395042291000095 ], [ 92.235458391000122, 21.395415252000134 ], [ 92.234357462000105, 21.395976254000175 ], [ 92.233385420000161, 21.396413625000037 ], [ 92.232233605000147, 21.396676604000049 ], [ 92.232104763000109, 21.396706020000181 ], [ 92.231694845000163, 21.39679960899997 ], [ 92.230391632000078, 21.39693886200007 ], [ 92.229876284000056, 21.397370137000109 ], [ 92.229359085000169, 21.39767952700015 ], [ 92.228441993000104, 21.397450166999988 ], [ 92.227784840000197, 21.397154134000118 ], [ 92.227631167000197, 21.39711880700014 ], [ 92.226540866000107, 21.396868153000185 ], [ 92.224974905000124, 21.396888949000129 ], [ 92.22425914300004, 21.397020355000166 ], [ 92.223525000000166, 21.397271849000163 ], [ 92.223155388000123, 21.397398464000048 ], [ 92.222511712000141, 21.397953328000142 ], [ 92.22214855600015, 21.39801884600007 ], [ 92.221795907000171, 21.398082467999984 ], [ 92.221237140000028, 21.398025958000119 ], [ 92.220749912000031, 21.397976681000046 ], [ 92.21964338000015, 21.398171944000126 ], [ 92.219395391000148, 21.398217465000073 ], [ 92.2189276040001, 21.398303330000147 ], [ 92.218402165000043, 21.398068728000112 ], [ 92.217938124000113, 21.397589494000044 ], [ 92.217668988000071, 21.397046728000078 ], [ 92.217448801000046, 21.39627304000004 ], [ 92.217313753000042, 21.396090326000035 ], [ 92.216895955000098, 21.395525060000125 ], [ 92.216640655000162, 21.395179645999974 ], [ 92.216596140000092, 21.395119419000082 ], [ 92.21631514000012, 21.393788917000109 ], [ 92.215257275000056, 21.392893103000063 ], [ 92.214662201000067, 21.392354636 ], [ 92.213088055000185, 21.391829094000059 ], [ 92.212427319000028, 21.391291488000149 ], [ 92.211510287000181, 21.391062027000089 ], [ 92.210011877000056, 21.391203694000183 ], [ 92.208783012000026, 21.391940146000024 ], [ 92.208459620000099, 21.39213394900014 ], [ 92.207496376000165, 21.391812883000057 ], [ 92.207410614000196, 21.391784297000186 ], [ 92.205837407000161, 21.391319625999984 ], [ 92.204119521000109, 21.38988608700015 ], [ 92.203652810000108, 21.389223979000064 ], [ 92.202668885000151, 21.388873446000105 ], [ 92.201694949000057, 21.389188752000052 ], [ 92.201843292000149, 21.390401376000057 ], [ 92.201676878000058, 21.391539086000023 ], [ 92.201665625000089, 21.391616026000179 ], [ 92.200507676000143, 21.39272389700011 ], [ 92.200333644000125, 21.394182318000048 ], [ 92.199828171000149, 21.395279361000178 ], [ 92.199802707000174, 21.395298445000151 ], [ 92.199651426000173, 21.395411822000028 ], [ 92.198344209000084, 21.396391498000071 ], [ 92.197775772000057, 21.397672227000101 ], [ 92.197532994000198, 21.39888772900008 ], [ 92.197682813000085, 21.400161297000125 ], [ 92.198093898000081, 21.400858565000078 ], [ 92.198285089000194, 21.401182853000137 ], [ 92.197714537000024, 21.402283004000083 ], [ 92.197141556000133, 21.403261276000023 ], [ 92.19630282300011, 21.403879559000131 ], [ 92.196183840000117, 21.404669013000102 ], [ 92.19639418200012, 21.405637016000128 ], [ 92.196368066000105, 21.405703495000068 ], [ 92.195891378999988, 21.406916879000107 ], [ 92.194797441999981, 21.407962927000142 ], [ 92.193963499000176, 21.408944609000173 ], [ 92.193851441000163, 21.410158398000135 ], [ 92.193784480000033, 21.410529988000178 ], [ 92.193737290000058, 21.41079185500007 ], [ 92.193610439000111, 21.411495784000124 ], [ 92.193034666000187, 21.412291217000131 ], [ 92.191897360000041, 21.413231246 ], [ 92.19161648000005, 21.413463402000048 ], [ 92.191000053000153, 21.415898367000182 ], [ 92.190898159000028, 21.416998867000075 ], [ 92.190894628000194, 21.417036999000061 ], [ 92.190847500000189, 21.417546003000041 ], [ 92.1907752850002, 21.418325950000053 ], [ 92.190576215000078, 21.418959874000052 ], [ 92.190526132000059, 21.419119360000138 ], [ 92.189601967999977, 21.419360397999981 ], [ 92.189551062000078, 21.419373674000042 ], [ 92.189237089000073, 21.420226626999977 ], [ 92.188993345000199, 21.42138344100016 ], [ 92.188748654999984, 21.422477052000147 ], [ 92.188741807000156, 21.422737123000047 ], [ 92.188707089000104, 21.42405564600017 ], [ 92.188679819000185, 21.424079370000186 ], [ 92.187998383000092, 21.424672198000053 ], [ 92.1874143940002, 21.42492138800003 ], [ 92.187340815000027, 21.425174501000129 ], [ 92.187290543000131, 21.425347434000116 ], [ 92.187167905000138, 21.425895371000081 ], [ 92.18665141800011, 21.426265586000056 ], [ 92.185868560000188, 21.42627581 ], [ 92.185344841000131, 21.426160738000078 ], [ 92.185210469000197, 21.425920929000029 ], [ 92.183578056000044, 21.42527761700012 ], [ 92.182751585000119, 21.424878854000099 ], [ 92.182714276000127, 21.424860817000081 ], [ 92.181604585000059, 21.424821278000081 ], [ 92.181611932000067, 21.42531560600014 ], [ 92.181614412999977, 21.425482443000192 ], [ 92.181715462999989, 21.425751881999986 ], [ 92.181953971000041, 21.426387827000156 ], [ 92.181675999000106, 21.427257402000066 ], [ 92.181642355000179, 21.427362650000077 ], [ 92.180934473000036, 21.428037862000167 ], [ 92.180551882000088, 21.428614938000123 ], [ 92.180487576000132, 21.428711931000066 ], [ 92.180138708000186, 21.428928488000111 ], [ 92.179387975000168, 21.429394496000157 ], [ 92.179039581000097, 21.429937030000076 ], [ 92.178877751000073, 21.430189038000151 ], [ 92.178752716000076, 21.430650379000042 ], [ 92.178630296000108, 21.431102069000133 ], [ 92.178317144000118, 21.432015953000075 ], [ 92.17760383100017, 21.432327750000184 ], [ 92.177275968000117, 21.432210106000014 ], [ 92.17648708400003, 21.431856892000098 ], [ 92.176290628000118, 21.431679371000087 ], [ 92.176090548000104, 21.431498576000138 ], [ 92.176047883000194, 21.431386252999971 ], [ 92.17602214600015, 21.431316597000091 ], [ 92.173987859000135, 21.430555127000162 ], [ 92.173554731000138, 21.430360675000031 ], [ 92.173360412000136, 21.430273435000117 ], [ 92.173179899000047, 21.430192394000073 ], [ 92.172805142000072, 21.430024145000118 ], [ 92.171498864000171, 21.429982397 ], [ 92.171420179000108, 21.430010787000072 ], [ 92.170979611000064, 21.430169741000043 ], [ 92.169351752000125, 21.430434665000121 ], [ 92.168887745000177, 21.429955291000056 ], [ 92.168762708000088, 21.4299085130001 ], [ 92.16835207400004, 21.429754886000126 ], [ 92.168100358000174, 21.429660713000033 ], [ 92.167187592000118, 21.429733488000124 ], [ 92.166343513000186, 21.430049190000148 ], [ 92.166087913000183, 21.430415972000105 ], [ 92.166095076000147, 21.430901264000113 ], [ 92.16564090300011, 21.431087748999971 ], [ 92.16536831600007, 21.430303372000026 ], [ 92.164581865000059, 21.430071978000058 ], [ 92.163734147000127, 21.430141636000144 ], [ 92.163284466000107, 21.430632833000175 ], [ 92.163231022000161, 21.431423686000187 ], [ 92.16324173400011, 21.432150499000159 ], [ 92.163053014000127, 21.432638321000013 ], [ 92.162726954000163, 21.432642534000138 ], [ 92.162138427000059, 21.432589182000129 ], [ 92.16140452500008, 21.431505975000107 ], [ 92.161129298000162, 21.430541017000053 ], [ 92.160337468000193, 21.429943937000019 ], [ 92.159242491999976, 21.429718754000135 ], [ 92.157648167000161, 21.429068802000188 ], [ 92.156920548000073, 21.42840992400005 ], [ 92.156830163000166, 21.428143141000078 ], [ 92.156511601000091, 21.427202850000185 ], [ 92.156293447000166, 21.425688542000103 ], [ 92.156281876000151, 21.424900782000122 ], [ 92.155883015000143, 21.42442053200017 ], [ 92.155155433000118, 21.423761641000112 ], [ 92.155473486000062, 21.423213461000046 ], [ 92.15624623500014, 21.422474303000172 ], [ 92.156431424000118, 21.421744963000037 ], [ 92.156414483000049, 21.420591540000089 ], [ 92.156141968000156, 21.419807139000113 ], [ 92.15501735800018, 21.418789882000056 ], [ 92.154610537000167, 21.417765640000027 ], [ 92.154140392999977, 21.416861866000033 ], [ 92.15419478400014, 21.416131956000015 ], [ 92.154665592000185, 21.41522662400007 ], [ 92.154703026000107, 21.415154640000026 ], [ 92.155027260000111, 21.415028558000074 ], [ 92.155156715000089, 21.415008944000192 ], [ 92.156329898000081, 21.41483118300016 ], [ 92.156845542000099, 21.414400111000191 ], [ 92.156630996000104, 21.413129577000063 ], [ 92.156564880000133, 21.412897902000168 ], [ 92.156355783000151, 21.412162352000053 ], [ 92.154845470000168, 21.411513529999979 ], [ 92.154515310000193, 21.411276210000096 ], [ 92.153527767000128, 21.410681608000118 ], [ 92.152274871000031, 21.409787885000128 ], [ 92.150436235000086, 21.409023583000135 ], [ 92.148993731000132, 21.408556701000066 ], [ 92.148641707000138, 21.408317892000071 ], [ 92.147938762000138, 21.407841016000077 ], [ 92.147141798000121, 21.406880447999981 ], [ 92.146337792, 21.405436834000113 ], [ 92.145868600000085, 21.404591717000073 ], [ 92.145521633000101, 21.403200939000101 ], [ 92.144976800000052, 21.401632084000084 ], [ 92.144310051000048, 21.400669835000144 ], [ 92.143194240000184, 21.400198715000045 ], [ 92.142603214000133, 21.399964704000126 ], [ 92.14229294200004, 21.400011310000082 ], [ 92.142214704000139, 21.400023062000173 ], [ 92.140845416000161, 21.400228735000042 ], [ 92.140262312000061, 21.400538706000191 ], [ 92.139988951000078, 21.401199420000125 ], [ 92.139883882000163, 21.401453368000034 ], [ 92.139830306000192, 21.402244226999983 ], [ 92.139840888000151, 21.402971052 ], [ 92.139785538000012, 21.403640020000125 ], [ 92.139077550000081, 21.404315063000126 ], [ 92.138605081000151, 21.404766591000168 ], [ 92.138562769000032, 21.404807027000118 ], [ 92.137714319000168, 21.404817853000111 ], [ 92.137545808000141, 21.404665708999971 ], [ 92.136986949, 21.404161127000179 ], [ 92.136127904000091, 21.40344286100003 ], [ 92.135636464000129, 21.402961577000042 ], [ 92.135333696000089, 21.402665063000029 ], [ 92.134546546000138, 21.402372566000054 ], [ 92.133572622000031, 21.40274845100015 ], [ 92.133056943000099, 21.403179452000188 ], [ 92.132542147000152, 21.403671399000132 ], [ 92.132021187000191, 21.403738985000018 ], [ 92.131660242000066, 21.403576504 ], [ 92.131495808000182, 21.403501844000061 ], [ 92.129924408000193, 21.403158339000129 ], [ 92.128944923000063, 21.403109830000119 ], [ 92.1278311760002, 21.402821452000069 ], [ 92.127692507000177, 21.40227685900004 ], [ 92.127749399000095, 21.401668828000084 ], [ 92.128399905000094, 21.400644571000157 ], [ 92.128471703000173, 21.400531522000108 ], [ 92.12864271300009, 21.40026225400004 ], [ 92.129218209000101, 21.399467022000181 ], [ 92.130385592000152, 21.398966793000056 ], [ 92.130834423000067, 21.398414735000074 ], [ 92.131075995000174, 21.397077391000039 ], [ 92.130734208000035, 21.395991289999984 ], [ 92.130068458000039, 21.395089918 ], [ 92.130062486000043, 21.394677871000113 ], [ 92.130059658000164, 21.394482720000042 ], [ 92.13057355400008, 21.393929838000133 ], [ 92.131282392000116, 21.393313518000127 ], [ 92.131854953000129, 21.392276749000075 ], [ 92.131999859000018, 21.391341519000093 ], [ 92.13203405500019, 21.391120810000075 ], [ 92.132345068000063, 21.390085108000164 ], [ 92.132853672000067, 21.389168805000111 ], [ 92.133038069000122, 21.388378539000087 ], [ 92.1329624560002, 21.387652538000168 ], [ 92.13281851500011, 21.386744534000172 ], [ 92.132812511000111, 21.386330445000112 ], [ 92.132804441000189, 21.385773923000045 ], [ 92.133310376, 21.384674783999969 ], [ 92.133231231000138, 21.383705 ], [ 92.133078245000092, 21.382131105000099 ], [ 92.133258496000167, 21.381097064000073 ], [ 92.134028552000132, 21.380177434000188 ], [ 92.134532693000153, 21.378956401000153 ], [ 92.134420735000162, 21.378382118000161 ], [ 92.134391412000127, 21.378231234999987 ], [ 92.134458874000188, 21.377869985000132 ], [ 92.134573137000132, 21.377258132000065 ], [ 92.135352856000111, 21.377006640000047 ], [ 92.135996810000051, 21.376452087000075 ], [ 92.136048394000056, 21.37548064200007 ], [ 92.136771507000162, 21.372671632000163 ], [ 92.137097949000122, 21.371403502000078 ], [ 92.137282310000046, 21.370613236000054 ], [ 92.137515370000131, 21.369558453000081 ], [ 92.137833578000198, 21.368118280000033 ], [ 92.138064498000119, 21.367577272 ], [ 92.139473923000082, 21.364275171000088 ], [ 92.139496856000108, 21.362411527000063 ], [ 92.139503765000086, 21.361850074000074 ], [ 92.139931190000198, 21.360553208000056 ], [ 92.140066423000064, 21.360142888000041 ], [ 92.140954116000103, 21.358372861000078 ], [ 92.141335360000198, 21.35769973400005 ], [ 92.141455514000199, 21.356971239000075 ], [ 92.141967506000071, 21.356298697000057 ], [ 92.141963321, 21.356010889 ], [ 92.141958676000058, 21.35569150300006 ], [ 92.142726179000078, 21.354649963000043 ], [ 92.142710291000185, 21.353557464000176 ], [ 92.142696209000064, 21.352589111000043 ], [ 92.142811923000068, 21.3515558900001 ], [ 92.143517887000201, 21.350758959000132 ], [ 92.143833163000181, 21.350025712000161 ], [ 92.144343065000101, 21.349170326999968 ], [ 92.144261197000048, 21.349173621999967 ], [ 92.144314964000159, 21.349143593000065 ], [ 92.144414308000194, 21.349056535000159 ], [ 92.144935878000183, 21.348176165000154 ], [ 92.145901444000174, 21.346547346000136 ], [ 92.146491198000092, 21.344930107000152 ], [ 92.146854076000125, 21.344580984000117 ], [ 92.147135611000067, 21.344310119 ], [ 92.147337833000051, 21.344115561000081 ], [ 92.147447295000063, 21.34319304100012 ], [ 92.148616028000049, 21.342241172000172 ], [ 92.148795839000115, 21.341900080000187 ], [ 92.148943143000054, 21.341620651000085 ], [ 92.149011789000042, 21.341522552000015 ], [ 92.149497883000095, 21.340827890000128 ], [ 92.149516991999974, 21.340528352000035 ], [ 92.149597916000118, 21.339259803000118 ], [ 92.149576135000189, 21.337765522000041 ], [ 92.149992250000082, 21.336854777999974 ], [ 92.150054341000157, 21.336720361000175 ], [ 92.150530473000117, 21.335913330000096 ], [ 92.150641022000116, 21.335108193000167 ], [ 92.149765996000156, 21.333970249000174 ], [ 92.14950579300006, 21.332939577000161 ], [ 92.149612993, 21.331904202000032 ], [ 92.14973812400018, 21.331722806000073 ], [ 92.150093790000085, 21.331207211000162 ], [ 92.150565622000045, 21.329936890000113 ], [ 92.150640427000155, 21.329599719000043 ], [ 92.150795678000122, 21.328899944000113 ], [ 92.1510404980001, 21.328625132000127 ], [ 92.15151994100006, 21.328086951000103 ], [ 92.151753345000031, 21.327280241000153 ], [ 92.151622691000057, 21.326706214000183 ], [ 92.151699915000052, 21.32642527600018 ], [ 92.151662378000026, 21.32571008400015 ], [ 92.152163402000099, 21.323705592000067 ], [ 92.152190560000065, 21.323596938000094 ], [ 92.152264381, 21.322887959000184 ], [ 92.152289892999988, 21.322642940000037 ], [ 92.152298343000155, 21.322561556000039 ], [ 92.152187809000111, 21.322375587000067 ], [ 92.153589306000129, 21.320884162000027 ], [ 92.155071707000161, 21.319306612000048 ], [ 92.156980057000112, 21.315604439000083 ], [ 92.156936621000057, 21.312631255999975 ], [ 92.156933066000022, 21.31238790000009 ], [ 92.15738968900007, 21.310083761000158 ], [ 92.159045749000143, 21.309084159000065 ], [ 92.159334847000082, 21.308909656000083 ], [ 92.159450169000195, 21.308723049000037 ], [ 92.159487253000066, 21.308663872000182 ], [ 92.159643783000092, 21.308411631000183 ], [ 92.160772380000083, 21.306592915000181 ], [ 92.161046345000102, 21.306177011000045 ], [ 92.162452185000063, 21.304042770000081 ], [ 92.162843568000028, 21.302969705000066 ], [ 92.163631094000039, 21.300810475000105 ], [ 92.165552761000129, 21.299163769000074 ], [ 92.165811030999976, 21.29894244999997 ], [ 92.167514278000169, 21.298001657000043 ], [ 92.168193514000052, 21.297832893000077 ], [ 92.169469301000163, 21.2975159020001 ], [ 92.170167990000152, 21.294978342000093 ], [ 92.169636794000098, 21.292228621000049 ], [ 92.169721974000197, 21.29212367100007 ], [ 92.172255495000115, 21.289013701000101 ], [ 92.172286982000173, 21.288975049000101 ], [ 92.173244185000044, 21.287355258000105 ], [ 92.17363999100013, 21.286897278000083 ], [ 92.174449775000141, 21.285960275999969 ], [ 92.17536685400006, 21.284899103000043 ], [ 92.175655339000059, 21.284565286000031 ], [ 92.175626718000103, 21.284480179000184 ], [ 92.17488579400009, 21.282276962000083 ], [ 92.174816743000122, 21.281918866000069 ], [ 92.174620468000171, 21.280900978000091 ], [ 92.177041665, 21.278801697 ], [ 92.177037686000119, 21.278531314000134 ], [ 92.177014590000169, 21.276962081000022 ], [ 92.177981810000063, 21.276030717000083 ], [ 92.178935485000011, 21.274180669000145 ], [ 92.178805047000083, 21.273905648000039 ], [ 92.17817669700014, 21.272580797000103 ], [ 92.178643057000158, 21.270965075000163 ], [ 92.179845114000045, 21.269342088000087 ], [ 92.179890203000184, 21.269336989000124 ], [ 92.181803106000075, 21.269086458000061 ], [ 92.184019671000044, 21.269746306000116 ], [ 92.185762392000129, 21.270266837000122 ], [ 92.186236286000053, 21.270408379000116 ], [ 92.189181746000031, 21.270598136999979 ], [ 92.190479947000085, 21.268988716000138 ], [ 92.190867505000199, 21.268508240000187 ], [ 92.191565125000182, 21.265970635000087 ], [ 92.189590806000126, 21.265077461000089 ], [ 92.189662684000041, 21.264201142000161 ], [ 92.189798422000081, 21.262546229000066 ], [ 92.190238410000063, 21.260793529000011 ], [ 92.190261258000191, 21.260702512000023 ], [ 92.189231391000135, 21.259529626000187 ], [ 92.188266032000115, 21.258430181000051 ], [ 92.186164989000133, 21.256897433000063 ], [ 92.185787648000087, 21.256622381000057 ], [ 92.184779932000197, 21.25479774300004 ], [ 92.184428726000078, 21.254161428000089 ], [ 92.184023997000054, 21.253428132000181 ], [ 92.18089500300016, 21.25224050200012 ], [ 92.182138200000111, 21.250233181000056 ], [ 92.181741655000053, 21.248285464999981 ], [ 92.181043743000032, 21.246926001000134 ], [ 92.180100994000099, 21.245089566000161 ], [ 92.178713820999974, 21.242463810000174 ], [ 92.178331458000059, 21.241434753000192 ], [ 92.178302192000103, 21.241324944000098 ], [ 92.178014580000138, 21.240245802000118 ], [ 92.177812175000156, 21.239486348000185 ], [ 92.178397904000064, 21.237641066000094 ], [ 92.179221740000173, 21.235572585999989 ], [ 92.177482808000036, 21.233744913000066 ], [ 92.176904972000159, 21.233247381000069 ], [ 92.176415389000056, 21.232825833000049 ], [ 92.175248274000069, 21.231820889000176 ], [ 92.173743611000134, 21.229542006000031 ], [ 92.173563370000068, 21.229470391000064 ], [ 92.170661622000125, 21.228317412000138 ], [ 92.170169059000159, 21.227827202000071 ], [ 92.169335126000192, 21.22699723900007 ], [ 92.16929328000009, 21.226955592000081 ], [ 92.169370250000043, 21.224970738000138 ], [ 92.169382450000171, 21.224656159000119 ], [ 92.169300017000182, 21.224496280000153 ], [ 92.168499004000068, 21.22294267 ], [ 92.16751116000006, 21.22231357000004 ], [ 92.167261919000168, 21.222154841000133 ], [ 92.167973882000183, 21.221007246000113 ], [ 92.166132495000113, 21.220329355999979 ], [ 92.166597231000196, 21.218600800000161 ], [ 92.166777410000122, 21.21778897300004 ], [ 92.167057519000082, 21.216526879000071 ], [ 92.166286995000121, 21.216259769000146 ], [ 92.165456119000112, 21.215971732000014 ], [ 92.165120341000033, 21.215483211000048 ], [ 92.164854578000188, 21.215096550999988 ], [ 92.164830094000081, 21.21506092900006 ], [ 92.16519501900018, 21.214825935000192 ], [ 92.166286876000186, 21.214123340000071 ], [ 92.167994210000074, 21.21352571500006 ], [ 92.167916664000074, 21.213062747000151 ], [ 92.167725167000128, 21.211919463000015 ], [ 92.167337966000105, 21.210547266000106 ], [ 92.167804319000084, 21.208931570000175 ], [ 92.16925599800004, 21.207648635000169 ], [ 92.170095654000022, 21.206373558000109 ], [ 92.169748502000118, 21.20544028300003 ], [ 92.169058758000062, 21.20358595 ], [ 92.16894730000007, 21.203286296999977 ], [ 92.169346017000123, 21.201698560000182 ], [ 92.169526317000077, 21.200980566000112 ], [ 92.170610849000127, 21.199702341000091 ], [ 92.171754143000044, 21.199306546000116 ], [ 92.172683376000123, 21.198984849000055 ], [ 92.172887382000113, 21.19876365500005 ], [ 92.173648479000121, 21.197938426000121 ], [ 92.173506921000126, 21.197412924000162 ], [ 92.173249156, 21.196456019000095 ], [ 92.173022915000047, 21.195616130000133 ], [ 92.17300061300017, 21.195533332000025 ], [ 92.172973492000096, 21.195478281000192 ], [ 92.172549689000164, 21.194618011999978 ], [ 92.1721422130002, 21.193792436000081 ], [ 92.17116076800005, 21.192403696000099 ], [ 92.170822428000122, 21.191928657000119 ], [ 92.170644054000093, 21.191678212000113 ], [ 92.170276293000143, 21.191263013000139 ], [ 92.17024792300009, 21.191231220000077 ], [ 92.169995460000109, 21.190948292000087 ], [ 92.169670423000127, 21.190532541000096 ], [ 92.169495790000155, 21.190236774000027 ], [ 92.169386651000082, 21.190057562000106 ], [ 92.169575695999981, 21.189856459999987 ], [ 92.169978549, 21.189790331000154 ], [ 92.170403687000032, 21.189766807000126 ], [ 92.170786933000102, 21.189800263000052 ], [ 92.171107286000051, 21.189895483000157 ], [ 92.171386404000089, 21.190092828000047 ], [ 92.171854531000179, 21.19008680900015 ], [ 92.172405740000045, 21.190000704000056 ], [ 92.172743070000081, 21.189775116000021 ], [ 92.172827176999988, 21.189677681000035 ], [ 92.172951971000032, 21.189533114000085 ], [ 92.173323, 21.18873139100009 ], [ 92.173836245000189, 21.187449216000118 ], [ 92.174015123000061, 21.186935029000153 ], [ 92.174101327000074, 21.186687233000043 ], [ 92.174180919000094, 21.186286604000031 ], [ 92.174218680000138, 21.185988107000128 ], [ 92.174173062000079, 21.185749385000122 ], [ 92.17409104900014, 21.185585082000102 ], [ 92.174063328000045, 21.185529547000044 ], [ 92.17382695900011, 21.185374551000166 ], [ 92.173550788000114, 21.185378104 ], [ 92.173252657000035, 21.18536162099997 ], [ 92.173145003000172, 21.185283987000162 ], [ 92.173131853000143, 21.185174043000075 ], [ 92.173121006000088, 21.185083366000129 ], [ 92.173118101999989, 21.184884730000078 ], [ 92.17328603500016, 21.184722275000013 ], [ 92.173540851000098, 21.184698677000029 ], [ 92.173809679000101, 21.184645551000074 ], [ 92.174013047000074, 21.184642935000056 ], [ 92.174572339000179, 21.184658313000057 ], [ 92.174953805000087, 21.184653406000109 ], [ 92.175233676000062, 21.184697215000085 ], [ 92.175446383000178, 21.184633517000123 ], [ 92.175486437000131, 21.184574303000034 ], [ 92.17543215600017, 21.184360524 ], [ 92.17639488500015, 21.183487962000129 ], [ 92.177092306000191, 21.18381311100012 ], [ 92.178218729000037, 21.184338171000036 ], [ 92.180540562000033, 21.185084855000184 ], [ 92.182353977000105, 21.187885754000035 ], [ 92.182491276000178, 21.188276491000124 ], [ 92.18342169400006, 21.190924291000158 ], [ 92.184946170000046, 21.192893561000062 ], [ 92.185568059000104, 21.193696866000153 ], [ 92.185698915000103, 21.193865894000112 ], [ 92.189495864000094, 21.196562002000064 ], [ 92.193160376000094, 21.199002363000091 ], [ 92.193193831000087, 21.199026656000058 ], [ 92.195262476000096, 21.200528764000182 ], [ 92.195820816000094, 21.200934183000072 ], [ 92.196335089000115, 21.201442233000023 ], [ 92.19867315100015, 21.20090384100007 ], [ 92.200349022000125, 21.200762358000134 ], [ 92.200949663000188, 21.202056086000084 ], [ 92.200994967000042, 21.202153663999979 ], [ 92.202208999000106, 21.203133444000059 ], [ 92.20248433800009, 21.203355616000124 ], [ 92.203248901, 21.20499144300004 ], [ 92.204148975000066, 21.207442752000077 ], [ 92.205914679000159, 21.209303104000185 ], [ 92.206208347000086, 21.209612507000145 ], [ 92.206778624000094, 21.211372764000032 ], [ 92.206332254000131, 21.212886683000136 ], [ 92.206210194000164, 21.213542986000164 ], [ 92.206561067000166, 21.214107318000117 ], [ 92.207489158000101, 21.215156255000181 ], [ 92.207376309000097, 21.216512299000101 ], [ 92.208597088000147, 21.217449037000165 ], [ 92.20940578200009, 21.217106584000135 ], [ 92.209417209000037, 21.219169402000091 ], [ 92.211129278000044, 21.220917420000148 ], [ 92.211371818000032, 21.222045302000026 ], [ 92.21059530500014, 21.223902197000086 ], [ 92.212829959000146, 21.225532240000064 ], [ 92.215078125000161, 21.226290636000101 ], [ 92.216899044000115, 21.227298439000094 ], [ 92.218692979000139, 21.229719828000157 ], [ 92.219642410000063, 21.231538243000045 ], [ 92.21990719300004, 21.232054647000155 ], [ 92.220676094000169, 21.233554209999966 ], [ 92.22056447500006, 21.234140395000054 ], [ 92.218971687000078, 21.234867987000086 ], [ 92.218362114, 21.236331761000031 ], [ 92.217849572000091, 21.237562511000078 ], [ 92.216568302000098, 21.239681177000023 ], [ 92.215607393000084, 21.241445700000099 ], [ 92.214918806000071, 21.243064412000138 ], [ 92.214202548000117, 21.245209507000027 ], [ 92.213178574000096, 21.246223073000067 ], [ 92.212690898000119, 21.246705832000146 ], [ 92.211976453000034, 21.24812846500015 ], [ 92.213341450000087, 21.251564667000082 ], [ 92.213503814000035, 21.251632519 ], [ 92.213921357, 21.252378813000121 ], [ 92.216222723000044, 21.255175068000085 ], [ 92.2174913730002, 21.255623441000182 ], [ 92.218965404000187, 21.256317435000028 ], [ 92.219875631000093, 21.257474875000071 ], [ 92.219004341000129, 21.259116329000165 ], [ 92.218764210000074, 21.263140253000017 ], [ 92.217830388000095, 21.265071498000054 ], [ 92.216829468000014, 21.266464059000043 ], [ 92.216299557000184, 21.268028768000136 ], [ 92.216163514000186, 21.269558944000096 ], [ 92.216700284000183, 21.27166723900018 ], [ 92.217226769000149, 21.273972075000074 ], [ 92.217431569000041, 21.274619562000112 ], [ 92.217472929000053, 21.278222121 ], [ 92.216941040000052, 21.279696555000157 ], [ 92.216784073000099, 21.27994755300017 ], [ 92.216474110000149, 21.28044319300011 ], [ 92.215377838, 21.281909248000034 ], [ 92.214208660000111, 21.283132439000042 ], [ 92.213218630000085, 21.284055266000109 ], [ 92.212169982000148, 21.284600140000066 ], [ 92.211658444000136, 21.284865930000024 ], [ 92.210445344000107, 21.285450778000097 ], [ 92.209673899000109, 21.286168712000176 ], [ 92.209059899000124, 21.287117009000042 ], [ 92.209358515000133, 21.288038701000119 ], [ 92.20970669899998, 21.288892014999988 ], [ 92.209467056000165, 21.289861407000103 ], [ 92.208507412000188, 21.290646100000117 ], [ 92.208034210999983, 21.291623076000121 ], [ 92.207895655000073, 21.29199087600017 ], [ 92.207545321000055, 21.292920832 ], [ 92.20674741300013, 21.293689849000145 ], [ 92.20591724600007, 21.295041744000173 ], [ 92.205284931000051, 21.29609304000013 ], [ 92.204694803000109, 21.297626862000186 ], [ 92.204682564000052, 21.297658674000161 ], [ 92.20395419800019, 21.299135654000168 ], [ 92.202883363000126, 21.300774866999973 ], [ 92.202813093000032, 21.300882434000073 ], [ 92.202710621000051, 21.301039292000098 ], [ 92.200752154000099, 21.304841800000133 ], [ 92.200624505000121, 21.305089632000033 ], [ 92.198401445000059, 21.309455550000109 ], [ 92.198362667000197, 21.310937039000066 ], [ 92.198353671000177, 21.311465436000162 ], [ 92.198322086000132, 21.312418555000079 ], [ 92.198799579000138, 21.314633786000115 ], [ 92.199296022000055, 21.31634080800012 ], [ 92.198363945000153, 21.318788946000041 ], [ 92.198080202000199, 21.319756649000055 ], [ 92.198031469000171, 21.319922089000102 ], [ 92.197922861000052, 21.320799457000192 ], [ 92.19768896100004, 21.322687609000127 ], [ 92.197838361000152, 21.324024415000054 ], [ 92.198067047000052, 21.326073582000049 ], [ 92.197518630000104, 21.327430795000168 ], [ 92.197353580000083, 21.328401461000169 ], [ 92.198189299000092, 21.329548678000151 ], [ 92.200881388000141, 21.331450453000059 ], [ 92.201285884000015, 21.332519765000029 ], [ 92.202209960000118, 21.333367797000051 ], [ 92.203274540000109, 21.333579601000167 ], [ 92.20499288700006, 21.333762498000112 ], [ 92.206002169999977, 21.3337808550001 ], [ 92.206739414000083, 21.334942858999966 ], [ 92.207155113000113, 21.336757009000166 ], [ 92.207332499000188, 21.336871459000065 ], [ 92.208763414000032, 21.337794675000055 ], [ 92.212940759000048, 21.340302410000163 ], [ 92.213080005000052, 21.340385998000158 ], [ 92.214097530000117, 21.342815103000135 ], [ 92.214796402000047, 21.344483443000115 ], [ 92.215407688000198, 21.346061070000189 ], [ 92.215452607000088, 21.3461769970001 ], [ 92.216923810000196, 21.346780670000044 ], [ 92.218986606000158, 21.347496484000146 ], [ 92.219925806000106, 21.347822387000178 ], [ 92.222511157000042, 21.348718301000076 ], [ 92.223630835000108, 21.349778077000167 ], [ 92.22416411800009, 21.351461927000059 ], [ 92.224340588000132, 21.351897556000097 ], [ 92.225105105000068, 21.352056741000069 ], [ 92.225162305000197, 21.352038476000075 ], [ 92.226322230000164, 21.351668111000038 ], [ 92.225255941000114, 21.349079281000058 ], [ 92.225807334000194, 21.348570795000114 ], [ 92.227308527000105, 21.349002400000018 ], [ 92.227650373000188, 21.349657072000184 ], [ 92.229470040000194, 21.348838261000026 ], [ 92.231165825000062, 21.349149854000132 ], [ 92.231366147000131, 21.351199307000172 ], [ 92.23149164400013, 21.352802759000156 ], [ 92.231932447000077, 21.353029744000025 ], [ 92.232931925000173, 21.353544402000125 ], [ 92.233373495000137, 21.353899736000074 ], [ 92.235667006000085, 21.35449003500014 ], [ 92.236213638000038, 21.354582085000118 ], [ 92.236414526000146, 21.354616047999968 ], [ 92.238602536000144, 21.354985953000153 ], [ 92.239936314000033, 21.355178112000146 ], [ 92.241709881000133, 21.355210877000104 ], [ 92.24347945500017, 21.355139829000052 ], [ 92.244307715000105, 21.356356857000037 ], [ 92.246553702000085, 21.356941747000121 ], [ 92.246657656000139, 21.356968818000155 ], [ 92.246875536000061, 21.35695461500012 ], [ 92.246901728000068, 21.356933947000186 ], [ 92.247459385000127, 21.356642033000185 ], [ 92.247780023000189, 21.356531636000057 ], [ 92.248213731000192, 21.356329423000091 ], [ 92.248596460000158, 21.356182071000148 ], [ 92.248990876000107, 21.356050365000101 ], [ 92.249387838000075, 21.355927655000073 ], [ 92.249843522000106, 21.355862853000019 ], [ 92.250174863000098, 21.355822292000141 ], [ 92.25053318800019, 21.355812973000184 ], [ 92.251073566000116, 21.355889256000182 ], [ 92.251503386000138, 21.355985081000028 ], [ 92.251992911000059, 21.356163631000072 ], [ 92.252533552000102, 21.356375357000161 ], [ 92.252815248000161, 21.356516057000078 ], [ 92.253095092000024, 21.356692904000056 ], [ 92.253597054000181, 21.357054144000074 ], [ 92.253900394000084, 21.357309686000121 ], [ 92.25418071100006, 21.357635519000155 ], [ 92.254362601000196, 21.357867860000113 ], [ 92.254507024000191, 21.35813230600013 ], [ 92.254661378000151, 21.358651723000037 ], [ 92.254716179000127, 21.359043796000037 ], [ 92.254773441999987, 21.359399714 ], [ 92.254794563000075, 21.35975611900011 ], [ 92.254826738000133, 21.360204935000127 ], [ 92.254820364000182, 21.360654266999973 ], [ 92.25484282300016, 21.360940669000058 ], [ 92.254949944000032, 21.361286890000031 ], [ 92.255129815000089, 21.361623102000124 ], [ 92.25538571200002, 21.361809294000068 ], [ 92.25590039400015, 21.362055218000023 ], [ 92.256303340000102, 21.362243950000163 ], [ 92.256695704000094, 21.362410244000046 ], [ 92.257161473000167, 21.362609415000122 ], [ 92.257590752000056, 21.362786500000084 ], [ 92.257969401000196, 21.362962007000135 ], [ 92.25826337400008, 21.363116078000189 ], [ 92.258628985000087, 21.363384317999987 ], [ 92.258809386000166, 21.36375437900017 ], [ 92.258866363000152, 21.364248008000061 ], [ 92.258787632000121, 21.364535774000046 ], [ 92.258475032000035, 21.364935046000085 ], [ 92.258238884000036, 21.36517300600002 ], [ 92.257828363999977, 21.365512642000056 ], [ 92.257605980000051, 21.365705267000124 ], [ 92.257146656000089, 21.365966546000152 ], [ 92.256724514000155, 21.366295048000154 ], [ 92.256438149000189, 21.366441123000072 ], [ 92.256166498000141, 21.366564424000046 ], [ 92.25578143600012, 21.366835987000059 ], [ 92.255260806000194, 21.367186131000096 ], [ 92.254976114000101, 21.367402163000179 ], [ 92.254552416000195, 21.367787118000138 ], [ 92.254350542000168, 21.368060735000142 ], [ 92.254201198000089, 21.368302039000014 ], [ 92.254061974000138, 21.368574812000134 ], [ 92.253797624000072, 21.369135968000023 ], [ 92.253696814000079, 21.369399195000028 ], [ 92.25368380000009, 21.369429724000156 ], [ 92.253570018000062, 21.369696635000139 ], [ 92.253454923000049, 21.36997134100011 ], [ 92.253340346000073, 21.370279903999972 ], [ 92.253162990000135, 21.370738304999975 ], [ 92.253048586000091, 21.371058152000103 ], [ 92.252820627000176, 21.371596246000024 ], [ 92.252668138000047, 21.372065600000099 ], [ 92.252588020000189, 21.372421108000026 ], [ 92.252630201000045, 21.372713344999966 ], [ 92.252634525000019, 21.372743307000178 ], [ 92.252753961000167, 21.373066788000187 ], [ 92.252934104000076, 21.373459436000189 ], [ 92.253164291000189, 21.37365726400003 ], [ 92.253594500000133, 21.373893038000176 ], [ 92.25389895800015, 21.37410115400013 ], [ 92.25416661700018, 21.374266872000192 ], [ 92.254534316000104, 21.374512515000163 ], [ 92.254815283000198, 21.374720946000082 ], [ 92.255143910000129, 21.374933248000048 ], [ 92.255375530000094, 21.375106223000103 ], [ 92.255518422000193, 21.375544518000027 ], [ 92.255525567000177, 21.376050106000093 ], [ 92.255519761000187, 21.376418159000082 ], [ 92.25565142500011, 21.376752759000055 ], [ 92.255920772000081, 21.376871042000175 ], [ 92.256363218999979, 21.377117933000079 ], [ 92.256619145000059, 21.377304121000066 ], [ 92.256850976000123, 21.377490633000036 ], [ 92.257019216000174, 21.377734438 ], [ 92.257003648000136, 21.378055215000188 ], [ 92.256817990000059, 21.378399769999987 ], [ 92.256775741000013, 21.378478180000116 ], [ 92.256428041000049, 21.37883051700004 ], [ 92.256018291000089, 21.379183684000054 ], [ 92.255630368000197, 21.379545592000113 ], [ 92.255432611000117, 21.379774001000101 ], [ 92.255403480999973, 21.380153656000175 ], [ 92.255631062000077, 21.380730777000053 ], [ 92.255773279000039, 21.381006539000111 ], [ 92.255930718000172, 21.381331762000116 ], [ 92.256037133, 21.381630579000102 ], [ 92.256056582000099, 21.382034412 ], [ 92.255793387000097, 21.382514291000177 ], [ 92.255532383000173, 21.382705172999977 ], [ 92.255259366000075, 21.382898476000094 ], [ 92.254799349000109, 21.383157505000099 ], [ 92.254364760000101, 21.383463599000038 ], [ 92.254041745000109, 21.383815598000126 ], [ 92.253901553000048, 21.384183201000099 ], [ 92.253823627000031, 21.384642524000128 ], [ 92.253770751000104, 21.384927683000058 ], [ 92.253763609000032, 21.38544475000009 ], [ 92.25390517000011, 21.385953047000157 ], [ 92.254048031000139, 21.386506473000111 ], [ 92.254186163000156, 21.387105117999965 ], [ 92.254270157000178, 21.387474222000151 ], [ 92.254389781000157, 21.387808984000117 ], [ 92.254519308000113, 21.388200049999966 ], [ 92.254686695000032, 21.388662848000081 ], [ 92.25479294600018, 21.388950380000097 ], [ 92.254996309000035, 21.389401405000172 ], [ 92.255167144000097, 21.389656462000062 ], [ 92.255334714000071, 21.39001315500019 ], [ 92.255624875000194, 21.390465269000117 ], [ 92.255915598000172, 21.390836105000062 ], [ 92.256110014000114, 21.391056982000123 ], [ 92.256476565000128, 21.391381646000127 ], [ 92.256721072000062, 21.391567986000098 ], [ 92.257048374000135, 21.391848026 ], [ 92.257415563000052, 21.39217493600006 ], [ 92.257816668000089, 21.392512676000138 ], [ 92.258146729000146, 21.392815250000126 ], [ 92.258561951000047, 21.393130223000128 ], [ 92.258842186000038, 21.393327367000097 ], [ 92.259122453000032, 21.393526765999979 ], [ 92.259624473000031, 21.393842822000067 ], [ 92.259930527000108, 21.393994464000173 ], [ 92.260395663000054, 21.394184598000095 ], [ 92.260725468000089, 21.394313342000089 ], [ 92.261154850000082, 21.394490407999967 ], [ 92.261682647000157, 21.394679691000078 ], [ 92.262026431000152, 21.394776639000099 ], [ 92.262321977999989, 21.39487198300003 ], [ 92.262676792000036, 21.395059081000056 ], [ 92.263052797000171, 21.39548744300015 ], [ 92.263244182000108, 21.395823488000133 ], [ 92.263451325000119, 21.396204466000029 ], [ 92.263665828000171, 21.39663275200013 ], [ 92.263834972000154, 21.396932971000183 ], [ 92.263979666000012, 21.397210948000179 ], [ 92.264172181000049, 21.397580837000135 ], [ 92.264330816000154, 21.397824760000162 ], [ 92.264668619000076, 21.398276211000109 ], [ 92.265022077000197, 21.398648439 ], [ 92.265412244000061, 21.398938901000065 ], [ 92.265707248000126, 21.399115509000126 ], [ 92.266075064, 21.399245988000189 ], [ 92.266479841000034, 21.399272118 ], [ 92.26709680600004, 21.399302152000189 ], [ 92.267759518000162, 21.399367681 ], [ 92.268263490000095, 21.399417299000049 ], [ 92.268570579000198, 21.399478610000074 ], [ 92.269025719000183, 21.399644016000082 ], [ 92.269341816000122, 21.399820340000076 ], [ 92.269562774000121, 21.400040839000098 ], [ 92.269520094000143, 21.400477112999965 ], [ 92.269319548000055, 21.400798135000059 ], [ 92.269130417000156, 21.401116746000071 ], [ 92.268880853000098, 21.40142488500004 ], [ 92.268681555000114, 21.401709773 ], [ 92.268432801000131, 21.401914058000102 ], [ 92.268194207000136, 21.402152066000099 ], [ 92.267969505, 21.402392147000171 ], [ 92.267733147000172, 21.402618835999988 ], [ 92.26746063700017, 21.402846018000162 ], [ 92.267087989000061, 21.403106157000082 ], [ 92.266764861000183, 21.403334020000045 ], [ 92.266455036000195, 21.403525584000079 ], [ 92.265834145000099, 21.404023859000176 ], [ 92.265521700000079, 21.404319299000122 ], [ 92.265266536000127, 21.404575579000152 ], [ 92.265148473000181, 21.404694557000084 ], [ 92.264896835000172, 21.405025296000133 ], [ 92.264770211000155, 21.405334029000016 ], [ 92.264555074000043, 21.405804237000041 ], [ 92.264328197000168, 21.406294926000044 ], [ 92.264101954000182, 21.406787858000143 ], [ 92.263949515000093, 21.40714209000015 ], [ 92.263797590000081, 21.407530173 ], [ 92.263658392000082, 21.40780521400012 ], [ 92.263570013000162, 21.408093110000152 ], [ 92.263479541000152, 21.408401353000158 ], [ 92.263475441000139, 21.40872197300007 ], [ 92.263606037000102, 21.409022714000173 ], [ 92.263911777000033, 21.409269165000012 ], [ 92.264277348000121, 21.409526093000125 ], [ 92.2645706240001, 21.409745626000074 ], [ 92.264875766000102, 21.409992082000088 ], [ 92.265180702000123, 21.410224997000057 ], [ 92.265572027000076, 21.410549300000184 ], [ 92.265840288000163, 21.410748847000036 ], [ 92.266205102000129, 21.411073506000037 ], [ 92.266544454000154, 21.411583623000013 ], [ 92.26673755000013, 21.411872229000096 ], [ 92.266930856000158, 21.412174375000063 ], [ 92.267199231000063, 21.412498079000045 ], [ 92.267455623000103, 21.412709069000073 ], [ 92.267773046000173, 21.412930522000181 ], [ 92.268077991000098, 21.41316343200009 ], [ 92.268431528000121, 21.413420514000052 ], [ 92.268689047000066, 21.413665350000031 ], [ 92.268733026000064, 21.413976288000015 ], [ 92.268726439000091, 21.414642338000078 ], [ 92.268692706000081, 21.415423888000078 ], [ 92.268723871000077, 21.415802725000049 ], [ 92.268768170000101, 21.416251367000086 ], [ 92.268786130000194, 21.416711654000039 ], [ 92.26880919600012, 21.417034162000107 ], [ 92.26880553500007, 21.417343486999982 ], [ 92.26885042300006, 21.4177131080001 ], [ 92.268895153000017, 21.418150456000092 ], [ 92.268925367000065, 21.418506729000171 ], [ 92.268981547000067, 21.418943921999983 ], [ 92.269023825000033, 21.419323562000159 ], [ 92.269027735000179, 21.419358675000126 ], [ 92.269083532000082, 21.419771040000057 ], [ 92.269128503000161, 21.42010679800012 ], [ 92.269172217000062, 21.420634459000155 ], [ 92.269192417000113, 21.421083426000109 ], [ 92.26918760500007, 21.421474036000063 ], [ 92.269861428000127, 21.422758445000056 ], [ 92.269859231000055, 21.423045178000052 ], [ 92.269768240000076, 21.423319567000135 ], [ 92.269628062000038, 21.423687181000162 ], [ 92.269489705000012, 21.424133782000069 ], [ 92.269349314000067, 21.424487855000166 ], [ 92.269220250000046, 21.424911755000039 ], [ 92.269118462000108, 21.425267561000169 ], [ 92.269065608, 21.425552719000166 ], [ 92.268975348000197, 21.425874508000049 ], [ 92.268899202000114, 21.426173526000071 ], [ 92.268843560000107, 21.426551283000151 ], [ 92.268842138000196, 21.42684929100011 ], [ 92.268849965000015, 21.427160720000074 ], [ 92.268956452000054, 21.427459521000173 ], [ 92.269211588000189, 21.427704386000073 ], [ 92.269642791000081, 21.427836250000155 ], [ 92.270195632000082, 21.427921310000102 ], [ 92.27066169200009, 21.428007546000117 ], [ 92.271068995000121, 21.428035885000099 ], [ 92.271413586000165, 21.4280628140001 ], [ 92.271757754000191, 21.428088244000037 ], [ 92.272336489000054, 21.428106726000181 ], [ 92.272704837000106, 21.42811075700007 ], [ 92.273026652, 21.42806801100005 ], [ 92.273533194000038, 21.42800469499997 ], [ 92.273852949000116, 21.427984549000087 ], [ 92.274160297000094, 21.427941998000051 ], [ 92.274691720000135, 21.427889626000137 ], [ 92.275001306000149, 21.427835757000025 ], [ 92.275308831000132, 21.427804487000117 ], [ 92.275652723000121, 21.427786268000091 ], [ 92.27607375000008, 21.427767000000131 ], [ 92.276417995000031, 21.427771347000032 ], [ 92.276750146000097, 21.427773605000027 ], [ 92.277058056000158, 21.427767158000108 ], [ 92.277525269000193, 21.427772092 ], [ 92.278067945000146, 21.427823403000104 ], [ 92.278374842000062, 21.42790727 ], [ 92.278828272000055, 21.428072664000183 ], [ 92.279304837000154, 21.428330301000074 ], [ 92.27958726300011, 21.428507052000043 ], [ 92.279879470000196, 21.428692702000149 ], [ 92.280186780000065, 21.428880403000164 ], [ 92.280466411000191, 21.429032359000075 ], [ 92.280835829000182, 21.429221470000016 ], [ 92.281035007000128, 21.429277449000153 ], [ 92.281164603000036, 21.429316319000122 ], [ 92.281583028999989, 21.429400917000066 ], [ 92.282100650000132, 21.429429979000133 ], [ 92.282458445000145, 21.42937543700009 ], [ 92.282765795000159, 21.42933287 ], [ 92.283075554000163, 21.429290269000148 ], [ 92.28339779200013, 21.429236207000088 ], [ 92.284049209000159, 21.42918668599998 ], [ 92.2846787040001, 21.429239049000159 ], [ 92.28510875600017, 21.429334766000181 ], [ 92.285537214000044, 21.429444048000164 ], [ 92.285967794000157, 21.429573616000027 ], [ 92.286384199000054, 21.42968306 ], [ 92.286702984000044, 21.42975546100007 ], [ 92.287012515000185, 21.429814441000133 ], [ 92.287466712000196, 21.429912078000143 ], [ 92.287759759000039, 21.429996115000108 ], [ 92.288287365000144, 21.430162728000084 ], [ 92.28863845800015, 21.430275890000075 ], [ 92.288730816000168, 21.430305657000133 ], [ 92.289195360000065, 21.430448299000034 ], [ 92.289626549000104, 21.430577848000155 ], [ 92.289893448999976, 21.430642503000115 ], [ 92.29012934800005, 21.43069964700004 ], [ 92.29047301900016, 21.430782986999986 ], [ 92.290805918000103, 21.430832609 ], [ 92.29116146500013, 21.430904498000189 ], [ 92.291605321000077, 21.430957115000183 ], [ 92.291901330000144, 21.43084470500014 ], [ 92.2923121070001, 21.430516263000129 ], [ 92.292536729, 21.430310015000146 ], [ 92.292760681000061, 21.430060884 ], [ 92.292987628000105, 21.429579194000155 ], [ 92.293129493000038, 21.429168651 ], [ 92.293292765000047, 21.428778130000126 ], [ 92.293469265000113, 21.428308419000075 ], [ 92.293583788000092, 21.427999832000012 ], [ 92.293726003000188, 21.427611858000091 ], [ 92.293813975000035, 21.427301381000063 ], [ 92.293917936000184, 21.426934248000123 ], [ 92.294084446000113, 21.426326965999976 ], [ 92.294199754000033, 21.425914528000135 ], [ 92.294353062000141, 21.425503827000171 ], [ 92.294467981000139, 21.425066560000175 ], [ 92.294571153000163, 21.424803283000131 ], [ 92.29463519300009, 21.424504420000176 ], [ 92.294711925000058, 21.424207640000134 ], [ 92.294828861000155, 21.423783893000177 ], [ 92.294893863000198, 21.42339246 ], [ 92.294998033000127, 21.423038869000152 ], [ 92.295074478000117, 21.422762411 ], [ 92.295138727000051, 21.42247708900004 ], [ 92.295241758000088, 21.422166405999974 ], [ 92.295507298000075, 21.421571310000161 ], [ 92.295659674000035, 21.421217058000138 ], [ 92.295784358000049, 21.420942195000066 ], [ 92.295961406000174, 21.420508593000079 ], [ 92.296139588000131, 21.420108835 ], [ 92.296315066000091, 21.419844565000176 ], [ 92.2966014980002, 21.419468157000097 ], [ 92.296926696000071, 21.419219891000182 ], [ 92.297284465000132, 21.419050188000085 ], [ 92.297729070000059, 21.418998939 ], [ 92.298170619000075, 21.419060606000073 ], [ 92.298525353000116, 21.419236333000129 ], [ 92.298904930000162, 21.419574257000022 ], [ 92.299158745000113, 21.419886815000098 ], [ 92.299438293000151, 21.42030286500011 ], [ 92.299691154000186, 21.420707991000029 ], [ 92.299920686000178, 21.421124727000063 ], [ 92.300100134000104, 21.421576010000024 ], [ 92.300278235000178, 21.422095036000144 ], [ 92.300411292000092, 21.42239344800015 ], [ 92.300493979000123, 21.42266998000008 ], [ 92.300626542000145, 21.422936796000158 ], [ 92.300791042000071, 21.423279925000031 ], [ 92.300989182000137, 21.423539067000149 ], [ 92.301233727000181, 21.423759194000183 ], [ 92.301564980000137, 21.423820107000154 ], [ 92.302145499000119, 21.423710542000038 ], [ 92.302455630000111, 21.423577603000126 ], [ 92.302715142000125, 21.423406982000131 ], [ 92.303075005000153, 21.423101790000146 ], [ 92.30352313200018, 21.422736693000047 ], [ 92.303895650000072, 21.422431325000161 ], [ 92.30425923100006, 21.42205610100001 ], [ 92.304508316000181, 21.421759203000136 ], [ 92.304707564000125, 21.421474280000098 ], [ 92.304932793000035, 21.421155137000085 ], [ 92.305208285000049, 21.420812727000168 ], [ 92.305434221000098, 21.420538724000153 ], [ 92.305597488000046, 21.420265581000024 ], [ 92.305836078000084, 21.419761143000017 ], [ 92.305999341000131, 21.419488002000094 ], [ 92.306200817000104, 21.419191757000192 ], [ 92.306461770000112, 21.41888340800017 ], [ 92.306747463000079, 21.418692105000048 ], [ 92.30715434300015, 21.418580399 ], [ 92.307464424000159, 21.418560326000033 ], [ 92.307832388, 21.41854170900001 ], [ 92.3082778710002, 21.418431727000154 ], [ 92.308686095000041, 21.418252276000146 ], [ 92.30910601800008, 21.418050090000122 ], [ 92.309392944000194, 21.417822646000104 ], [ 92.309716060000085, 21.417596960000083 ], [ 92.310075685000129, 21.417393346000154 ], [ 92.31048316000016, 21.417166493000082 ], [ 92.310856114000103, 21.41704396199998 ], [ 92.311310878000086, 21.417026400000168 ], [ 92.311865563000026, 21.417077437000046 ], [ 92.312515211000175, 21.417188112000019 ], [ 92.312896855000133, 21.417273140000134 ], [ 92.313266481000142, 21.417322212000101 ], [ 92.313684281000064, 21.417406739000114 ], [ 92.31399011100018, 21.41753796 ], [ 92.314332807000085, 21.417713819000085 ], [ 92.314538614000128, 21.417923175 ], [ 92.314684920000161, 21.418257512000025 ], [ 92.314789474000122, 21.418696269 ], [ 92.314906615000154, 21.419168710000122 ], [ 92.31504839400003, 21.419674674000078 ], [ 92.315119235000168, 21.419962646999977 ], [ 92.31521619900019, 21.420263803000068 ], [ 92.315381371000171, 21.420724292000045 ], [ 92.315552700000012, 21.421001848000117 ], [ 92.315980338000088, 21.421212647000061 ], [ 92.316474068000048, 21.421219361000055 ], [ 92.316967403000092, 21.421086120000155 ], [ 92.317252266000139, 21.420881268000073 ], [ 92.317613764000043, 21.420643748000145 ], [ 92.317862293000076, 21.420428110000046 ], [ 92.318261272000143, 21.420007218000023 ], [ 92.318471238000086, 21.419792112000039 ], [ 92.318734048000181, 21.41956498900015 ], [ 92.319031909000046, 21.41926739500002 ], [ 92.319430469000167, 21.418972926000095 ], [ 92.31977731600017, 21.418724317000056 ], [ 92.320223547000069, 21.418395324000073 ], [ 92.320523078000065, 21.418203805000132 ], [ 92.320932066000125, 21.418035605000057 ], [ 92.321302240000023, 21.417890513000145 ], [ 92.321623832000171, 21.417836389000115 ], [ 92.321918516000039, 21.417757812000104 ], [ 92.322215399000186, 21.41770402800006 ], [ 92.322585587999981, 21.417674064000096 ], [ 92.323115246000157, 21.417666719000124 ], [ 92.323435351000057, 21.417671307000148 ], [ 92.32395260100003, 21.417641556000092 ], [ 92.324322965000135, 21.417622872000095 ], [ 92.324655088000156, 21.417625035000015 ], [ 92.324975194, 21.417629620000127 ], [ 92.325242627000193, 21.417885511000065 ], [ 92.325460858000042, 21.418117255000084 ], [ 92.325875304000078, 21.418522348000124 ], [ 92.326096013000097, 21.418720194000116 ], [ 92.326327815000127, 21.418895312000075 ], [ 92.326767563000089, 21.4192233 ], [ 92.327122329000133, 21.419398966000188 ], [ 92.327527909000082, 21.419472338000048 ], [ 92.327983029000109, 21.419477300999972 ], [ 92.328453135000075, 21.419400783000071 ], [ 92.32877566600007, 21.419254082000066 ], [ 92.329156407000198, 21.41916752000003 ], [ 92.329501938000078, 21.419216891000133 ], [ 92.329929003000188, 21.41954278999998 ], [ 92.330171770000106, 21.419762898000101 ], [ 92.330315488999986, 21.420122084000127 ], [ 92.330374309000092, 21.420410217000097 ], [ 92.330408205000197, 21.42068515 ], [ 92.33046369200008, 21.42118100800019 ], [ 92.330567516000144, 21.421836473000155 ], [ 92.330651370000169, 21.422182950000149 ], [ 92.330719964000139, 21.422631218999982 ], [ 92.330715476000137, 21.422917977000111 ], [ 92.330686743000172, 21.423424037000075 ], [ 92.330619033000062, 21.423790683 ], [ 92.330591581000135, 21.424111619000087 ], [ 92.330550780000181, 21.424502721000124 ], [ 92.330547466000098, 21.424825577000036 ], [ 92.330589728000064, 21.425285502000122 ], [ 92.330586757000049, 21.425743800000077 ], [ 92.330445981000139, 21.426064056000087 ], [ 92.330111584000122, 21.42633734400016 ], [ 92.329800552000108, 21.426450028000033 ], [ 92.329358601000081, 21.426478753000026 ], [ 92.328891405000149, 21.426473963000149 ], [ 92.328470402, 21.426493365000169 ], [ 92.328088678000029, 21.426557367000157 ], [ 92.327704778000111, 21.426750068 ], [ 92.3274550980002, 21.427044751000153 ], [ 92.327201737000109, 21.427639717000147 ], [ 92.327123659000051, 21.427961357000129 ], [ 92.327047278000066, 21.42823782500011 ], [ 92.326956701000086, 21.42868379500004 ], [ 92.326876767000044, 21.429154449000066 ], [ 92.326859881000075, 21.42953393200014 ], [ 92.326830547000156, 21.429888755999968 ], [ 92.326778803000138, 21.430198740000037 ], [ 92.326773787000036, 21.430566771000031 ], [ 92.326780780000036, 21.431083624000109 ], [ 92.32684964900011, 21.431511577000038 ], [ 92.327029694000032, 21.431994419000034 ], [ 92.327199043000064, 21.432296814000097 ], [ 92.327477958000145, 21.432552541000064 ], [ 92.327871145000074, 21.432716379999988 ], [ 92.328376412000068, 21.432801905000076 ], [ 92.328769796000074, 21.43286415700004 ], [ 92.329225500000121, 21.432902962000185 ], [ 92.329330882000136, 21.432922340000175 ], [ 92.329887454000186, 21.433024681 ], [ 92.330329624, 21.433122367000124 ], [ 92.330625105000024, 21.433206291000147 ], [ 92.331017582000072, 21.433324981000169 ], [ 92.331385708000198, 21.433466588999977 ], [ 92.33176631200007, 21.433596733000115 ], [ 92.332183255000189, 21.433737655000016 ], [ 92.332464635000179, 21.433844346000058 ], [ 92.33274764100014, 21.433939729000087 ], [ 92.333077626000033, 21.434070575000078 ], [ 92.333409986000163, 21.434199128000103 ], [ 92.333826966, 21.434342303000165 ], [ 92.334255999000106, 21.434485307000102 ], [ 92.334698859000127, 21.434625864000054 ], [ 92.335203014000172, 21.434792651000123 ], [ 92.335766140000089, 21.435028593000084 ], [ 92.33614505800017, 21.435203897 ], [ 92.336549053000113, 21.435439799 ], [ 92.33681723300009, 21.435625677000132 ], [ 92.33705075600011, 21.435868474000017 ], [ 92.337206386000048, 21.436216200000047 ], [ 92.337311962000058, 21.436562366000089 ], [ 92.337382793000131, 21.436884186000043 ], [ 92.337403451000114, 21.437310547000095 ], [ 92.337421446000064, 21.437872393000191 ], [ 92.337417729000038, 21.438206541000113 ], [ 92.337401984000053, 21.438504738 ], [ 92.337396064000075, 21.43896533100002 ], [ 92.337366242000144, 21.439401429000043 ], [ 92.337348810000094, 21.439896044000022 ], [ 92.337331580000068, 21.440365827000107 ], [ 92.337303207000161, 21.440779329 ], [ 92.337297683000031, 21.441113502000064 ], [ 92.337282875000085, 21.441470379000179 ], [ 92.337227769000094, 21.441870709000113 ], [ 92.337200370000062, 21.442193902000099 ], [ 92.337172754000107, 21.442503552000119 ], [ 92.337131035000084, 21.442835974000104 ], [ 92.337065567000195, 21.443191303000106 ], [ 92.336998801000163, 21.443616628000029 ], [ 92.336945569000022, 21.443983071000048 ], [ 92.336869737000143, 21.444293394000056 ], [ 92.336814118000063, 21.44477499900006 ], [ 92.336735480000129, 21.445211777000111 ], [ 92.336671125000066, 21.44548582300007 ], [ 92.336554300000103, 21.446060836000129 ], [ 92.336436720000108, 21.446588453000174 ], [ 92.336384023000107, 21.446988747999967 ], [ 92.336402786000178, 21.447333873000048 ], [ 92.336686603000089, 21.447440522000079 ], [ 92.337241228000096, 21.447480179000081 ], [ 92.337608316000058, 21.447554058000037 ], [ 92.338063368000064, 21.447662826000169 ], [ 92.338517635000073, 21.447873187000084 ], [ 92.338932033000106, 21.448154084000123 ], [ 92.339150937000056, 21.448385794000103 ], [ 92.339345341000183, 21.448744259000023 ], [ 92.339501739000127, 21.449101000000155 ], [ 92.339693193000187, 21.449425646000179 ], [ 92.339899322000122, 21.449876500000187 ], [ 92.340103915000043, 21.450268683000047 ], [ 92.340310079000062, 21.45057054800003 ], [ 92.340566447000128, 21.450882996000132 ], [ 92.340757728000085, 21.451196357000072 ], [ 92.3409374860002, 21.451656609000111 ], [ 92.340992788000165, 21.452175036000085 ], [ 92.341013252000096, 21.452739101000134 ], [ 92.341007911000077, 21.453197429000056 ], [ 92.341002005000121, 21.453658019000159 ], [ 92.340999081000064, 21.454003442000044 ], [ 92.341018577000057, 21.454393701000072 ], [ 92.341039946000137, 21.454750069999989 ], [ 92.34105817700015, 21.455325454 ], [ 92.341054861000032, 21.455646050000041 ], [ 92.341071949000025, 21.456187585 ], [ 92.341042322000192, 21.456634965000092 ], [ 92.341037710000137, 21.457025562000183 ], [ 92.341109743000175, 21.457383479000043 ], [ 92.341200852000156, 21.457878832000063 ], [ 92.341222912000035, 21.458165212000154 ], [ 92.341292384000099, 21.458627005000039 ], [ 92.341312610000159, 21.458949530000041 ], [ 92.34139331900019, 21.459397623000029 ], [ 92.341498747000173, 21.459996614000147 ], [ 92.341543323000167, 21.460296224000047 ], [ 92.341565962000175, 21.460618716000113 ], [ 92.341610900000148, 21.460940894000089 ], [ 92.341643965000117, 21.461274527000114 ], [ 92.341701862000036, 21.461652959000162 ], [ 92.341747887, 21.461929974000043 ], [ 92.341867965000176, 21.462275931000022 ], [ 92.341950155000063, 21.462552441000128 ], [ 92.342044799000064, 21.462853606000124 ], [ 92.342226270000083, 21.463268682000148 ], [ 92.342394545000047, 21.463650082000072 ], [ 92.342571919000136, 21.464110364000192 ], [ 92.342740080000112, 21.464626041000088 ], [ 92.342944012000146, 21.465172897000059 ], [ 92.343051860000173, 21.46550773600012 ], [ 92.343180657000062, 21.465946122 ], [ 92.343261740000116, 21.466416783000113 ], [ 92.343320370000185, 21.466727482000181 ], [ 92.343502815000079, 21.467052245000104 ], [ 92.343871791000083, 21.467089963000035 ], [ 92.344330365000189, 21.466774270000144 ], [ 92.344615452000028, 21.466580649000036 ], [ 92.344889662000185, 21.466423302000067 ], [ 92.345347655000126, 21.466071495000165 ], [ 92.345622731000162, 21.465855440000155 ], [ 92.345870744000194, 21.465605905000189 ], [ 92.346156246000191, 21.465400989000102 ], [ 92.346479937000197, 21.465209083000047 ], [ 92.347061499000176, 21.464893915000061 ], [ 92.347558601000117, 21.464575413000034 ], [ 92.348005465000142, 21.464282449000109 ], [ 92.348239911000178, 21.46408953700012 ], [ 92.348625017000074, 21.463817754000104 ], [ 92.348924555000167, 21.463623927000128 ], [ 92.349418950000143, 21.463400268000044 ], [ 92.349865449000049, 21.463197601000047 ], [ 92.350160922000043, 21.463051233000044 ], [ 92.350632854000196, 21.462780483000188 ], [ 92.351030910000077, 21.46256495 ], [ 92.351390791000085, 21.46237478300003 ], [ 92.351747658000079, 21.4622975260001 ], [ 92.352117544000123, 21.462242661000062 ], [ 92.35249605100006, 21.462499192999985 ], [ 92.352652516000148, 21.463007160000188 ], [ 92.35273386200015, 21.463342366000063 ], [ 92.352812781000182, 21.463939461000166 ], [ 92.352808965, 21.464377447000174 ], [ 92.352864879000037, 21.464780731000133 ], [ 92.352959915999975, 21.465217327000175 ], [ 92.353127310000161, 21.46554229200018 ], [ 92.353571281000029, 21.465707604000158 ], [ 92.354074201000117, 21.465826933000187 ], [ 92.354381814000078, 21.465910640000061 ], [ 92.354883686, 21.466077388000031 ], [ 92.355358705000128, 21.466345045000082 ], [ 92.355399613000145, 21.466368095000178 ], [ 92.355900612000141, 21.466742533000058 ], [ 92.356144261000111, 21.467009983000025 ], [ 92.35642425900005, 21.467288210000049 ], [ 92.356801862000111, 21.467637294000156 ], [ 92.357082043999981, 21.467926802000079 ], [ 92.357337755000117, 21.468194082000025 ], [ 92.357544664000102, 21.468425932 ], [ 92.357801101000064, 21.468738346000123 ], [ 92.358177791000173, 21.469179993000125 ], [ 92.358555049000131, 21.46961937400016 ], [ 92.358895359000201, 21.470047987000044 ], [ 92.35904105100019, 21.470222006000142 ], [ 92.359090216000084, 21.470280004000131 ], [ 92.359431268000037, 21.470604766000179 ], [ 92.359637400000054, 21.470825337 ], [ 92.360014339000088, 21.471244401000092 ], [ 92.360259233000079, 21.471475710000107 ], [ 92.360477841000034, 21.471684815000117 ], [ 92.360686989000101, 21.471905341000024 ], [ 92.361075389000121, 21.472324240000148 ], [ 92.361453199000096, 21.472684597000011 ], [ 92.361830607000059, 21.473020127000098 ], [ 92.362221240000167, 21.47342770400013 ], [ 92.362515005000034, 21.473660577000146 ], [ 92.362856433000047, 21.474007897000092 ], [ 92.363123801000143, 21.47428628900002 ], [ 92.363330546999975, 21.474506846999986 ], [ 92.363572773000158, 21.474945864000176 ], [ 92.36380276400007, 21.475373768000054 ], [ 92.364029924000022, 21.475812998000151 ], [ 92.364295953000124, 21.476344232000031 ], [ 92.364491593000139, 21.476623634000077 ], [ 92.364734142000032, 21.476970094000137 ], [ 92.365023635000114, 21.47738586700018 ], [ 92.365327506000142, 21.477758545000086 ], [ 92.365631835000158, 21.478196681000099 ], [ 92.365776260000132, 21.478440689000081 ], [ 92.366043327999989, 21.47881162800013 ], [ 92.366312462000053, 21.479123848000029 ], [ 92.366579300000126, 21.479368380000153 ], [ 92.36682463600016, 21.479588384000067 ], [ 92.367104663000191, 21.479753718999973 ], [ 92.367622837000056, 21.479768950999983 ], [ 92.367895361000024, 21.479656736000038 ], [ 92.368304027000079, 21.47949970000019 ], [ 92.368784880000192, 21.479332609000153 ], [ 92.36921787700004, 21.479188772000043 ], [ 92.369626721000145, 21.479043018000084 ], [ 92.369937089000018, 21.478885116000129 ], [ 92.370345019000069, 21.478682939 ], [ 92.370606708000139, 21.478534755 ], [ 92.370904834999976, 21.47836573800015 ], [ 92.371299027000134, 21.478208901000073 ], [ 92.371633667000083, 21.478098056000022 ], [ 92.372141037000119, 21.477930581000123 ], [ 92.372512080000035, 21.477796643000033 ], [ 92.3728707960002, 21.477683195000111 ], [ 92.373437201000115, 21.477587115000119 ], [ 92.373904424000102, 21.477695603000029 ], [ 92.374481107000122, 21.478010212000072 ], [ 92.374785615000121, 21.478197758000135 ], [ 92.375069209000117, 21.47839688900018 ], [ 92.37549600300008, 21.478688792000071 ], [ 92.375839878000193, 21.478887064000105 ], [ 92.376217313000097, 21.47910969100019 ], [ 92.376597525000079, 21.479354849 ], [ 92.376877709000041, 21.479529194000122 ], [ 92.377295465000145, 21.479821222000169 ], [ 92.377601318000131, 21.480053891000125 ], [ 92.377831235000031, 21.480251521000127 ], [ 92.37813727200006, 21.480495475000055 ], [ 92.378405806000046, 21.480694814000117 ], [ 92.378675457000099, 21.480925738000053 ], [ 92.379006317000119, 21.481101614000067 ], [ 92.379336443000057, 21.481232356000191 ], [ 92.379719188000195, 21.481224646000101 ], [ 92.37997995000012, 21.481020029000149 ], [ 92.380355323000174, 21.48063319 ], [ 92.380566049000038, 21.480429283000092 ], [ 92.380979384, 21.479892917000143 ], [ 92.381191146000106, 21.479641591000131 ], [ 92.381439849000174, 21.479437142000165 ], [ 92.381732088000149, 21.479243374000134 ], [ 92.383584487000178, 21.485214719999988 ], [ 92.382225478000066, 21.486477902000104 ], [ 92.381119096000191, 21.487593004000132 ], [ 92.380834634000109, 21.488935666000032 ], [ 92.381079476000139, 21.491419769000117 ], [ 92.380933225000035, 21.492121661000112 ], [ 92.38089383300013, 21.492310713000165 ], [ 92.380699711000034, 21.493242345000112 ], [ 92.380111507000038, 21.494781208000177 ], [ 92.379721458, 21.495935758000144 ], [ 92.378220059000057, 21.497869120000075 ], [ 92.376911535000147, 21.499131553000154 ], [ 92.375494907000189, 21.50001402099997 ], [ 92.373872303000041, 21.500802343000032 ], [ 92.37296471500008, 21.501580487000069 ], [ 92.37247052500004, 21.50263943900012 ], [ 92.372078827000166, 21.503696932000139 ], [ 92.372093324, 21.503744267000059 ], [ 92.373158194000041, 21.507221117000142 ], [ 92.373712974000114, 21.509892701000069 ], [ 92.374561600000163, 21.511792602000128 ], [ 92.374570951000123, 21.512368092000145 ], [ 92.374585053000033, 21.512451015000181 ], [ 92.374684307000052, 21.513034652000044 ], [ 92.374388305000082, 21.513709297000162 ], [ 92.373990401000015, 21.514385391000133 ], [ 92.37207623400019, 21.51613271500014 ], [ 92.370263024999986, 21.517786034000039 ], [ 92.369161784000084, 21.519237353000165 ], [ 92.367720242000189, 21.521291003999977 ], [ 92.367263611000169, 21.521941519000052 ], [ 92.36627039200016, 21.523772782000151 ], [ 92.365125172000091, 21.525697789 ], [ 92.36477787400014, 21.526281554000093 ], [ 92.363473633000126, 21.527830529000084 ], [ 92.363278494000042, 21.528406662000066 ], [ 92.362913013000082, 21.531091324000158 ], [ 92.361938877000114, 21.534071295000047 ], [ 92.361075993000156, 21.53701783200006 ], [ 92.361066626000195, 21.537049817000138 ], [ 92.360174796000081, 21.538782552000043 ], [ 92.358683007000025, 21.541388342000175 ], [ 92.358091860000059, 21.54253758700014 ], [ 92.356700415000148, 21.545242610000059 ], [ 92.354560915000036, 21.549135192000051 ], [ 92.354546696, 21.549161074999972 ], [ 92.354315947000032, 21.549581103000094 ], [ 92.353390914000158, 21.551248826000176 ], [ 92.353171166000095, 21.551644727000166 ], [ 92.352229056999988, 21.553342008000129 ], [ 92.351571950999983, 21.554559395000069 ], [ 92.351550877000193, 21.554598435000116 ], [ 92.351343821000114, 21.554982034000147 ], [ 92.350044749000119, 21.557388685000035 ], [ 92.349334160000012, 21.559043430000088 ], [ 92.348763224000038, 21.560372941000026 ], [ 92.347170631000154, 21.563074885000162 ], [ 92.346795367000198, 21.563715629000058 ], [ 92.345505913000068, 21.565917260000049 ], [ 92.345080333000055, 21.566643884000143 ], [ 92.343296962000181, 21.570208547000107 ], [ 92.342340078000063, 21.5717073510001 ], [ 92.341201873000159, 21.573490893000098 ], [ 92.339811226999984, 21.576723990000175 ], [ 92.339131872, 21.578303364000078 ], [ 92.337797507000175, 21.580236745000093 ], [ 92.336932479000041, 21.58149006900004 ], [ 92.334665297000186, 21.58401777500012 ], [ 92.333969412000101, 21.584793602000104 ], [ 92.333717232000197, 21.585074750000103 ], [ 92.331162028000165, 21.587536941000167 ], [ 92.329687780000199, 21.588957470000025 ], [ 92.328510780000158, 21.590044891 ], [ 92.327268853000191, 21.591192272000171 ], [ 92.324964925000131, 21.592436522000128 ], [ 92.324186423000015, 21.592856946000097 ], [ 92.324136232000058, 21.592884051000112 ], [ 92.321995165000089, 21.594040285 ], [ 92.319938127000057, 21.595330865000051 ], [ 92.318515593000143, 21.597626149000064 ], [ 92.317454776000034, 21.59895473600011 ], [ 92.31563974300002, 21.600396624000041 ], [ 92.315326964000178, 21.600575799000069 ], [ 92.313279828000077, 21.601746559000105 ], [ 92.311556898000163, 21.602276171000028 ], [ 92.310260135000078, 21.602395772000079 ], [ 92.308093350000149, 21.602222687000051 ], [ 92.306243143000074, 21.601539529000036 ], [ 92.305194312000083, 21.601453096000057 ], [ 92.303101014000049, 21.601280573000111 ], [ 92.301478645000032, 21.601303028000075 ], [ 92.299555056000145, 21.602846618000058 ], [ 92.296523659000059, 21.605434863000085 ], [ 92.295968223999978, 21.605908467 ], [ 92.295909110000082, 21.605958873000134 ], [ 92.295818597000164, 21.60603605 ], [ 92.293995514000187, 21.607072534000167 ], [ 92.289271607000046, 21.609465040000032 ], [ 92.288433090000069, 21.609902555000076 ], [ 92.288390672999981, 21.609924687000159 ], [ 92.287876292000135, 21.610193075000154 ], [ 92.285570444000143, 21.610622192000051 ], [ 92.283771085000069, 21.610957209000162 ], [ 92.281296186000191, 21.611497982 ], [ 92.279774749000126, 21.611518851000085 ], [ 92.278807820000168, 21.611532106000027 ], [ 92.278709657000149, 21.611539992000132 ], [ 92.275495492000175, 21.611798199000077 ], [ 92.274268434000078, 21.611896757000068 ], [ 92.272899614000153, 21.611973945000045 ], [ 92.271890248000147, 21.612030856000047 ], [ 92.270174314000087, 21.6122896870001 ], [ 92.267463570000189, 21.612698536000039 ], [ 92.267011383000124, 21.612893940000049 ], [ 92.266891308000083, 21.6129458260001 ], [ 92.264561438000044, 21.613952602000097 ], [ 92.262099764000084, 21.61570629300013 ], [ 92.259191529000077, 21.61912068200013 ], [ 92.258811492000177, 21.619566850000069 ], [ 92.258699293, 21.619698569999969 ], [ 92.256698401000051, 21.623267704000057 ] ] ] } },
{ "type": "Feature", "properties": { "adm3_name": "Chakaria", "adm3_name1": null, "adm3_name2": null, "adm3_name3": null, "adm3_pcode": "BD20220016", "adm2_name": "Cox's Bazar", "adm2_name1": null, "adm2_name2": null, "adm2_name3": null, "adm2_pcode": "BD2022", "adm1_name": "Chattogram", "adm1_name1": null, "adm1_name2": null, "adm1_name3": null, "adm1_pcode": "BD20", "adm0_name": "Bangladesh", "adm0_name1": null, "adm0_name2": null, "adm0_name3": null, "adm0_pcode": "BD", "valid_on": "2023-05-21T00:00:00", "valid_to": null, "area_sqkm": 493.27138318, "version": "v03", "lang": "en", "lang1": null, "lang2": null, "lang3": null, "adm3_ref_name": null, "center_lat": 21.74110917, "center_lon": 92.0517345, "location/upazila": "chakaria", "n_sites": 3, "avg_shelter_severity": 12.666666666666666, "avg_water_severity": 50.0, "avg_protection_count": 1.3333333333333333, "pct_health_priority": 66.666666666666671, "protection_severity": 66.666666666666657, "needs_score": 46.3, "synthetic_upazila_slug": "chakaria", "official_adm3_name": "Chakaria", "official_adm3_pcode": "BD20220016", "official_adm2_name": "Cox's Bazar", "official_adm2_pcode": "BD2022", "note": null }, "geometry": { "type": "Polygon", "coordinates": [ [ [ 92.058089519000134, 21.917081536000182 ], [ 92.057884597000054, 21.91776363800011 ], [ 92.05777129400019, 21.918844193000098 ], [ 92.057619073000126, 21.920205178000174 ], [ 92.057543545000101, 21.920926298000154 ], [ 92.057423325000059, 21.921526067000116 ], [ 92.057213238000031, 21.921849278000138 ], [ 92.056828508000137, 21.921973747000038 ], [ 92.056709270000056, 21.921968464000031 ], [ 92.056055020000088, 21.921942783000134 ], [ 92.055625628000087, 21.921948152000141 ], [ 92.054893343000174, 21.921837654000058 ], [ 92.054160526000032, 21.921648141000105 ], [ 92.053641828000082, 21.921415316000093 ], [ 92.052950204000069, 21.921103372000061 ], [ 92.052256288000194, 21.920631164000042 ], [ 92.051601921000156, 21.919921410000143 ], [ 92.051248073000181, 21.91924628300012 ], [ 92.050888525000119, 21.918130994000137 ], [ 92.050621167000031, 21.917454786000121 ], [ 92.050491792000059, 21.91665720300017 ], [ 92.050398663000067, 21.916531938000162 ], [ 92.050305511000033, 21.916447310000081 ], [ 92.050122264000038, 21.916406701000028 ], [ 92.049985598000092, 21.916451299000187 ], [ 92.049851960000069, 21.916665181000099 ], [ 92.049718364000171, 21.916924214000119 ], [ 92.049356719, 21.917224470000122 ], [ 92.04896782600008, 21.917522804999976 ], [ 92.04806128700011, 21.918294918000015 ], [ 92.047815317000186, 21.918182842000192 ], [ 92.047449435000146, 21.918187400000022 ], [ 92.046961392000185, 21.918193475000066 ], [ 92.046352831000149, 21.918316188000176 ], [ 92.046113346000141, 21.918657813000095 ], [ 92.045630171000084, 21.91900472400016 ], [ 92.045519996999985, 21.919803035000029 ], [ 92.045159987000034, 21.920261293000124 ], [ 92.043702312000164, 21.920733203000054 ], [ 92.042004149000093, 21.921436103000133 ], [ 92.040668006000089, 21.921906477000164 ], [ 92.039203830000076, 21.921924643000068 ], [ 92.038749100000132, 21.921934798000109 ], [ 92.038917228000173, 21.921720497000024 ], [ 92.039066805000061, 21.921519971000123 ], [ 92.039337509000063, 21.921202802000096 ], [ 92.039700338000159, 21.9209409340001 ], [ 92.040000893000069, 21.920596302000035 ], [ 92.040180273000146, 21.920280265000088 ], [ 92.040145346000031, 21.919993982000108 ], [ 92.039984231000119, 21.919427058999986 ], [ 92.039667854000129, 21.918661134000104 ], [ 92.039385572000015, 21.918122804000177 ], [ 92.039345791000187, 21.917495679000069 ], [ 92.039432441000088, 21.917124356000159 ], [ 92.039672294000127, 21.916807572000039 ], [ 92.039882913000042, 21.916604028999984 ], [ 92.040032285000166, 21.916347064000149 ], [ 92.040087251999978, 21.915917434000107 ], [ 92.040266022000026, 21.915601405000189 ], [ 92.04044643300017, 21.915400498000167 ], [ 92.040715514000112, 21.91497046500001 ], [ 92.040986592000138, 21.914680384000121 ], [ 92.041014382000128, 21.914508458000057 ], [ 92.040950472000191, 21.914310581000166 ], [ 92.040766431000179, 21.914256423000097 ], [ 92.040279015000124, 21.914348263000079 ], [ 92.039973011000029, 21.914352059 ], [ 92.039663947000065, 21.914098521000028 ], [ 92.03941435500019, 21.913731369000175 ], [ 92.038951490000159, 21.913423297000065 ], [ 92.038613832000124, 21.913285254000129 ], [ 92.038122569000052, 21.91314910900013 ], [ 92.037573655000131, 21.913212353000063 ], [ 92.037453939000159, 21.91338541600004 ], [ 92.037242684000034, 21.913586703000135 ], [ 92.036815931000149, 21.91364843100007 ], [ 92.036355927000102, 21.91354124500009 ], [ 92.035954951000122, 21.913288840000064 ], [ 92.035736210000039, 21.912921297000139 ], [ 92.035698885999977, 21.912465718000192 ], [ 92.035724051000045, 21.912065805000054 ], [ 92.035747003000154, 21.911553039000069 ], [ 92.035740523000129, 21.911097079000172 ], [ 92.035765266000169, 21.910667824000086 ], [ 92.03588296200013, 21.910352553000052 ], [ 92.036152665000145, 21.910008312000059 ], [ 92.036453783000184, 21.909661425000024 ], [ 92.036693248, 21.90931756000009 ], [ 92.036780100000101, 21.909002672000156 ], [ 92.03686755800004, 21.908687778000058 ], [ 92.036769957000047, 21.908289387000025 ], [ 92.036581042000137, 21.907892126000093 ], [ 92.03630245700009, 21.907611112000154 ], [ 92.035932151, 21.90738767400012 ], [ 92.035498131000168, 21.906937005000032 ], [ 92.035156229000108, 21.9065416360001 ], [ 92.034874796, 21.906059725000091 ], [ 92.034746967, 21.905661707000036 ], [ 92.034710869000037, 21.905291900000066 ], [ 92.034433287000184, 21.905123753000112 ], [ 92.034006972000157, 21.905214817 ], [ 92.033825381000156, 21.905332198000053 ], [ 92.033523621000029, 21.905591044000175 ], [ 92.033313203000034, 21.905851014000177 ], [ 92.033134844000131, 21.906196380000154 ], [ 92.032772420000128, 21.906485319000183 ], [ 92.032438214000194, 21.906631681000192 ], [ 92.032320096000035, 21.906917603000068 ], [ 92.032142533000183, 21.90731939799997 ], [ 92.031902261000198, 21.907606827000052 ], [ 92.031478180000192, 21.907898786000146 ], [ 92.031080680000173, 21.907847251000021 ], [ 92.030803899000091, 21.907735532000117 ], [ 92.03011912400018, 21.906831899000053 ], [ 92.029627056000152, 21.906637041000124 ], [ 92.029137644000173, 21.906586638000078 ], [ 92.028463594000129, 21.906482070000152 ], [ 92.028189850000047, 21.906541884000148 ], [ 92.028039284000045, 21.906715323000185 ], [ 92.027735117000191, 21.906804862000058 ], [ 92.027275903000032, 21.906751822999979 ], [ 92.026785691000157, 21.906644984000138 ], [ 92.026446624000073, 21.906448232 ], [ 92.026321662000043, 21.906251097000165 ], [ 92.026256561000082, 21.905967437000129 ], [ 92.026132779000136, 21.905853821000107 ], [ 92.025854824000135, 21.90565857200005 ], [ 92.025302295000131, 21.905464445000064 ], [ 92.024996111000064, 21.905411772000036 ], [ 92.024505684000076, 21.90533202000006 ], [ 92.023955199000056, 21.905282351000096 ], [ 92.023405097000193, 21.905259771000033 ], [ 92.022792930000094, 21.905210857000043 ], [ 92.022302725000145, 21.905104001999973 ], [ 92.021597622000115, 21.904941087000111 ], [ 92.020955604000108, 21.904919626000037 ], [ 92.02009833700015, 21.904817273000162 ], [ 92.019271465000145, 21.904682935000039 ], [ 92.018262226000047, 21.904611786000146 ], [ 92.017314827000064, 21.9045940580001 ], [ 92.015722234000179, 21.904329117000088 ], [ 92.015019140000106, 21.904308380000089 ], [ 92.014285807000078, 21.904288012000166 ], [ 92.013734311000121, 21.904208969000081 ], [ 92.013273559000197, 21.904045286000155 ], [ 92.012813789000177, 21.903908679000153 ], [ 92.012325747000091, 21.903998184000159 ], [ 92.011961700000086, 21.904174218000151 ], [ 92.011538979000193, 21.904522552 ], [ 92.011116640000182, 21.904897969999979 ], [ 92.010752775000185, 21.905130443000132 ], [ 92.010266155000068, 21.905278623000129 ], [ 92.00974711300006, 21.905314313000076 ], [ 92.00916496200017, 21.905206283000041 ], [ 92.008614887000192, 21.905185907000089 ], [ 92.008281036000199, 21.905359307000083 ], [ 92.008102204000124, 21.905675307000081 ], [ 92.007986061000054, 21.906105679000177 ], [ 92.00796319300008, 21.906674890000147 ], [ 92.007942545000162, 21.907359212000074 ], [ 92.007793943000138, 21.907674842000063 ], [ 92.007490167000014, 21.907793689000073 ], [ 92.007124901, 21.907883938000168 ], [ 92.006024099000058, 21.907840925000073 ], [ 92.004983960000061, 21.907767815000057 ], [ 92.004128867000077, 21.907778236000127 ], [ 92.00309071900017, 21.907847323000055 ], [ 92.002144114000089, 21.907888197000034 ], [ 92.001228120000178, 21.907955786000059 ], [ 92.000711242000193, 21.908104306999974 ], [ 92.00037740200014, 21.908279949000132 ], [ 92.000197730000195, 21.908537251000098 ], [ 91.999650598000187, 21.908771928000078 ], [ 91.999039435000157, 21.908752265000146 ], [ 91.998274854000044, 21.908705113000167 ], [ 91.997539515000085, 21.908542460000092 ], [ 91.997169636000081, 21.908346021000114 ], [ 91.997108267000101, 21.908223916000054 ], [ 91.997012869000173, 21.908034108000152 ], [ 91.996977274000187, 21.907693633000122 ], [ 91.996970917000112, 21.907237660000135 ], [ 91.996962578000193, 21.906639478000045 ], [ 91.996896307000156, 21.906267765999985 ], [ 91.996708702000149, 21.905956229000083 ], [ 91.996428390000062, 21.905589369000097 ], [ 91.996119447000183, 21.905338003000111 ], [ 91.995875513000044, 21.90536805500011 ], [ 91.995418326000163, 21.90545939499998 ], [ 91.994839767000144, 21.905608643000107 ], [ 91.994108811000046, 21.905759738000086 ], [ 91.993439145000082, 21.905968789000042 ], [ 91.992831132000106, 21.906174831000044 ], [ 91.992312859000151, 21.906266900000105 ], [ 91.991884120000122, 21.9061863 ], [ 91.991606581000156, 21.906018077000056 ], [ 91.991480095000156, 21.905708050000044 ], [ 91.991476927000065, 21.905480062000038 ], [ 91.991412646000185, 21.905250559000137 ], [ 91.991287730000124, 21.905053394000049 ], [ 91.991009820000045, 21.904858081000157 ], [ 91.990426895000041, 21.904693554000119 ], [ 91.989997376000133, 21.904556513999978 ], [ 91.989567044000069, 21.904360786000154 ], [ 91.989256521000016, 21.903994283000088 ], [ 91.989068733000124, 21.903712084000119 ], [ 91.988636430000156, 21.903374144000054 ], [ 91.988081603000182, 21.903010589000075 ], [ 91.987434859000132, 21.902648144000182 ], [ 91.98697213000014, 21.902339915000027 ], [ 91.986631556000191, 21.902030210000021 ], [ 91.986293963000037, 21.901892052000164 ], [ 91.985957336000183, 21.901866768000048 ], [ 91.98555847300014, 21.901758695000069 ], [ 91.985372864000112, 21.901589351000098 ], [ 91.984945332000109, 21.901594510000052 ], [ 91.98454844000014, 21.901628647000109 ], [ 91.984301349000191, 21.901430694000169 ], [ 91.984147575000122, 21.9013761060001 ], [ 91.983934518000126, 21.901408027000173 ], [ 91.983749496000087, 21.901324465000187 ], [ 91.983595110000124, 21.901181835000102 ], [ 91.983470432000104, 21.901088512000115 ], [ 91.985728760000086, 21.899469607000185 ], [ 91.986097450000045, 21.899378723000154 ], [ 91.986999954000112, 21.899156247 ], [ 91.98852644800013, 21.898151201000189 ], [ 91.989582046000066, 21.89764400700011 ], [ 91.990961710000192, 21.897478313000079 ], [ 91.991274894000128, 21.897079430000019 ], [ 91.991216194000117, 21.896685046000073 ], [ 91.990945246000081, 21.896293231000072 ], [ 91.990570604000141, 21.896099086000106 ], [ 91.990249978000065, 21.896005888000047 ], [ 91.98992992400008, 21.895910418000142 ], [ 91.988546055000029, 21.895728471000098 ], [ 91.987800251000181, 21.895590730000151 ], [ 91.987531351000143, 21.895345633000034 ], [ 91.987190673000157, 21.895099096000138 ], [ 91.987127772, 21.895053576000123 ], [ 91.986994352000181, 21.894957024000121 ], [ 91.986568516000148, 21.894865086000152 ], [ 91.986033555000176, 21.894623195000122 ], [ 91.985446021000087, 21.894384199000058 ], [ 91.985285007000073, 21.89428680300017 ], [ 91.984801230000073, 21.893897543000094 ], [ 91.984424568000179, 21.893556659000183 ], [ 91.983519713000192, 21.893418559000111 ], [ 91.983145118000039, 21.893226653000056 ], [ 91.982980018000035, 21.892833550000091 ], [ 91.982717967000099, 21.892418271000111 ], [ 91.982545947000119, 21.892145667000136 ], [ 91.982275799000149, 21.8918531650001 ], [ 91.98221304100008, 21.891163066999979 ], [ 91.981991905000086, 21.89052228800017 ], [ 91.981461005000199, 21.890528681000092 ], [ 91.980497257000025, 21.890854099000023 ], [ 91.979995097000085, 21.890664302 ], [ 91.979704177000144, 21.890361956000049 ], [ 91.97935208500013, 21.890079460000152 ], [ 91.979142289000038, 21.88971879200011 ], [ 91.979082169000037, 21.889567854000063 ], [ 91.978930120000143, 21.889186113000051 ], [ 91.978761283000097, 21.888824951000174 ], [ 91.978590864000125, 21.888349116000143 ], [ 91.97854226000004, 21.887795355000037 ], [ 91.978886430000102, 21.88750448900015 ], [ 91.979214078000041, 21.887500550000084 ], [ 91.979709244000105, 21.887762210000062 ], [ 91.979817967000145, 21.888219671000172 ], [ 91.979846890000147, 21.888831013000129 ], [ 91.979973982, 21.889135329999988 ], [ 91.980512363000059, 21.889451891000192 ], [ 91.980420238000136, 21.88886825600008 ], [ 91.980269466000095, 21.888551588000041 ], [ 91.980197519000114, 21.888400478000108 ], [ 91.980226951000077, 21.888274820000049 ], [ 91.980619092000097, 21.888006169999983 ], [ 91.981168201000116, 21.888107849000164 ], [ 91.981623473000127, 21.888446445000113 ], [ 91.981771838999975, 21.888807849000159 ], [ 91.981796808000183, 21.889132509000035 ], [ 91.981826592000175, 21.889763437 ], [ 91.982409388000065, 21.890142483000091 ], [ 91.982579802000146, 21.890526495000074 ], [ 91.982627850000199, 21.89102712600004 ], [ 91.982890658000088, 21.891270046000045 ], [ 91.983304709000151, 21.89134182000015 ], [ 91.983579309000163, 21.891169183000159 ], [ 91.984238017000109, 21.891046103000065 ], [ 91.984651466000116, 21.891117878000102 ], [ 91.985353948000181, 21.891186168000047 ], [ 91.98588877200018, 21.891026194000119 ], [ 91.9858027100002, 21.890794690000178 ], [ 91.985180871000125, 21.890610287000072 ], [ 91.984271135000199, 21.890467734000083 ], [ 91.983978886999978, 21.890238716000169 ], [ 91.983845946000088, 21.889547209000057 ], [ 91.983924461000129, 21.889277596000056 ], [ 91.983914873, 21.888584601000161 ], [ 91.983910063000167, 21.888236976000087 ], [ 91.984363101000156, 21.888154753000151 ], [ 91.984812416000125, 21.888038626000025 ], [ 91.98510918400018, 21.887948308000034 ], [ 91.985346798000137, 21.888098365000076 ], [ 91.9855348050001, 21.888363712000114 ], [ 91.985743027000126, 21.888609699000142 ], [ 91.985971727000049, 21.888855438000121 ], [ 91.986240987000087, 21.889072015000181 ], [ 91.986500273000047, 21.889307827000152 ], [ 91.986624202000087, 21.889382793000152 ], [ 91.987061389000132, 21.889278139000169 ], [ 91.98726329200008, 21.88896639900014 ], [ 91.987256376000175, 21.888467533999972 ], [ 91.98754218300013, 21.88823154 ], [ 91.987579575000041, 21.887962426000115 ], [ 91.986622783000087, 21.887434387000042 ], [ 91.986041054000168, 21.887132104000159 ], [ 91.985584838000079, 21.886984085000108 ], [ 91.984881311000038, 21.88683904800007 ], [ 91.984302803000162, 21.886769260000165 ], [ 91.983807592000119, 21.886775228000147 ], [ 91.983722630000045, 21.88662272900001 ], [ 91.983718352000039, 21.886313478000091 ], [ 91.983590939000067, 21.886083957000039 ], [ 91.983549035000124, 21.886008472000071 ], [ 91.983095473999981, 21.886052318000168 ], [ 91.982848704, 21.886093672000015 ], [ 91.982837180000104, 21.88526048 ], [ 91.982835904000183, 21.885168172000192 ], [ 91.982791605000159, 21.884938420000026 ], [ 91.982584287000066, 21.884902538000063 ], [ 91.982400535000124, 21.885046205000151 ], [ 91.982135574000154, 21.885253367000075 ], [ 91.981970739000133, 21.884955351000087 ], [ 91.981839098000137, 21.884717347000105 ], [ 91.982576828000049, 21.884363038 ], [ 91.983026640000162, 21.884048317000179 ], [ 91.98323123300014, 21.883930710000129 ], [ 91.98346954900012, 21.883234729000037 ], [ 91.983633023000152, 21.883117617000096 ], [ 91.984292229000175, 21.88303291200009 ], [ 91.984367524000106, 21.882530798000118 ], [ 91.984614362000059, 21.882451060000108 ], [ 91.985146396000061, 21.882135343000186 ], [ 91.985320534000095, 21.882104591000143 ], [ 91.985846177000155, 21.882011765000073 ], [ 91.986304007000172, 21.882277162000094 ], [ 91.986553961000084, 21.882297380000182 ], [ 91.986716899000044, 21.88231056 ], [ 91.987421469000083, 21.882532342000047 ], [ 91.987919321000049, 21.882718235000084 ], [ 91.988373403000139, 21.882712751000156 ], [ 91.989026745000047, 21.882205911000142 ], [ 91.989721166000038, 21.881696317000092 ], [ 91.989876618000096, 21.881001327000149 ], [ 91.989868866000165, 21.880660511000031 ], [ 91.989889601000186, 21.88052807300005 ], [ 91.990099399000144, 21.879187972000125 ], [ 91.990249945000187, 21.878214258000185 ], [ 91.990326364000168, 21.877719992000152 ], [ 91.990893691000167, 21.876943263000101 ], [ 91.991741921000141, 21.875623550000057 ], [ 91.99203124100012, 21.87524949900012 ], [ 91.992552787000079, 21.874575206000031 ], [ 91.99283120400014, 21.873839494000094 ], [ 91.993109828000115, 21.873103230000083 ], [ 91.993182958000091, 21.872447617000091 ], [ 91.993475986000192, 21.872168635000094 ], [ 91.993338387000108, 21.871752627000149 ], [ 91.992839004000075, 21.871410987000104 ], [ 91.992427702000157, 21.87153336300014 ], [ 91.992111764000128, 21.871507813000164 ], [ 91.992014841000184, 21.871499975 ], [ 91.991707977000033, 21.871185135000076 ], [ 91.991679912999984, 21.87115634200012 ], [ 91.991184226000087, 21.871123954000097 ], [ 91.990562468000178, 21.87093956700005 ], [ 91.990598225000042, 21.870553070000085 ], [ 91.990725892, 21.870430580000118 ], [ 91.990967609000052, 21.8701986640001 ], [ 91.991026908000038, 21.870114413000124 ], [ 91.991141580000146, 21.870115720000172 ], [ 91.991219226000169, 21.870116605000135 ], [ 91.991382275000092, 21.870121877000031 ], [ 91.992235551000135, 21.870149469000012 ], [ 91.99271670700017, 21.869963033000033 ], [ 91.993008161000148, 21.870049814000026 ], [ 91.993295849000106, 21.869865719000188 ], [ 91.993329228000107, 21.869587194000133 ], [ 91.993339203000176, 21.869503965000092 ], [ 91.992897636000123, 21.869057771000087 ], [ 91.992938289000051, 21.868938811000021 ], [ 91.993002594000131, 21.868750645000091 ], [ 91.993083577000164, 21.868513678000113 ], [ 91.993321019000064, 21.868194728000049 ], [ 91.993317255000136, 21.867923853000093 ], [ 91.992931356000099, 21.867741134000141 ], [ 91.992501374000199, 21.867911145000107 ], [ 91.991803798000035, 21.868188246000045 ], [ 91.991587419000155, 21.867497752000077 ], [ 91.991473921000193, 21.867204340000171 ], [ 91.991202343000111, 21.866502255000057 ], [ 91.991398885000194, 21.865806768000141 ], [ 91.991436309999983, 21.865497012000105 ], [ 91.99064737000009, 21.865158864000023 ], [ 91.990106336999986, 21.864819972000021 ], [ 91.990224921000049, 21.864432477000037 ], [ 91.991010022000069, 21.864538133000053 ], [ 91.991464045999976, 21.864532644000064 ], [ 91.991532926, 21.863570037999978 ], [ 91.991400519000138, 21.862916910000138 ], [ 91.990817214000117, 21.86253789400007 ], [ 91.990524207000135, 21.862441437000143 ], [ 91.990029994000167, 21.862278740000079 ], [ 91.988914747000194, 21.862215444000185 ], [ 91.988510447000124, 21.862798292000093 ], [ 91.987965712000062, 21.862885162000168 ], [ 91.987766393000186, 21.862730509000073 ], [ 91.987797884000031, 21.862561936000077 ], [ 91.987881792000053, 21.862112767000156 ], [ 91.987831621000112, 21.861458642000116 ], [ 91.986008702000163, 21.860941035000167 ], [ 91.985260909000033, 21.860602362000122 ], [ 91.984518002000129, 21.860572929000114 ], [ 91.984433586000023, 21.860458804000132 ], [ 91.984917538000104, 21.859644721000052 ], [ 91.985141029000033, 21.859244866000097 ], [ 91.985199577000117, 21.859140116000106 ], [ 91.985567550000098, 21.858903141000155 ], [ 91.98648249300004, 21.859393321000027 ], [ 91.986320671000158, 21.859627814000135 ], [ 91.986285934000193, 21.860088802000064 ], [ 91.986788443000137, 21.860660713000073 ], [ 91.987121212000034, 21.860850860000085 ], [ 91.987781373000189, 21.860842898000158 ], [ 91.988565465000079, 21.860833438000043 ], [ 91.988686175999987, 21.860599439000168 ], [ 91.988681925000094, 21.860292444000038 ], [ 91.988594288000058, 21.859945817999971 ], [ 91.988507288000108, 21.859601440000063 ], [ 91.988501413000108, 21.85917706500004 ], [ 91.98870327700007, 21.858865325000011 ], [ 91.989239499000064, 21.858858854000118 ], [ 91.989483101000133, 21.858548868000014 ], [ 91.989107030000184, 21.858244103000118 ], [ 91.989222422000125, 21.857626362000076 ], [ 91.98959307299998, 21.857583505000036 ], [ 91.98954771300015, 21.85727700700005 ], [ 91.989173344000164, 21.857051242000125 ], [ 91.988468341000043, 21.856788827000173 ], [ 91.986349237000184, 21.856150143999969 ], [ 91.985606579000034, 21.856123251000156 ], [ 91.984909363000043, 21.855753935000166 ], [ 91.984768572000064, 21.85567935600011 ], [ 91.984292025000173, 21.855354589000171 ], [ 91.984251786000129, 21.855327165 ], [ 91.983897388000116, 21.854686289000085 ], [ 91.983900385000084, 21.854122502999985 ], [ 91.983900944000197, 21.854017208000073 ], [ 91.984035922000032, 21.853597434000164 ], [ 91.98411940800014, 21.853395065000029 ], [ 91.984209287000056, 21.853177198000026 ], [ 91.984258655000076, 21.853045186000145 ], [ 91.984381991000134, 21.852709183000115 ], [ 91.98456596800014, 21.852099222 ], [ 91.984928883000066, 21.85194371700004 ], [ 91.985164717000032, 21.851969550000092 ], [ 91.985295875000077, 21.852010996000161 ], [ 91.985514341000055, 21.852080032 ], [ 91.985792970000091, 21.852239156000053 ], [ 91.986071600000059, 21.85239827900017 ], [ 91.986259556000164, 21.852663629000062 ], [ 91.986416803999987, 21.852929349000021 ], [ 91.986431930000037, 21.853282801000148 ], [ 91.986527891000037, 21.853558817000078 ], [ 91.986694451000176, 21.853757520000102 ], [ 91.986982561, 21.853801758000031 ], [ 91.987397068000121, 21.853914162000081 ], [ 91.987771272000145, 21.853887902000054 ], [ 91.987974945000076, 21.853808984000068 ], [ 91.988196710000182, 21.853557810000098 ], [ 91.988172522000127, 21.85332683900009 ], [ 91.988376040000105, 21.853091842000083 ], [ 91.988422772000092, 21.852955103000056 ], [ 91.988455068000064, 21.852860605000046 ], [ 91.988742963000163, 21.852780368000083 ], [ 91.988945350000165, 21.852507004000188 ], [ 91.988691657, 21.852087876000155 ], [ 91.98831567600007, 21.851744727999971 ], [ 91.987735721000149, 21.851559818000169 ], [ 91.986953800000038, 21.851722768000116 ], [ 91.986906825000119, 21.851298888000031 ], [ 91.987313255000174, 21.850871801000153 ], [ 91.986896176000073, 21.850529143000017 ], [ 91.986527668000122, 21.850725488000023 ], [ 91.986240339000062, 21.850846350999973 ], [ 91.985645828000145, 21.850482315000079 ], [ 91.985408676000077, 21.85036092200005 ], [ 91.984853671000053, 21.850205125000059 ], [ 91.984365496000123, 21.850440386000059 ], [ 91.983991107000122, 21.850760296999965 ], [ 91.983201866000115, 21.851731158000121 ], [ 91.983074303000137, 21.851654346000146 ], [ 91.98334837800013, 21.850747458000058 ], [ 91.983389995000095, 21.850609749000114 ], [ 91.983425243, 21.85018487800005 ], [ 91.983215931000132, 21.849957112000027 ], [ 91.983005027000047, 21.849614221000024 ], [ 91.98365822, 21.849105152000107 ], [ 91.983984534, 21.848830302000067 ], [ 91.984059855000112, 21.848330446000091 ], [ 91.984719959000188, 21.848322498000186 ], [ 91.985385900000153, 21.848736668000129 ], [ 91.985573662000036, 21.848744676000081 ], [ 91.986087642000143, 21.848766595000029 ], [ 91.986917052000194, 21.849065906000021 ], [ 91.987289273000158, 21.849138180000125 ], [ 91.987541893000127, 21.849480561000121 ], [ 91.988326487000165, 21.849511739000036 ], [ 91.988319021999985, 21.848972239000034 ], [ 91.988376646000177, 21.848908593999965 ], [ 91.988971007000032, 21.848910967999984 ], [ 91.98910297700013, 21.849001163000082 ], [ 91.989681933000043, 21.849070937000192 ], [ 91.990060677000145, 21.849167464000061 ], [ 91.990371204000155, 21.849412214000097 ], [ 91.99062349400009, 21.849887051000053 ], [ 91.990834575000065, 21.850343270000053 ], [ 91.990878150000185, 21.850647038000091 ], [ 91.990890899000078, 21.850735915000087 ], [ 91.990948146000107, 21.85113498200019 ], [ 91.991114235000111, 21.851209737000033 ], [ 91.991529728000103, 21.851437259000022 ], [ 91.99174395100016, 21.851974259000087 ], [ 91.991869397000073, 21.852126266000141 ], [ 91.992031723000139, 21.852507951000177 ], [ 91.992188980000094, 21.852773665000143 ], [ 91.992418424000107, 21.853076737000151 ], [ 91.992688152000198, 21.853331532000027 ], [ 91.992892616000063, 21.853309945000092 ], [ 91.993079057000102, 21.853073418000122 ], [ 91.993060935000074, 21.852896931000032 ], [ 91.993026513000018, 21.852629733000128 ], [ 91.992756653000072, 21.852365381000084 ], [ 91.992606053000088, 21.85184153199998 ], [ 91.992715869000108, 21.851639494000153 ], [ 91.993000234000078, 21.851473575 ], [ 91.993343424000045, 21.851297937000083 ], [ 91.993454749000136, 21.851215190000062 ], [ 91.99356177400017, 21.851361651 ], [ 91.993985973, 21.851681480000082 ], [ 91.994358462000037, 21.851963703000081 ], [ 91.994699315000048, 21.852179404000083 ], [ 91.995098800000164, 21.852193683999985 ], [ 91.995373190000123, 21.852046999000038 ], [ 91.995577969000124, 21.851772104000133 ], [ 91.995657588000029, 21.851540855999986 ], [ 91.995390813000085, 21.851335206000044 ], [ 91.995307142000172, 21.850977342000078 ], [ 91.995263410000121, 21.850777162000043 ], [ 91.995290390000036, 21.850628906000054 ], [ 91.995344082000031, 21.85064630800008 ], [ 91.995405258000119, 21.850670310999988 ], [ 91.995519583000089, 21.850793175000035 ], [ 91.995685089000119, 21.850915421000025 ], [ 91.995901379000031, 21.851008379000064 ], [ 91.996298868000167, 21.850879316000146 ], [ 91.996332775000042, 21.850372351000033 ], [ 91.996287316000121, 21.850047942000117 ], [ 91.99612538700012, 21.849571006000076 ], [ 91.996161661000087, 21.849222883000152 ], [ 91.995456187000173, 21.848924378000049 ], [ 91.99500434800018, 21.84908337100012 ], [ 91.994723491000116, 21.849626355000112 ], [ 91.994272714000033, 21.849862095000105 ], [ 91.994185107000135, 21.849517727000034 ], [ 91.994134915000075, 21.848863607000055 ], [ 91.994084722000139, 21.848209483000119 ], [ 91.993874832000131, 21.847941099000138 ], [ 91.993667562000041, 21.84790522600008 ], [ 91.993259033000072, 21.848178831000098 ], [ 91.993266516000119, 21.848718329000121 ], [ 91.993519643000184, 21.849139714000103 ], [ 91.993234494000092, 21.849373444000094 ], [ 91.992652871000018, 21.849111812000103 ], [ 91.992442451000045, 21.848805053000035 ], [ 91.992274762000079, 21.848615175000134 ], [ 91.99210922300017, 21.848086644000034 ], [ 91.992760231000034, 21.847916197000018 ], [ 91.992964232000134, 21.847760209000114 ], [ 91.992734186000121, 21.847433367000065 ], [ 91.99236079100001, 21.847475454000062 ], [ 91.992067076000126, 21.847335639000107 ], [ 91.991588516000149, 21.847155046000012 ], [ 91.991261106000081, 21.846935181000049 ], [ 91.991231996000181, 21.846915633000037 ], [ 91.990981365000096, 21.846560247000127 ], [ 91.990916865000088, 21.846042008000097 ], [ 91.991059885000197, 21.845324592000111 ], [ 91.991417856000055, 21.845161307000183 ], [ 91.991949113000089, 21.844918977000191 ], [ 91.992737401999989, 21.844875364000075 ], [ 91.993492772000138, 21.844152803000043 ], [ 91.993867478000084, 21.843577076000088 ], [ 91.994124951000174, 21.843079543000044 ], [ 91.994240177000108, 21.842856883000081 ], [ 91.994638167000176, 21.842458824000119 ], [ 91.994994996000116, 21.842491474000155 ], [ 91.995521887000109, 21.842696630000091 ], [ 91.995876536000026, 21.84317022 ], [ 91.996721708000166, 21.843580524 ], [ 91.997427303, 21.844260127000041 ], [ 91.997961956000097, 21.844425686000136 ], [ 91.998036785000181, 21.844474229000184 ], [ 91.99839584700004, 21.844707157000073 ], [ 91.998562810000067, 21.84493451700007 ], [ 91.998894345000053, 21.845217226000102 ], [ 91.999255683000115, 21.845726617000025 ], [ 91.999261653000076, 21.84615550400008 ], [ 91.999577444000181, 21.8468651 ], [ 92.000273900000082, 21.847427845000141 ], [ 92.000577385000042, 21.847209683000187 ], [ 92.000637645000097, 21.846066564000012 ], [ 92.000943109000104, 21.845990613000026 ], [ 92.001142573000095, 21.846111396000026 ], [ 92.00156498400014, 21.845853859000101 ], [ 92.001519515000041, 21.845529452000164 ], [ 92.00126879700008, 21.845169306000059 ], [ 92.000977403000093, 21.844828769 ], [ 92.00050096800004, 21.844433130000027 ], [ 91.999859433000154, 21.843943915000182 ], [ 91.999500020000198, 21.843382943000108 ], [ 91.999482702000194, 21.843355911000174 ], [ 91.999763185000177, 21.842912859000137 ], [ 92.000106411000161, 21.842564621000065 ], [ 92.000578317000134, 21.842635358000166 ], [ 92.001149694000048, 21.842888497000047 ], [ 92.001670218000129, 21.843119103000106 ], [ 92.002165259000151, 21.843380706 ], [ 92.002383841000153, 21.844011214000147 ], [ 92.002679466000188, 21.844255949000058 ], [ 92.003064076000044, 21.844393511000078 ], [ 92.004219926000076, 21.84495065700014 ], [ 92.004679729000031, 21.845017312000095 ], [ 92.005077319000065, 21.846084875000031 ], [ 92.005236208000156, 21.846509644000093 ], [ 92.004783391000103, 21.846944108000173 ], [ 92.004788400000052, 21.847303018 ], [ 92.005487867999989, 21.848080182 ], [ 92.006781716000148, 21.847563232000027 ], [ 92.006621813000152, 21.847066234000124 ], [ 92.006232184000112, 21.846569772000066 ], [ 92.006679604000055, 21.845706410000048 ], [ 92.00621024600008, 21.844998694000139 ], [ 92.005513785000119, 21.844435976000113 ], [ 92.005047397000055, 21.843940444000168 ], [ 92.005043395000087, 21.843653768000024 ], [ 92.005032437000068, 21.842868229000146 ], [ 92.004335990000072, 21.842305504000024 ], [ 92.002950467000119, 21.841751147000082 ], [ 92.002684628000054, 21.841269763000071 ], [ 92.002326298000071, 21.841121540000131 ], [ 92.002145611000117, 21.841166563000058 ], [ 92.001856293000174, 21.841342113 ], [ 92.001380140000151, 21.841333556000109 ], [ 92.001117137000108, 21.841193384000064 ], [ 92.000912345000074, 21.841112679000048 ], [ 92.000623037000082, 21.840998668999987 ], [ 92.000557035000156, 21.840669731000162 ], [ 92.000659719000112, 21.840324412000086 ], [ 92.000518419000173, 21.840109846000075 ], [ 92.000172475000113, 21.840141276000054 ], [ 91.99940723900005, 21.84015055499998 ], [ 91.998709655000084, 21.840333723000072 ], [ 91.998188042000152, 21.840368717000104 ], [ 91.997939998000049, 21.840199684000083 ], [ 91.997933826000065, 21.840167678000114 ], [ 91.99789035200007, 21.839942230000077 ], [ 91.997853668, 21.839512581000179 ], [ 91.997848289000046, 21.839125561000117 ], [ 91.997458985000151, 21.838472499999966 ], [ 91.997572329000093, 21.838129825000124 ], [ 91.997601267, 21.838042338000093 ], [ 91.997876817000076, 21.837863607000145 ], [ 91.998363730000108, 21.837542305 ], [ 91.998834938000016, 21.837513745000138 ], [ 91.998683951000089, 21.836979456000108 ], [ 91.998593324000126, 21.836658753000108 ], [ 91.998985459000153, 21.836301836000132 ], [ 91.999421293000125, 21.836296553000182 ], [ 91.999562414000195, 21.836349805000111 ], [ 91.999658834000172, 21.836386189000109 ], [ 92.00037835400019, 21.836657695000042 ], [ 92.000934848000043, 21.836923336000041 ], [ 92.001293752000095, 21.837334737999981 ], [ 92.0016805690002, 21.837545091000095 ], [ 92.001858616000106, 21.837098499999968 ], [ 92.002147327000102, 21.836879948000046 ], [ 92.00256216400004, 21.836917891000041 ], [ 92.002810296000177, 21.837072609000074 ], [ 92.002892453000129, 21.837458694000134 ], [ 92.002863544000149, 21.837588074000166 ], [ 92.002742778000083, 21.837823046999972 ], [ 92.003237408000132, 21.83797061700011 ], [ 92.003606679000086, 21.83802347600016 ], [ 92.003899585000113, 21.838105936000034 ], [ 92.005572459000177, 21.83926195700019 ], [ 92.006057295000119, 21.839498598000148 ], [ 92.006671990000086, 21.839705596000044 ], [ 92.007050602000163, 21.839414263000037 ], [ 92.006504095000139, 21.838635242000123 ], [ 92.006040345000144, 21.838284171000112 ], [ 92.005668717000162, 21.838085871000033 ], [ 92.004910683000105, 21.837935947000062 ], [ 92.004601625000134, 21.837796339000079 ], [ 92.004460051000137, 21.837554341000157 ], [ 92.00437325900009, 21.837338734000127 ], [ 92.004020024000056, 21.836461223000128 ], [ 92.003786308000088, 21.836089577999985 ], [ 92.00331823900018, 21.835172314000147 ], [ 92.003615118000141, 21.834525267000174 ], [ 92.003845840000054, 21.834250090000012 ], [ 92.004212103000043, 21.834087939000028 ], [ 92.004622226000151, 21.833767552999973 ], [ 92.004929676000188, 21.833792489000075 ], [ 92.00500519000002, 21.833773113000063 ], [ 92.005281584000159, 21.833702193000079 ], [ 92.005217975000164, 21.833545266000158 ], [ 92.004938033000087, 21.833290613000145 ], [ 92.004827368000065, 21.833062576000032 ], [ 92.004901332000145, 21.832860966 ], [ 92.005022939000185, 21.832885985000075 ], [ 92.005625095000084, 21.833009869000023 ], [ 92.006131925000091, 21.833018042000049 ], [ 92.006455872000174, 21.833089483000037 ], [ 92.007232576000149, 21.833260769000162 ], [ 92.007302511000148, 21.833276190999982 ], [ 92.00751944600006, 21.833416916000033 ], [ 92.007504333000156, 21.833856382000135 ], [ 92.007916856000065, 21.83417268 ], [ 92.008047762000103, 21.834672291000061 ], [ 92.008505470000102, 21.834937640000078 ], [ 92.008986342000128, 21.834906899000089 ], [ 92.009144873000196, 21.834357663000162 ], [ 92.009486370000104, 21.834270965000087 ], [ 92.009983004000162, 21.8343800560001 ], [ 92.01019933800012, 21.835108906000016 ], [ 92.010367028000132, 21.835298763000026 ], [ 92.010538123000174, 21.835384375 ], [ 92.01064559200006, 21.835383064000155 ], [ 92.010643989000016, 21.835268392999978 ], [ 92.010512467000183, 21.835002204000091 ], [ 92.010727921000068, 21.834562878000156 ], [ 92.011035336000191, 21.834704503000069 ], [ 92.011237928000071, 21.83491707800016 ], [ 92.011424565000141, 21.835086838000166 ], [ 92.011894818000087, 21.83539527400012 ], [ 92.011980569000116, 21.835450072000185 ], [ 92.012181256000133, 21.835393009000029 ], [ 92.012300666000044, 21.835147834000054 ], [ 92.012471629000117, 21.835102052000025 ], [ 92.012637220000045, 21.835057709000125 ], [ 92.012904033000154, 21.835470207000185 ], [ 92.013234467000132, 21.83603963000013 ], [ 92.013408566000066, 21.836410249000153 ], [ 92.013532993000183, 21.836523422000027 ], [ 92.013750141000173, 21.836678470000038 ], [ 92.013980632000141, 21.836689992000117 ], [ 92.01433414700017, 21.836714347000111 ], [ 92.014491089000046, 21.836956149 ], [ 92.014518928000086, 21.837447148000081 ], [ 92.014607377000061, 21.837597257000141 ], [ 92.014778044000082, 21.83781948800015 ], [ 92.015134417000127, 21.837937497000041 ], [ 92.015259852000156, 21.838122337000073 ], [ 92.015232563000097, 21.838366388999987 ], [ 92.01518891500001, 21.838538958000129 ], [ 92.014917028000184, 21.839115734000075 ], [ 92.014586048000183, 21.83934916000004 ], [ 92.014375726000139, 21.839681465000069 ], [ 92.014210257000059, 21.839927204000105 ], [ 92.01446032500013, 21.840239549999978 ], [ 92.014920819000054, 21.84044705600013 ], [ 92.014964691000159, 21.840570454000044 ], [ 92.014775425000096, 21.840809154000056 ], [ 92.01477964500009, 21.841110166000078 ], [ 92.014921842000035, 21.841395155000157 ], [ 92.014867262000166, 21.841883258000109 ], [ 92.014813887000116, 21.842457363999983 ], [ 92.014879319000158, 21.842743291000147 ], [ 92.015298603000076, 21.842788220000045 ], [ 92.015546971000163, 21.842823566000106 ], [ 92.015912724000145, 21.84243529000014 ], [ 92.016238419, 21.84212200800016 ], [ 92.016711868000186, 21.842018407000182 ], [ 92.017051451000157, 21.842143281000062 ], [ 92.017284567000047, 21.842341138000165 ], [ 92.017984724000144, 21.842992041000116 ], [ 92.01823500800009, 21.843318713000144 ], [ 92.018241047000174, 21.843748729000026 ], [ 92.018199013000071, 21.84403597000005 ], [ 92.018212125000048, 21.844563230000176 ], [ 92.018460428000083, 21.84463695200003 ], [ 92.018748668000114, 21.844903756000065 ], [ 92.019168654000055, 21.844893114000115 ], [ 92.019286599000168, 21.844703595000112 ], [ 92.01948185700013, 21.843532827000104 ], [ 92.019458447000147, 21.842959662000169 ], [ 92.019325751, 21.842258808000111 ], [ 92.019119513000192, 21.841788234000035 ], [ 92.018913276000092, 21.841317661000119 ], [ 92.018462811, 21.841278505000048 ], [ 92.018328480000037, 21.84109628900012 ], [ 92.018169213000078, 21.841031887000099 ], [ 92.018137363999983, 21.840739370000165 ], [ 92.018180807000135, 21.840552466000133 ], [ 92.018128509000064, 21.840108680000185 ], [ 92.017912358000046, 21.840025307000133 ], [ 92.01751438600013, 21.84008504500008 ], [ 92.017314192000129, 21.840075635 ], [ 92.016838247000067, 21.840081457000167 ], [ 92.016254830000037, 21.84008859100004 ], [ 92.01597686600013, 21.839977298000122 ], [ 92.015740740000126, 21.839564430000109 ], [ 92.015533916000095, 21.839050850000035 ], [ 92.015635154999984, 21.838605186000109 ], [ 92.015722851000135, 21.838288715000147 ], [ 92.016034845000036, 21.838211018000038 ], [ 92.016627062999987, 21.838162969000052 ], [ 92.016856149000148, 21.838074150000068 ], [ 92.016928689999986, 21.837772200000131 ], [ 92.016906097000174, 21.83725636700018 ], [ 92.016779052000061, 21.836956858000178 ], [ 92.016438879000077, 21.836788981000041 ], [ 92.015962542000182, 21.836766132000037 ], [ 92.015540188000045, 21.836468395000168 ], [ 92.015495741, 21.836238573000173 ], [ 92.015536966000127, 21.835982835000152 ], [ 92.015394773000196, 21.835697845000027 ], [ 92.015176220000114, 21.835442461000184 ], [ 92.015026152000132, 21.835126764999984 ], [ 92.015064282000139, 21.835114573000055 ], [ 92.015904903000148, 21.834845765000011 ], [ 92.016381435000142, 21.834882949000075 ], [ 92.016546232000167, 21.834926596000059 ], [ 92.017105819, 21.835074801000133 ], [ 92.017862318000141, 21.835366610000051 ], [ 92.018498415000124, 21.835831925000093 ], [ 92.018855751000046, 21.836128615000121 ], [ 92.018966441000146, 21.836356641000179 ], [ 92.019001978000119, 21.83670027800008 ], [ 92.019052062000185, 21.836986392000142 ], [ 92.019467593, 21.837052985000014 ], [ 92.01977464700019, 21.837049225000101 ], [ 92.020021902000167, 21.837160887000095 ], [ 92.020009168000172, 21.837347416000171 ], [ 92.019997642000078, 21.837619947000064 ], [ 92.020000462000155, 21.837820621000162 ], [ 92.020302101000141, 21.83768110900013 ], [ 92.020669447000159, 21.837407947000088 ], [ 92.02097113200017, 21.837416212000164 ], [ 92.021409685000151, 21.837428224000064 ], [ 92.022971862000134, 21.837131377000105 ], [ 92.022930363000171, 21.836690948000182 ], [ 92.022666755000046, 21.836144623 ], [ 92.022507851000057, 21.835764270000084 ], [ 92.022499786000196, 21.835190917000148 ], [ 92.02275028300005, 21.834805543000073 ], [ 92.022972165999988, 21.834205475000147 ], [ 92.023090065000076, 21.833860189000177 ], [ 92.023144218000198, 21.833701594000104 ], [ 92.023246229000051, 21.833315814000173 ], [ 92.023290009000107, 21.833150248000152 ], [ 92.02318717300011, 21.832700951 ], [ 92.023146593000149, 21.832523651000088 ], [ 92.023099135000109, 21.832316305000177 ], [ 92.023013299000127, 21.831672223000169 ], [ 92.022801211000171, 21.831149160000166 ], [ 92.022311031000129, 21.830868443000099 ], [ 92.020262076000108, 21.830750187000092 ], [ 92.018903889000114, 21.830394731000183 ], [ 92.018740200000138, 21.830127928000024 ], [ 92.01809173200013, 21.829508648000115 ], [ 92.018764222000186, 21.828622354000174 ], [ 92.018974774000185, 21.827339330000029 ], [ 92.019029432000082, 21.827006269000094 ], [ 92.018635582, 21.826294272000098 ], [ 92.01827668400017, 21.825649967000174 ], [ 92.018475746000092, 21.82514632800013 ], [ 92.018803045000084, 21.824950420999983 ], [ 92.019336440000075, 21.824751992000188 ], [ 92.020200899000145, 21.824626269000191 ], [ 92.02052708500014, 21.824351353000168 ], [ 92.020317217000184, 21.824085260000118 ], [ 92.020016403000113, 21.824107615000059 ], [ 92.019080530000053, 21.824177160000033 ], [ 92.018822958000044, 21.824134024000045 ], [ 92.018637133000084, 21.824021606000144 ], [ 92.018457978000072, 21.823837426000182 ], [ 92.018347502000154, 21.823623732000101 ], [ 92.018214904000047, 21.823474822000037 ], [ 92.018158661000086, 21.823296306000032 ], [ 92.018182799000101, 21.823211946000129 ], [ 92.018224524000118, 21.823066118000156 ], [ 92.018570470000157, 21.823065855000038 ], [ 92.019080441000142, 21.823335206000024 ], [ 92.019435432000137, 21.823467057000187 ], [ 92.01968782300014, 21.823399455000128 ], [ 92.019654001000163, 21.823177655000052 ], [ 92.01936071700004, 21.823066553000103 ], [ 92.019104934000154, 21.822944177000068 ], [ 92.019059431000187, 21.822673813000108 ], [ 92.01877180800011, 21.822677332000126 ], [ 92.018529938000142, 21.822488104000115 ], [ 92.018476848000034, 21.822446569000135 ], [ 92.018264982000062, 21.822119424000164 ], [ 92.017961411000101, 21.821822074000067 ], [ 92.01792951900012, 21.821774564000066 ], [ 92.017741872000158, 21.821495022000022 ], [ 92.017676347000133, 21.821201928000107 ], [ 92.017811190000032, 21.820963729000027 ], [ 92.018125258000055, 21.820759448000047 ], [ 92.018660251000199, 21.820676143000185 ], [ 92.018657020000035, 21.820445902000074 ], [ 92.018239970000138, 21.820103319000054 ], [ 92.018071826000096, 21.819842305000122 ], [ 92.01804588400006, 21.81963474500003 ], [ 92.018111747000091, 21.819404558000031 ], [ 92.018310288000123, 21.819255835000092 ], [ 92.01843038300018, 21.818983445000129 ], [ 92.018596137000031, 21.81891119800008 ], [ 92.018711973000052, 21.81895995800005 ], [ 92.018868095000187, 21.81914442100009 ], [ 92.019122791000086, 21.81924165900017 ], [ 92.019313269000065, 21.819138974000111 ], [ 92.019094636000148, 21.818876427000134 ], [ 92.01886125700014, 21.818657069000096 ], [ 92.01873382600013, 21.818328891000135 ], [ 92.018669708000175, 21.818136134000099 ], [ 92.018516379000175, 21.817823846000181 ], [ 92.018599733000144, 21.816362475000176 ], [ 92.018466189000151, 21.81563262300017 ], [ 92.01808587700009, 21.815020929000184 ], [ 92.017831676000128, 21.814522833000183 ], [ 92.017891002000056, 21.81349486900001 ], [ 92.018521693000082, 21.81321172000014 ], [ 92.018671759000085, 21.812663528000087 ], [ 92.018560845000138, 21.811943015000054 ], [ 92.018553608000161, 21.811891657000047 ], [ 92.018630987000108, 21.811838697000155 ], [ 92.018831390000059, 21.811699930000088 ], [ 92.018862947000116, 21.811678456000095 ], [ 92.018903690000172, 21.811651997000126 ], [ 92.018938955000181, 21.811631371000033 ], [ 92.018977895000035, 21.811612751000098 ], [ 92.019017451000082, 21.811598403000119 ], [ 92.01905589100005, 21.811587051000117 ], [ 92.019102788000112, 21.811574792000044 ], [ 92.019397357000059, 21.811502616000098 ], [ 92.019434604000026, 21.811493670000118 ], [ 92.01947251100006, 21.811485032000064 ], [ 92.019521300000122, 21.811475452000025 ], [ 92.019552245000114, 21.811470735000057 ], [ 92.019592100000125, 21.811466274000111 ], [ 92.019650783000088, 21.811461314000098 ], [ 92.020092217000183, 21.811430699000141 ], [ 92.020168286000171, 21.811425101 ], [ 92.020205546000057, 21.811421808000034 ], [ 92.020232444000158, 21.811418831000026 ], [ 92.020267102, 21.811413725000136 ], [ 92.020311144000118, 21.811404793000122 ], [ 92.020365642000172, 21.811391763000074 ], [ 92.020606374000181, 21.811330409000163 ], [ 92.02084757900019, 21.811269551000123 ], [ 92.020902581000087, 21.811255378000112 ], [ 92.020938245000195, 21.811245652000025 ], [ 92.020972981000057, 21.811235206000049 ], [ 92.020997099000112, 21.811226800000043 ], [ 92.021020936000014, 21.811217511000052 ], [ 92.021053854000115, 21.811203451000154 ], [ 92.021103833000041, 21.811180857000068 ], [ 92.021174472000098, 21.811148119 ], [ 92.021255519000192, 21.811110559000099 ], [ 92.021407473000124, 21.811040661 ], [ 92.021456973000113, 21.811017334000098 ], [ 92.021496008999975, 21.81099754700017 ], [ 92.021524065000165, 21.810981359999971 ], [ 92.021560032000025, 21.810955265000018 ], [ 92.021596886000054, 21.810924130000046 ], [ 92.02162388500011, 21.810899855000059 ], [ 92.021801812000149, 21.810736641000062 ], [ 92.021828159000108, 21.810711876000084 ], [ 92.021859079000194, 21.81068098999998 ], [ 92.021880501000169, 21.810656706000145 ], [ 92.02189993200011, 21.810631043000058 ], [ 92.021923434000087, 21.810596228000065 ], [ 92.021944997, 21.810560580000185 ], [ 92.021959462000041, 21.810533036000038 ], [ 92.021970169000156, 21.810506572000122 ], [ 92.021977809000077, 21.810478114000091 ], [ 92.021983707, 21.810446952000177 ], [ 92.0219902030002, 21.810397917000103 ], [ 92.021992687000079, 21.810366149000174 ], [ 92.021992917000091, 21.810336336999967 ], [ 92.02198981700019, 21.810307200000182 ], [ 92.021983584000111, 21.810275925000155 ], [ 92.021973167000056, 21.810234423999987 ], [ 92.021963862000064, 21.810200529000099 ], [ 92.021905663000155, 21.809993936000183 ], [ 92.021766715000183, 21.809494315000109 ], [ 92.021757257000104, 21.809459319000098 ], [ 92.021748169000091, 21.809423726000091 ], [ 92.021738201000119, 21.809377923000113 ], [ 92.021733384000186, 21.809348764000106 ], [ 92.021729022000159, 21.809311451000099 ], [ 92.021725775000164, 21.809274561000052 ], [ 92.021723078000036, 21.809238145000052 ], [ 92.021697787000164, 21.808860738000192 ], [ 92.021661822000112, 21.80833954600007 ], [ 92.021658751000132, 21.80828468600015 ], [ 92.021657621000031, 21.808237649999967 ], [ 92.021658935000175, 21.808190833000083 ], [ 92.021661862000144, 21.808148760000108 ], [ 92.021665927000186, 21.808100984000021 ], [ 92.021672507, 21.808030273000156 ], [ 92.021679480000159, 21.807959445000165 ], [ 92.021683532000168, 21.807923391000031 ], [ 92.021690099000068, 21.807877541000096 ], [ 92.021695444000045, 21.807849109000074 ], [ 92.02170381000002, 21.807812822000187 ], [ 92.021713013000181, 21.807777019000127 ], [ 92.021727630000044, 21.807724184000108 ], [ 92.021742125000117, 21.807676765000053 ], [ 92.021754014000123, 21.807643409000093 ], [ 92.021770917000197, 21.807605934000094 ], [ 92.021793005000063, 21.807570336000026 ], [ 92.021817240000189, 21.807539390000102 ], [ 92.021848254000076, 21.807504419000168 ], [ 92.021873377000134, 21.807477685000094 ], [ 92.021972877, 21.807374297000024 ], [ 92.022009079000156, 21.807335893000072 ], [ 92.022037357000045, 21.807304209000108 ], [ 92.022057376000191, 21.807279436000101 ], [ 92.022075367000127, 21.807253280000054 ], [ 92.022097072000065, 21.80721663900016 ], [ 92.022122441000135, 21.807169835000025 ], [ 92.022147141000062, 21.807122275000154 ], [ 92.022168121000163, 21.807079312000042 ], [ 92.022185275000197, 21.807038658000067 ], [ 92.022193051000102, 21.807011357000022 ], [ 92.022197248, 21.806982001999984 ], [ 92.022199326000191, 21.806949443000065 ], [ 92.022200352000084, 21.806906162000132 ], [ 92.022201118000169, 21.80674519300004 ], [ 92.02220012700019, 21.80668011299997 ], [ 92.022196691000033, 21.806636961000152 ], [ 92.022190883000121, 21.806609901000058 ], [ 92.022180719000175, 21.806582600000183 ], [ 92.022166917000106, 21.806553180000037 ], [ 92.022146797000175, 21.806514647000142 ], [ 92.022129744000097, 21.806483483000079 ], [ 92.022112351000033, 21.806452443000182 ], [ 92.022094807000144, 21.806422156000053 ], [ 92.022072415000082, 21.806386607000036 ], [ 92.022054385, 21.806362388000082 ], [ 92.022034003000101, 21.806341132999989 ], [ 92.02200912700016, 21.806319873 ], [ 92.021988561000057, 21.806303841000101 ], [ 92.021959258000038, 21.806282169000099 ], [ 92.021836952000058, 21.806194744000038 ], [ 92.021790774000124, 21.806160866000084 ], [ 92.021751997000194, 21.806130176000067 ], [ 92.021721223000156, 21.806102217000159 ], [ 92.02169945300011, 21.806078681000145 ], [ 92.021680636999974, 21.806054608000181 ], [ 92.021653077, 21.806015277000029 ], [ 92.021612871000059, 21.805953830000192 ], [ 92.021593120000148, 21.805924282000092 ], [ 92.021573179000143, 21.805896215000132 ], [ 92.021541559000013, 21.805854770000167 ], [ 92.021508661000155, 21.805813255000032 ], [ 92.021419182000102, 21.805701823000049 ], [ 92.021385652, 21.805660349000163 ], [ 92.021363404000112, 21.80563335700009 ], [ 92.021335460000103, 21.805601077000063 ], [ 92.021313265000174, 21.805577846000176 ], [ 92.021279360999984, 21.805548351000141 ], [ 92.02124068500018, 21.805518837000022 ], [ 92.021211044000154, 21.805497449000029 ], [ 92.021089071000063, 21.805411045000142 ], [ 92.020982630000049, 21.805335153000101 ], [ 92.020937632000084, 21.805303821000166 ], [ 92.020901092000088, 21.805280322000101 ], [ 92.020873474000098, 21.80526519600005 ], [ 92.020833203000052, 21.805249770000046 ], [ 92.02078634500009, 21.805236627999989 ], [ 92.020750233000115, 21.805227976000026 ], [ 92.020694666000054, 21.805215541000109 ], [ 92.020657812000195, 21.805207743000039 ], [ 92.020612310000161, 21.805199067 ], [ 92.020577360000118, 21.805193809000116 ], [ 92.020532646000106, 21.805189281000082 ], [ 92.020495800000106, 21.805186583000022 ], [ 92.020458348000034, 21.805184240000131 ], [ 92.020098318000066, 21.805163367000091 ], [ 92.02004230100016, 21.805160633000014 ], [ 92.01999692000004, 21.805159481000089 ], [ 92.019951866000042, 21.805160120999972 ], [ 92.019915058000038, 21.805161709000117 ], [ 92.019877758000121, 21.805163767000124 ], [ 92.019641123000156, 21.805178665000085 ], [ 92.019385190000037, 21.805194776000121 ], [ 92.019157580000069, 21.805209573000184 ], [ 92.019110867000165, 21.805212397000048 ], [ 92.019051228000137, 21.805215091000093 ], [ 92.01901039300003, 21.805215285000088 ], [ 92.018978602000175, 21.805213806000097 ], [ 92.018946765000123, 21.805210057000011 ], [ 92.01890642900014, 21.805203184000106 ], [ 92.018858231000081, 21.805193117000044 ], [ 92.018783255000073, 21.805175766000104 ], [ 92.018592201000047, 21.805165057000067 ], [ 92.018171446000167, 21.80508418200003 ], [ 92.017893150000077, 21.804944220000152 ], [ 92.017786080000064, 21.804879436000135 ], [ 92.017720275000045, 21.80483961900012 ], [ 92.017628505000118, 21.804747220000024 ], [ 92.017604655000071, 21.804725388000179 ], [ 92.017583606000187, 21.804701191000049 ], [ 92.017559966000192, 21.804668906000131 ], [ 92.017534481000155, 21.804629273000103 ], [ 92.017506200000184, 21.804582231000154 ], [ 92.017429937000031, 21.804452813000069 ], [ 92.017405331000077, 21.804410772999972 ], [ 92.017387104000079, 21.804378967 ], [ 92.017369285000143, 21.804346699000178 ], [ 92.017343731000153, 21.804298328000186 ], [ 92.01722119700014, 21.804058729000189 ], [ 92.017198544000109, 21.804017001000091 ], [ 92.017175217000045, 21.803978716000017 ], [ 92.017148061000114, 21.803943507000042 ], [ 92.017116207000186, 21.803907515999981 ], [ 92.017078857000115, 21.803867872000069 ], [ 92.017040843000132, 21.803828695000163 ], [ 92.017009224000105, 21.803797639000038 ], [ 92.016860107000127, 21.803703299000063 ], [ 92.016792242000065, 21.803671210000175 ], [ 92.016758381000045, 21.803655502000083 ], [ 92.016724774000181, 21.803640310999981 ], [ 92.016683446000172, 21.803622948000054 ], [ 92.016639395000141, 21.803607901000191 ], [ 92.016592056000036, 21.803595164000114 ], [ 92.016537228000118, 21.803581987000143 ], [ 92.0164899090002, 21.803569954000125 ], [ 92.016449931000125, 21.803558180000039 ], [ 92.016341463000174, 21.803633440000056 ], [ 92.016075235000187, 21.803806936 ], [ 92.015611474000082, 21.804147269000055 ], [ 92.015367956000034, 21.804325973000061 ], [ 92.015088829000092, 21.804568545000052 ], [ 92.014471874000151, 21.805104697000047 ], [ 92.014401130000124, 21.805166175000124 ], [ 92.014150938000057, 21.805383598000105 ], [ 92.013804937000089, 21.805678522000164 ], [ 92.013520869000047, 21.805885886000112 ], [ 92.011996117000194, 21.807276584000022 ], [ 92.011436516000174, 21.807786975000113 ], [ 92.011101853000071, 21.808002233000138 ], [ 92.010054427000114, 21.80867594 ], [ 92.009694447000186, 21.808789699000101 ], [ 92.009150064000153, 21.808961730000021 ], [ 92.007283833000031, 21.809080008000024 ], [ 92.006168637000144, 21.808926305000057 ], [ 92.005279531000099, 21.808471172000111 ], [ 92.005204698000057, 21.80837134900014 ], [ 92.004862385000024, 21.807914727000025 ], [ 92.00455687200008, 21.80710603700004 ], [ 92.004297706000102, 21.8059503180001 ], [ 92.004450837000093, 21.80500475700012 ], [ 92.004730021000114, 21.803820760000121 ], [ 92.005096227000195, 21.802791618000015 ], [ 92.005021577000093, 21.800971554000057 ], [ 92.004546461000189, 21.799530618000063 ], [ 92.004393809000192, 21.799067644000104 ], [ 92.00324165800015, 21.797205400000053 ], [ 92.001787529000183, 21.795634601000188 ], [ 92.001191206000158, 21.795068367000056 ], [ 92.00110736400012, 21.795012545000077 ], [ 91.999887109000156, 21.794200076999971 ], [ 91.998999440000148, 21.793840462000162 ], [ 91.998058434000086, 21.793911830000013 ], [ 91.997312615000112, 21.793968390000089 ], [ 91.99670437400016, 21.794385348000105 ], [ 91.996514276000028, 21.794515662000094 ], [ 91.996363426000187, 21.794596333000072 ], [ 91.995257131000017, 21.795187944000077 ], [ 91.993461675000162, 21.797019925000086 ], [ 91.993400805000078, 21.797093670000038 ], [ 91.993327468000189, 21.797182518999989 ], [ 91.991981834, 21.79885940500003 ], [ 91.990621233000184, 21.800381151000181 ], [ 91.990000089000091, 21.800794839000105 ], [ 91.989891266000086, 21.800864500000102 ], [ 91.989542008000114, 21.80108807400012 ], [ 91.989315318000195, 21.801233186000047 ], [ 91.988751194000088, 21.801144404000183 ], [ 91.988108510000188, 21.800925147000044 ], [ 91.987620545000198, 21.800663623999981 ], [ 91.985849112000096, 21.797156932000121 ], [ 91.985012143000063, 21.79550001399997 ], [ 91.983186586000102, 21.792440309000028 ], [ 91.98314391800011, 21.792402951000156 ], [ 91.980860747000122, 21.790403883000124 ], [ 91.979286571000046, 21.789419184999986 ], [ 91.977797097000121, 21.789287534000039 ], [ 91.974164663000124, 21.789779709000186 ], [ 91.974072487000115, 21.789792197000111 ], [ 91.973356100000103, 21.789815765000128 ], [ 91.973012263000157, 21.789827074000073 ], [ 91.968369722000148, 21.789979714000083 ], [ 91.966329547000043, 21.790148431000148 ], [ 91.965442402000065, 21.790221788000053 ], [ 91.964908858000172, 21.79026590300009 ], [ 91.960268539000197, 21.790649508000115 ], [ 91.960085334000041, 21.790645941999969 ], [ 91.956543551000152, 21.79057695400013 ], [ 91.956455408000068, 21.790575236000166 ], [ 91.956357340000125, 21.790545195000107 ], [ 91.956227573000149, 21.790505442000097 ], [ 91.954502856000147, 21.789977087000182 ], [ 91.952598242000136, 21.789139399000135 ], [ 91.951021340000068, 21.787939397000116 ], [ 91.949952833, 21.786494433000144 ], [ 91.949266752000199, 21.784949370000106 ], [ 91.949261919000037, 21.784868063000033 ], [ 91.949249340000165, 21.784656443000131 ], [ 91.949226812000063, 21.784277455 ], [ 91.949209106000012, 21.783979570000156 ], [ 91.949167399000032, 21.783277909000105 ], [ 91.949325780000095, 21.781746776000148 ], [ 91.949136340000052, 21.780567829 ], [ 91.948554529000148, 21.779723632000071 ], [ 91.948154025000065, 21.779306262000034 ], [ 91.947306560000186, 21.778423099 ], [ 91.946352368000078, 21.777478546000111 ], [ 91.945953782000174, 21.776943233000168 ], [ 91.945435246000045, 21.776246814 ], [ 91.945265630000051, 21.775416502000041 ], [ 91.945259943000053, 21.775388664000047 ], [ 91.945268805000069, 21.774528346000125 ], [ 91.9452884210001, 21.774287914000126 ], [ 91.945339053000168, 21.773667306999982 ], [ 91.945759322000072, 21.772603523999976 ], [ 91.946159524000109, 21.770771154999977 ], [ 91.946422005000102, 21.76899029100008 ], [ 91.946694369000056, 21.766425560000073 ], [ 91.946590388000061, 21.765812856000025 ], [ 91.946523457000126, 21.765418466000028 ], [ 91.946360894000065, 21.764460552 ], [ 91.945469654000078, 21.761981880000121 ], [ 91.945457922000173, 21.761949251000146 ], [ 91.94536161200017, 21.761681392000128 ], [ 91.944208894000042, 21.759663695000029 ], [ 91.94427415600012, 21.759635757000069 ], [ 91.943383712000127, 21.758632920000139 ], [ 91.941180633000045, 21.758196030000022 ], [ 91.941173800000058, 21.757687944999986 ], [ 91.941028369000037, 21.75714484800011 ], [ 91.940941058000192, 21.757005405000029 ], [ 91.94082329600019, 21.756731483000067 ], [ 91.940688396000041, 21.756527308000159 ], [ 91.940494308000154, 21.75623355 ], [ 91.940210009000168, 21.755634732000033 ], [ 91.94005058800002, 21.755192157000067 ], [ 91.93985990200008, 21.754706936 ], [ 91.93936448300019, 21.753970884000012 ], [ 91.937773053000171, 21.751095006000128 ], [ 91.937634339000056, 21.750974726000095 ], [ 91.937210880000123, 21.750607543 ], [ 91.936904476000166, 21.749044755 ], [ 91.936772290000022, 21.748370539 ], [ 91.936717060000092, 21.748088834000043 ], [ 91.936952285000132, 21.746556802000157 ], [ 91.93750720200012, 21.74597682700005 ], [ 91.938675863000071, 21.745389659000125 ], [ 91.9409690720002, 21.744741509000107 ], [ 91.943563342000061, 21.743659684000079 ], [ 91.943644486000039, 21.743537559000174 ], [ 91.944598500000097, 21.742101705000039 ], [ 91.945067451000114, 21.741395892000185 ], [ 91.945538353000131, 21.739899328000149 ], [ 91.945566062000069, 21.739811265000071 ], [ 91.945656082000198, 21.739525171000025 ], [ 91.945669761000033, 21.738054982000108 ], [ 91.945676983000055, 21.73727880500013 ], [ 91.94551197200019, 21.73491620600015 ], [ 91.945418861000064, 21.733583011000064 ], [ 91.945290331000081, 21.731742606000068 ], [ 91.945233441000141, 21.730927969000106 ], [ 91.945252714000048, 21.730731098999968 ], [ 91.945907926000075, 21.7240383030001 ], [ 91.94657280500013, 21.719586954000079 ], [ 91.946754909999981, 21.718367731000058 ], [ 91.947382480000044, 21.716206254000156 ], [ 91.947970506000047, 21.714180917000192 ], [ 91.948080703000187, 21.713629913000091 ], [ 91.948423238000032, 21.711917171000096 ], [ 91.950509649000082, 21.705518058999985 ], [ 91.951859520000141, 21.701377671999978 ], [ 91.952552266000055, 21.699252770000044 ], [ 91.953119890000153, 21.69743934700017 ], [ 91.954522641000096, 21.692957713000112 ], [ 91.955381546000012, 21.690213487000051 ], [ 91.956066343000145, 21.688025472000106 ], [ 91.956798667000157, 21.685685536000108 ], [ 91.957548916000121, 21.684603828000149 ], [ 91.958336466000105, 21.683468323999989 ], [ 91.959874249000052, 21.68125335600007 ], [ 91.960286575000055, 21.680558941000072 ], [ 91.960345424000081, 21.680459830000132 ], [ 91.961407005000069, 21.678670421000106 ], [ 91.962193741000135, 21.677151991000073 ], [ 91.962744084000121, 21.676089790000049 ], [ 91.962792739000122, 21.676025996000078 ], [ 91.964862336000067, 21.673317024000141 ], [ 91.967191679000109, 21.670442389000016 ], [ 91.967944873000079, 21.669433272000106 ], [ 91.968907343000126, 21.668139447000101 ], [ 91.970261024000138, 21.666840978000039 ], [ 91.972605118000104, 21.666264494000131 ], [ 91.975337922000108, 21.665500476000148 ], [ 91.977676348000159, 21.664555981000092 ], [ 91.980602766000175, 21.663604440000142 ], [ 91.982346206000159, 21.662118351000174 ], [ 91.983704739000075, 21.661187731999973 ], [ 91.984485820000089, 21.66099326200009 ], [ 91.986837263000041, 21.660965131000125 ], [ 91.989793092000127, 21.662212117000138 ], [ 91.993749546000117, 21.66491230000014 ], [ 91.994421640000098, 21.665185310000027 ], [ 91.99769039500012, 21.666513050999981 ], [ 92.000649548000069, 21.667942667000148 ], [ 92.002613740000072, 21.66828698300003 ], [ 92.004379767000103, 21.668448535000095 ], [ 92.005517236000117, 21.665687148000131 ], [ 92.007232524000131, 21.662185007000176 ], [ 92.007457096000053, 21.661527552000052 ], [ 92.007609141000103, 21.661083202000043 ], [ 92.007502930000101, 21.660797426000045 ], [ 92.007405316000018, 21.66053478300006 ], [ 92.005421004000141, 21.658727757000122 ], [ 92.005227362000142, 21.658041491000176 ], [ 92.004903428000148, 21.656893461000038 ], [ 92.004596923000122, 21.655807185000072 ], [ 92.003363402000105, 21.651609158999975 ], [ 92.002936231000035, 21.64904953700011 ], [ 92.002269960000035, 21.643379385000117 ], [ 92.002845248000199, 21.642455809000069 ], [ 92.003613613000084, 21.641349289000175 ], [ 92.003802188000179, 21.64079612900008 ], [ 92.002997880000066, 21.639340564000179 ], [ 92.002782101000037, 21.637877898000113 ], [ 92.002772017000098, 21.637146517000076 ], [ 92.001787299000171, 21.63679037300011 ], [ 92.001569019000044, 21.635144860000082 ], [ 92.001518564000037, 21.631483427000092 ], [ 92.002655862000154, 21.62872206500009 ], [ 92.003612695000186, 21.627060128000153 ], [ 92.004383504000145, 21.626136455 ], [ 92.005139100000122, 21.624111187000153 ], [ 92.006469304000063, 21.621164601000032 ], [ 92.006591151000066, 21.619627875000106 ], [ 92.007672784000135, 21.616257570000187 ], [ 92.008472903000154, 21.614315290000093 ], [ 92.008879628000159, 21.613827224000033 ], [ 92.009792246000188, 21.612558638000053 ], [ 92.010921952000047, 21.612061828000151 ], [ 92.012782528000173, 21.612039318000029 ], [ 92.015480016000026, 21.612781043000041 ], [ 92.015798488000087, 21.612851687000045 ], [ 92.017016636000164, 21.613119128000051 ], [ 92.017138348000117, 21.613147004000041 ], [ 92.017959781000172, 21.612750967000068 ], [ 92.01887500700019, 21.611676472000056 ], [ 92.019472572000154, 21.610025595000138 ], [ 92.019656141000155, 21.608379747000015 ], [ 92.019855688000064, 21.606537283000023 ], [ 92.019825436000076, 21.60644508300004 ], [ 92.019605145000014, 21.604707057000098 ], [ 92.019469155000138, 21.603318027000114 ], [ 92.018681873000048, 21.601822231000142 ], [ 92.017436766000117, 21.600475350000181 ], [ 92.015811970000186, 21.599383950000117 ], [ 92.012955050000016, 21.59787734300005 ], [ 92.010203045000139, 21.597429143000113 ], [ 92.010230701000125, 21.597412552000037 ], [ 92.010503922000112, 21.597233599000106 ], [ 92.012079331000166, 21.595631885000103 ], [ 92.012823323000077, 21.595096835000049 ], [ 92.015527691000159, 21.59356948500016 ], [ 92.016286981000121, 21.593301101000122 ], [ 92.016912452999975, 21.593080014000066 ], [ 92.019451321000076, 21.593748504000132 ], [ 92.022305226000071, 21.595039988000053 ], [ 92.023614501000111, 21.595490012000141 ], [ 92.024922788000083, 21.595868354 ], [ 92.025728458000174, 21.595930230000135 ], [ 92.026891802000137, 21.595871681 ], [ 92.028539185999989, 21.596750530000179 ], [ 92.029780134000191, 21.59814194900008 ], [ 92.029997482000056, 21.598752772000125 ], [ 92.029857621000133, 21.600718517000132 ], [ 92.029232690000185, 21.602625744000079 ], [ 92.028907307000168, 21.604027533000192 ], [ 92.028886980000038, 21.605318076000117 ], [ 92.029235147000122, 21.606233460000169 ], [ 92.030195600000127, 21.607716341000014 ], [ 92.031335750000096, 21.608580670000038 ], [ 92.031997178000154, 21.609032 ], [ 92.032439127000032, 21.609043868000185 ], [ 92.033081494000157, 21.609061117000124 ], [ 92.033538340000121, 21.608840483000165 ], [ 92.035025533000123, 21.607813094000164 ], [ 92.039368319000118, 21.605495584000039 ], [ 92.040053388000047, 21.605152663000183 ], [ 92.040580299000055, 21.605281881000053 ], [ 92.043576417000111, 21.605628904000071 ], [ 92.044458486, 21.605132658000059 ], [ 92.046009019000167, 21.603673185000162 ], [ 92.046994065000092, 21.602261296000165 ], [ 92.047083119000035, 21.601083942000059 ], [ 92.046523959000126, 21.599691050000104 ], [ 92.046334871000113, 21.598433586000169 ], [ 92.047086391000107, 21.598270815000092 ], [ 92.047566112000084, 21.598264912000047 ], [ 92.048673714000074, 21.598145165 ], [ 92.050155843000084, 21.597921457000155 ], [ 92.051297851000072, 21.598487607000095 ], [ 92.05108625400004, 21.600174453000079 ], [ 92.052074215000175, 21.601584613 ], [ 92.052493011000195, 21.60183682100012 ], [ 92.052786129000083, 21.601833204000059 ], [ 92.053875486000095, 21.601819758000033 ], [ 92.055739807000066, 21.601604824 ], [ 92.056299264000074, 21.601304416 ], [ 92.056974930000194, 21.600941602000034 ], [ 92.05738645100007, 21.600679136000167 ], [ 92.057310641000186, 21.600226280000186 ], [ 92.056959387000063, 21.599842299000102 ], [ 92.056539346000193, 21.599459173000014 ], [ 92.055892439000047, 21.59946491200003 ], [ 92.055326950000108, 21.599210007000181 ], [ 92.055288100000041, 21.599023100000068 ], [ 92.055838696000137, 21.598822135000091 ], [ 92.056045624000035, 21.598559944000158 ], [ 92.055999594000127, 21.597865146 ], [ 92.056066504000171, 21.597611143000051 ], [ 92.056099833000189, 21.597484617000077 ], [ 92.056515306000165, 21.597544955000103 ], [ 92.057385679000163, 21.597380672000099 ], [ 92.057924773000195, 21.597647183000049 ], [ 92.058598536000034, 21.598047488000191 ], [ 92.058797211000069, 21.59754382400007 ], [ 92.059414657000161, 21.59741878400007 ], [ 92.059409160000143, 21.597030530999973 ], [ 92.060276255000076, 21.596958769000082 ], [ 92.060307356000067, 21.596956194000143 ], [ 92.061127875000182, 21.596298078000018 ], [ 92.0616732740001, 21.595774311000127 ], [ 92.061838350000073, 21.595413295000128 ], [ 92.061941383000146, 21.595188508999968 ], [ 92.062004347000197, 21.594733935000022 ], [ 92.061891051000089, 21.594580139000072 ], [ 92.061737899000036, 21.594372241000144 ], [ 92.06172251900017, 21.594351362999987 ], [ 92.061317755000061, 21.593891719000169 ], [ 92.061291810000171, 21.593257209000058 ], [ 92.061572336000097, 21.592988477 ], [ 92.061769338000033, 21.592799756000147 ], [ 92.062564715000065, 21.592682081000078 ], [ 92.063285534000102, 21.593067396000095 ], [ 92.063355919000117, 21.593113949000099 ], [ 92.06413662000017, 21.593630297 ], [ 92.064886213000079, 21.594242241000018 ], [ 92.06540540400016, 21.594821200000069 ], [ 92.065853318999984, 21.595402003000061 ], [ 92.066573727000105, 21.595131035 ], [ 92.067257884000128, 21.594605529000091 ], [ 92.067959569000038, 21.593815484000174 ], [ 92.068071944000167, 21.593688957000097 ], [ 92.068198420000158, 21.593539963000183 ], [ 92.068289499000116, 21.593432669000038 ], [ 92.068323686000042, 21.593392396000127 ], [ 92.068461427000159, 21.593230131000155 ], [ 92.068793946000199, 21.592644716000109 ], [ 92.068885148000106, 21.592484151000065 ], [ 92.069068067000046, 21.591872581000075 ], [ 92.069215202000066, 21.591219527000021 ], [ 92.069069678000119, 21.59070433100004 ], [ 92.068784448000144, 21.590125395000086 ], [ 92.068497065000088, 21.589352327000086 ], [ 92.06843036500004, 21.589154445000077 ], [ 92.068373200000053, 21.588984850000145 ], [ 92.068280331000096, 21.588709327000174 ], [ 92.067775349000044, 21.588133280000022 ], [ 92.067718436000064, 21.588068356000178 ], [ 92.067646579000041, 21.587854809000191 ], [ 92.06746566400011, 21.58731716 ], [ 92.067284948000065, 21.586780094000176 ], [ 92.067431149000186, 21.586239032000151 ], [ 92.067501505000109, 21.585978654000087 ], [ 92.067547539000032, 21.585808289000113 ], [ 92.068772973000193, 21.584433944000182 ], [ 92.069240751000166, 21.583861484000067 ], [ 92.06937726200016, 21.5836944240001 ], [ 92.069520339000178, 21.583519325999987 ], [ 92.069727000000171, 21.582918694000057 ], [ 92.06981213600011, 21.582671255000093 ], [ 92.070100539000066, 21.581833040000106 ], [ 92.070133935000172, 21.581306958000084 ], [ 92.070095219000166, 21.581075493000071 ], [ 92.070022260000087, 21.580639315000042 ], [ 92.06975720000014, 21.579964022000183 ], [ 92.069655107000131, 21.579782709000028 ], [ 92.069484643000067, 21.579479973 ], [ 92.069153094000114, 21.579159136000044 ], [ 92.068621854000185, 21.578681006000068 ], [ 92.068510028000162, 21.578488537000055 ], [ 92.06848796700001, 21.578374120000092 ], [ 92.069133802000067, 21.57801766100016 ], [ 92.069368869000073, 21.577700921000087 ], [ 92.069433062000144, 21.577377278000029 ], [ 92.069801032000044, 21.57695570400017 ], [ 92.069883517000051, 21.576861202000146 ], [ 92.070076176999976, 21.57664047500009 ], [ 92.070349881000084, 21.57629085800005 ], [ 92.070559081000169, 21.576033958000096 ], [ 92.070587057000182, 21.57599661900008 ], [ 92.070787081, 21.575729658000114 ], [ 92.070863480000014, 21.575638358000049 ], [ 92.070918481000035, 21.575521358000117 ], [ 92.070946252000113, 21.575452616000121 ], [ 92.071023900000171, 21.575260414000013 ], [ 92.071049980000168, 21.575195858000029 ], [ 92.071157200000187, 21.574907656000164 ], [ 92.071240029000194, 21.575020374000076 ], [ 92.071951018000107, 21.574564509000083 ], [ 92.072666888000015, 21.574266872000067 ], [ 92.072975730000167, 21.574349121000012 ], [ 92.073885417000042, 21.574338287000046 ], [ 92.074165214000175, 21.574665629000094 ], [ 92.074192549000031, 21.574984249000181 ], [ 92.074695277000103, 21.575587414000097 ], [ 92.075085373000036, 21.575398072000041 ], [ 92.075392033000185, 21.57540619700012 ], [ 92.075777017000064, 21.575532815000088 ], [ 92.075734105000038, 21.576106804000062 ], [ 92.075723717000074, 21.576274191000152 ], [ 92.075457580000034, 21.576420872000142 ], [ 92.075065562000077, 21.576528913000118 ], [ 92.075016942000161, 21.576542313000118 ], [ 92.07481360100013, 21.576942617000043 ], [ 92.074768303000099, 21.577349378 ], [ 92.074863822000111, 21.577778279000086 ], [ 92.074942658000055, 21.577932606000161 ], [ 92.075109697000073, 21.578002207000111 ], [ 92.075447719000181, 21.577818315 ], [ 92.075624271000038, 21.577362603000154 ], [ 92.075849204000065, 21.577013338000143 ], [ 92.076195834000146, 21.576450972000146 ], [ 92.076260945000115, 21.576192784000057 ], [ 92.076394252000057, 21.57582379300004 ], [ 92.076545113000179, 21.575654654000118 ], [ 92.077078540000173, 21.575342736000096 ], [ 92.077563302000158, 21.575399903000118 ], [ 92.077986693000128, 21.575977095999974 ], [ 92.078539335000187, 21.575970200000143 ], [ 92.079093513000032, 21.576028755000095 ], [ 92.079654140000116, 21.576538757000037 ], [ 92.079657940000118, 21.576804976000119 ], [ 92.079662453000196, 21.577121131000069 ], [ 92.079670733000171, 21.577701247000107 ], [ 92.079814441000167, 21.578087770000025 ], [ 92.080720181000117, 21.578593457000011 ], [ 92.081416242999978, 21.578909860000181 ], [ 92.082035503999975, 21.578707959000099 ], [ 92.082603679000044, 21.578637399000115 ], [ 92.082797801000083, 21.578814175000161 ], [ 92.082871537000131, 21.579149035000171 ], [ 92.082674159000192, 21.579862667000043 ], [ 92.082404320000137, 21.580319832000157 ], [ 92.082621098000118, 21.580962812000053 ], [ 92.083141540000042, 21.581414301 ], [ 92.083550206999973, 21.581409187000133 ], [ 92.083750610000152, 21.581131900000173 ], [ 92.083822449000138, 21.580796488000146 ], [ 92.083788070000026, 21.580365732000018 ], [ 92.083567573000039, 21.57946317000011 ], [ 92.083768661000136, 21.579009120000023 ], [ 92.084114369000133, 21.579004793000138 ], [ 92.084749358000181, 21.579902163000156 ], [ 92.085302012000056, 21.579895241000088 ], [ 92.085915432000036, 21.579950885000073 ], [ 92.086084413000094, 21.579966213000091 ], [ 92.086548533000098, 21.580008311000029 ], [ 92.087653538000154, 21.579931242000157 ], [ 92.088680439000086, 21.579204942000104 ], [ 92.08922567500008, 21.578681099000164 ], [ 92.089421174, 21.577838798000016 ], [ 92.089410035000071, 21.577062304000094 ], [ 92.089680785000098, 21.576670589000116 ], [ 92.090297237000129, 21.576274534999982 ], [ 92.090989578000119, 21.576331314000186 ], [ 92.091384599000037, 21.577272908000111 ], [ 92.090996260000111, 21.577803449000044 ], [ 92.090671600000121, 21.578321241000083 ], [ 92.090771110000162, 21.579024857000036 ], [ 92.090934302000164, 21.579715727000178 ], [ 92.090980196000032, 21.580469711000035 ], [ 92.091812569000069, 21.580653409000092 ], [ 92.092441126000153, 21.581099299000073 ], [ 92.093412576000048, 21.581344458 ], [ 92.093897393000077, 21.581403832000149 ], [ 92.094517583000084, 21.581267343000093 ], [ 92.094452341000192, 21.580688978000126 ], [ 92.094447188, 21.580330638000135 ], [ 92.094532128000139, 21.579842137000128 ], [ 92.094756845000177, 21.579480903999979 ], [ 92.094983651000121, 21.579348169000127 ], [ 92.095182431000183, 21.579231833999984 ], [ 92.096220796000068, 21.578960711000036 ], [ 92.097045231000152, 21.578735286000153 ], [ 92.097812494000095, 21.578797301 ], [ 92.098717264000186, 21.578828907000172 ], [ 92.099166636000064, 21.579167310000173 ], [ 92.099305504000199, 21.579268379000098 ], [ 92.099494122000181, 21.579405656000176 ], [ 92.099786234000192, 21.579618255000071 ], [ 92.099917304000201, 21.580204385000116 ], [ 92.09995663400008, 21.580806008000025 ], [ 92.09973358100018, 21.581281915999966 ], [ 92.099435964000179, 21.58191654400008 ], [ 92.098917692999976, 21.582365048999975 ], [ 92.098654566000164, 21.582987192000019 ], [ 92.098611896000193, 21.583217110000078 ], [ 92.098703704000116, 21.583865093000099 ], [ 92.099373777000096, 21.583967320000113 ], [ 92.100183734000041, 21.583799404999979 ], [ 92.100992656000187, 21.583559817999969 ], [ 92.101728483000045, 21.582503989000088 ], [ 92.102662913000074, 21.580341764000025 ], [ 92.103229166000119, 21.57967162000017 ], [ 92.103393575000155, 21.579477045000147 ], [ 92.103642457000149, 21.57918249700009 ], [ 92.104631440000162, 21.578520923000042 ], [ 92.106076358000166, 21.577904481000019 ], [ 92.107591961000082, 21.577609764999977 ], [ 92.107704136, 21.577571048000095 ], [ 92.108691942, 21.577230102000101 ], [ 92.109078186000033, 21.576983643000062 ], [ 92.109786049000036, 21.576487024000073 ], [ 92.110884560000102, 21.576048666000077 ], [ 92.11205260700018, 21.575911941000015 ], [ 92.113485982000043, 21.576137578000157 ], [ 92.114211481000098, 21.576857581000127 ], [ 92.115072866000048, 21.578000287000179 ], [ 92.115416607000157, 21.579273737 ], [ 92.115431623000177, 21.580307539000103 ], [ 92.115060680000113, 21.581648766000114 ], [ 92.114748448000057, 21.582503858 ], [ 92.11469741600007, 21.583477545 ], [ 92.114770511000188, 21.58402296200012 ], [ 92.115296785, 21.584442964000061 ], [ 92.115948355000114, 21.584556595000151 ], [ 92.116336342000125, 21.58442975100013 ], [ 92.116582556000083, 21.584264070000188 ], [ 92.116979937, 21.583994874000098 ], [ 92.117290136000179, 21.582959196000047 ], [ 92.117796064000117, 21.581979725000053 ], [ 92.117975903000172, 21.58094344400007 ], [ 92.117766882000012, 21.579973068000072 ], [ 92.117040462000148, 21.579192141000192 ], [ 92.116250661000095, 21.578533923000066 ], [ 92.116243578000137, 21.578046365000034 ], [ 92.116629809000187, 21.577799891000097 ], [ 92.117212365000057, 21.577609617000178 ], [ 92.118450857000028, 21.577835428000128 ], [ 92.118596678000131, 21.577987090000022 ], [ 92.119374809000135, 21.578796704000069 ], [ 92.120370142000127, 21.580183754000075 ], [ 92.120909063000056, 21.581513400000119 ], [ 92.121763203, 21.582112072000086 ], [ 92.122020573000157, 21.581925925000064 ], [ 92.122206566000045, 21.581313995000073 ], [ 92.122129007000069, 21.580463863000091 ], [ 92.12191999200013, 21.579495752000184 ], [ 92.122026213000083, 21.579359025000144 ], [ 92.122111311000026, 21.579249489000119 ], [ 92.122372229000121, 21.57930712000018 ], [ 92.123029966000104, 21.57984507600014 ], [ 92.123939611000139, 21.580285156000116 ], [ 92.124012039000092, 21.58032019500007 ], [ 92.125189847000058, 21.580851505000169 ], [ 92.126298090000148, 21.581081174000076 ], [ 92.12729079900015, 21.582283088000054 ], [ 92.127945927000155, 21.58264044800012 ], [ 92.129253196000036, 21.583109119000085 ], [ 92.12952269800013, 21.583452042000147 ], [ 92.129682999000181, 21.583656015000031 ], [ 92.130577672000072, 21.584794409000096 ], [ 92.131113772000162, 21.58588248500007 ], [ 92.131381807000082, 21.586425393000013 ], [ 92.131850082000142, 21.587331468000116 ], [ 92.13218450100004, 21.58799769500007 ], [ 92.133163945000092, 21.588287661000095 ], [ 92.134236921000195, 21.588512737000087 ], [ 92.134533188000148, 21.588574883000092 ], [ 92.13486551200009, 21.58905600300011 ], [ 92.135785205000047, 21.589714712000159 ], [ 92.13657336000017, 21.590250933 ], [ 92.136972043000014, 21.590853108000033 ], [ 92.138220516000047, 21.591749140000047 ], [ 92.138382475000185, 21.591847450000046 ], [ 92.138517407000165, 21.591929354000058 ], [ 92.13920390200002, 21.592346052999972 ], [ 92.139861464000091, 21.592822982000087 ], [ 92.140839485000129, 21.593054222000035 ], [ 92.14156520500012, 21.593774085 ], [ 92.141713403000097, 21.594986765000158 ], [ 92.142178216000104, 21.595651286000191 ], [ 92.142442726000127, 21.595950397000138 ], [ 92.142517397, 21.595974771000044 ], [ 92.143161317000192, 21.596184962000109 ], [ 92.144201837000139, 21.596232510000107 ], [ 92.144476205000103, 21.596831750000149 ], [ 92.144672021000133, 21.597260426999981 ], [ 92.14614737300019, 21.59966555800014 ], [ 92.146337285000072, 21.599975148000169 ], [ 92.146890585, 21.602216565999981 ], [ 92.147040074000017, 21.603553384000122 ], [ 92.146736061000183, 21.604954755000165 ], [ 92.146947123000075, 21.606046960000015 ], [ 92.147032019000164, 21.607382354000038 ], [ 92.146918740000103, 21.608539700000051 ], [ 92.146348376, 21.609520084000167 ], [ 92.145586954000066, 21.610805446000086 ], [ 92.145368140000073, 21.610963337000101 ], [ 92.144557982000038, 21.611547920000078 ], [ 92.143726903000072, 21.612531657000034 ], [ 92.14278756200008, 21.614975190000166 ], [ 92.142212691000054, 21.615653102000124 ], [ 92.139170788000172, 21.616604337000012 ], [ 92.135873190000154, 21.617861321000134 ], [ 92.134516232000124, 21.618388967000044 ], [ 92.133383726000034, 21.618830330000094 ], [ 92.131994369000097, 21.619371779 ], [ 92.131739425000148, 21.619768664999981 ], [ 92.131168197000136, 21.620657916000141 ], [ 92.130072330000132, 21.621376337000129 ], [ 92.129558159000169, 21.621712533999982 ], [ 92.128856381000162, 21.622633596000185 ], [ 92.128371292999987, 21.623513498000136 ], [ 92.126166488000081, 21.625465197000096 ], [ 92.125468009000144, 21.625904130000038 ], [ 92.124684935000175, 21.626396217000035 ], [ 92.123351476000096, 21.626627723000183 ], [ 92.123172369000088, 21.626658817000077 ], [ 92.122803984000086, 21.626722771 ], [ 92.121249239000122, 21.627108359000147 ], [ 92.11813023100018, 21.627270052000085 ], [ 92.117119662000107, 21.627358815000093 ], [ 92.116506734000041, 21.627412648000188 ], [ 92.114108166000165, 21.62792856700014 ], [ 92.112817012000107, 21.628552288000151 ], [ 92.111596621000103, 21.629601789000048 ], [ 92.110864581000101, 21.630468449000148 ], [ 92.110765815000093, 21.63058537600017 ], [ 92.110393606000116, 21.631806962000155 ], [ 92.109868609000159, 21.632418728000118 ], [ 92.109498449000057, 21.632850061000056 ], [ 92.108221665000087, 21.634509814000126 ], [ 92.107074301000011, 21.636104707000015 ], [ 92.106238126000051, 21.636722610999982 ], [ 92.105133887000079, 21.63679756300013 ], [ 92.104093347000116, 21.636810744000115 ], [ 92.102336418000164, 21.636711078000189 ], [ 92.101358417000142, 21.636540583000055 ], [ 92.099862787, 21.636559494999972 ], [ 92.099478170999987, 21.636930092 ], [ 92.09903362100016, 21.637664924999967 ], [ 92.099186800000155, 21.638405749000185 ], [ 92.099768172000097, 21.638992157000189 ], [ 92.100744430000077, 21.639040770000065 ], [ 92.101845193000088, 21.638724323000076 ], [ 92.102881617000037, 21.638467382000044 ], [ 92.103662034000081, 21.638457501000175 ], [ 92.104641818000118, 21.638749871000016 ], [ 92.10511013100006, 21.639656015000071 ], [ 92.105650675, 21.64104663300003 ], [ 92.106188008000174, 21.642256678000024 ], [ 92.107304357000089, 21.64297172800002 ], [ 92.108533984000132, 21.642590387000041 ], [ 92.111261691000095, 21.642314172000169 ], [ 92.112130963000084, 21.64257213500008 ], [ 92.112633170000151, 21.642721165000182 ], [ 92.11282167000013, 21.642829125000048 ], [ 92.113878719000127, 21.643434525000032 ], [ 92.114281616000142, 21.64393821200008 ], [ 92.114938803000086, 21.644759793000105 ], [ 92.115807751000034, 21.646390008000083 ], [ 92.115814434000129, 21.64650618700017 ], [ 92.115895084000044, 21.647908268000094 ], [ 92.115913713000111, 21.649185837 ], [ 92.115798975000189, 21.650219026000173 ], [ 92.115039811000088, 21.650722486000063 ], [ 92.114768112000093, 21.650902669000175 ], [ 92.113988525000138, 21.650973552000039 ], [ 92.113619733000178, 21.650892033000162 ], [ 92.113467035000156, 21.650858280000136 ], [ 92.113268800000185, 21.650677936000136 ], [ 92.113031965000062, 21.650652789000105 ], [ 92.112794140000176, 21.650627537000105 ], [ 92.112355016000095, 21.650758112000176 ], [ 92.110676361000174, 21.651257256000065 ], [ 92.108344375000115, 21.651896439000154 ], [ 92.107173947000092, 21.651911298000016 ], [ 92.106391693000035, 21.651799310000172 ], [ 92.105155189000072, 21.651754037000046 ], [ 92.104505083999982, 21.65176228100006 ], [ 92.10327356900018, 21.652019452000104 ], [ 92.10217125600019, 21.652277233 ], [ 92.101957429000151, 21.652395080000076 ], [ 92.101719653000032, 21.652526774000137 ], [ 92.1017892590001, 21.652830674000086 ], [ 92.102120762000084, 21.65325091 ], [ 92.102972915000123, 21.65372776300012 ], [ 92.104609074000052, 21.654436243000134 ], [ 92.106246132000194, 21.655205648000106 ], [ 92.107688234000136, 21.655977511000117 ], [ 92.108261609000067, 21.656411714000058 ], [ 92.108476961000122, 21.656574795000154 ], [ 92.108550980000075, 21.657181152000135 ], [ 92.108563351000157, 21.65803211500014 ], [ 92.10857749000013, 21.659004969000136 ], [ 92.108591634000106, 21.659977821000155 ], [ 92.109059166000065, 21.660823 ], [ 92.10984856500005, 21.661422524000045 ], [ 92.110568306, 21.661715894000167 ], [ 92.111241090000078, 21.661640834000025 ], [ 92.111801626000101, 21.661578295000083 ], [ 92.112580421000132, 21.661448730000075 ], [ 92.113280487000168, 21.661655507000091 ], [ 92.113364473, 21.66168031400008 ], [ 92.113632646000099, 21.662225496000076 ], [ 92.113641793000056, 21.662326502000099 ], [ 92.113698664000026, 21.662954445000082 ], [ 92.113709640000081, 21.663075635000155 ], [ 92.11368244200014, 21.663336978000189 ], [ 92.113595775000135, 21.664169767000089 ], [ 92.112763918000155, 21.665092432000108 ], [ 92.112415623, 21.665397378000137 ], [ 92.112257118000116, 21.665536154000051 ], [ 92.112220020999985, 21.665568634000124 ], [ 92.112057438000136, 21.665710981000075 ], [ 92.111669358000199, 21.665934453000091 ], [ 92.111411962000034, 21.66608266999998 ], [ 92.110632006000174, 21.666092592000098 ], [ 92.110182151000117, 21.666464047000034 ], [ 92.110203151000121, 21.666589722000026 ], [ 92.110217730000159, 21.666676971000072 ], [ 92.110252921000153, 21.666887578000171 ], [ 92.110391299000014, 21.667434416000106 ], [ 92.110394336000184, 21.667642989000058 ], [ 92.110404575000075, 21.668346323000151 ], [ 92.110158220000187, 21.668549115000076 ], [ 92.110134726000013, 21.668568454000138 ], [ 92.10950481600014, 21.669086973000162 ], [ 92.108596215000034, 21.669220433000191 ], [ 92.108509842000046, 21.669201364000116 ], [ 92.108460622000052, 21.669190498000091 ], [ 92.108214288000113, 21.669136115000128 ], [ 92.107551898000054, 21.668989877000115 ], [ 92.10676838400002, 21.668756007000127 ], [ 92.105266265000182, 21.668350641000131 ], [ 92.104287159000194, 21.668119237000042 ], [ 92.103631677000124, 21.667761814000187 ], [ 92.102654374000167, 21.66765454800003 ], [ 92.102199191000068, 21.667660313000056 ], [ 92.102072015000033, 21.667842535000034 ], [ 92.102078200000108, 21.66826914700016 ], [ 92.102475224999978, 21.668749505000108 ], [ 92.103024455000138, 21.669106754000097 ], [ 92.103049946000056, 21.669123336000041 ], [ 92.103279196000187, 21.66927245100004 ], [ 92.103310911000051, 21.66929307900017 ], [ 92.103394440000102, 21.669347411000047 ], [ 92.104966470000136, 21.670117642000093 ], [ 92.105234597000049, 21.670660583000142 ], [ 92.105831667000075, 21.671443170000146 ], [ 92.106039026000076, 21.672291659999985 ], [ 92.10572687500013, 21.673207699000045 ], [ 92.105396455000118, 21.6739016410001 ], [ 92.105348352000135, 21.674002667000082 ], [ 92.104901735000055, 21.674768770000128 ], [ 92.104776873, 21.674982951 ], [ 92.104655891000107, 21.675591785000108 ], [ 92.104552533000117, 21.675895450000098 ], [ 92.103950974000156, 21.67766281300004 ], [ 92.103595489000156, 21.678707199000144 ], [ 92.103415489000156, 21.679743470000176 ], [ 92.103274013000032, 21.680016509000097 ], [ 92.103232431000151, 21.680096759000037 ], [ 92.103162322000117, 21.68023206700019 ], [ 92.102252760000169, 21.680304554000088 ], [ 92.101895222000053, 21.680309087000182 ], [ 92.101601923000032, 21.680312804000039 ], [ 92.101514930000064, 21.680078422000179 ], [ 92.101467725000134, 21.679951236000136 ], [ 92.100748761000148, 21.679777266000144 ], [ 92.09867292000007, 21.680167022000035 ], [ 92.097447608000152, 21.680911735000109 ], [ 92.097359595000057, 21.681330672000058 ], [ 92.097335476000069, 21.681445476000135 ], [ 92.097204121000118, 21.68207071400019 ], [ 92.096930098000144, 21.682301808000091 ], [ 92.096690462000197, 21.682503900000142 ], [ 92.095654843000034, 21.682880468 ], [ 92.095066277000171, 21.682644079999989 ], [ 92.094853542000067, 21.682673858000157 ], [ 92.094793297000137, 21.682683651 ], [ 92.094611926000141, 21.682710774000043 ], [ 92.094294428000183, 21.683263388000114 ], [ 92.094505240000046, 21.684353415000146 ], [ 92.094848981000155, 21.68492429600002 ], [ 92.095305267000072, 21.685682079000117 ], [ 92.096556145000193, 21.686700261000169 ], [ 92.098392281000031, 21.687447511000187 ], [ 92.098556295000094, 21.687514258000078 ], [ 92.098584471000152, 21.687525725000057 ], [ 92.098960300000044, 21.687725793000084 ], [ 92.099698787000136, 21.688118916 ], [ 92.10010293400012, 21.689086831999987 ], [ 92.10089685100013, 21.689988852000056 ], [ 92.10168196799998, 21.690283679000174 ], [ 92.102371295000125, 21.690358038 ], [ 92.102587128000096, 21.690381319999972 ], [ 92.103180169000041, 21.690445289000024 ], [ 92.1037045, 21.690561038000112 ], [ 92.104485753000063, 21.690733500000192 ], [ 92.104840996000064, 21.690963657000111 ], [ 92.105405093000115, 21.691329124000106 ], [ 92.105880096000078, 21.692047165000076 ], [ 92.106003427000076, 21.692233599000019 ], [ 92.105898522000189, 21.693507626000041 ], [ 92.1058956440001, 21.693542585000159 ], [ 92.105893076000086, 21.693573764000178 ], [ 92.105467107000095, 21.694608144000142 ], [ 92.105452233000108, 21.694644262000111 ], [ 92.10539337400013, 21.694787187000145 ], [ 92.105191583000021, 21.695740644000068 ], [ 92.105182642000102, 21.695783214000187 ], [ 92.10514682600018, 21.695953733000181 ], [ 92.104988782000078, 21.696072486000162 ], [ 92.104935946000126, 21.696112187000153 ], [ 92.104841561000057, 21.696183371000188 ], [ 92.103988407000145, 21.696819560000165 ], [ 92.103870954000115, 21.6976721690001 ], [ 92.104596635, 21.698288014000127 ], [ 92.104859093000073, 21.698510745000192 ], [ 92.105659552000134, 21.699898037000025 ], [ 92.106514487000084, 21.701172620000079 ], [ 92.106590487000176, 21.701285924000047 ], [ 92.107044063000046, 21.701766889000112 ], [ 92.107383629000026, 21.702126955999972 ], [ 92.109204834000195, 21.702996352000184 ], [ 92.109742139000161, 21.703252841000165 ], [ 92.110785183000132, 21.70342016900014 ], [ 92.111761873000091, 21.703468682000164 ], [ 92.113050718000068, 21.702601134000133 ], [ 92.114077915000053, 21.70186002500003 ], [ 92.114234564000128, 21.701747003999969 ], [ 92.114595632000032, 21.701486494000108 ], [ 92.115248626000039, 21.701661027000057 ], [ 92.115907857000138, 21.702262163000057 ], [ 92.116117691000113, 21.703230250000161 ], [ 92.11626441500016, 21.704384266999966 ], [ 92.116407576000199, 21.705294506000087 ], [ 92.116487020000193, 21.706266515000095 ], [ 92.116492369000184, 21.706632178000064 ], [ 92.116458950000151, 21.707124702000158 ], [ 92.116438708000089, 21.707423022000114 ], [ 92.115860673000157, 21.707915787000161 ], [ 92.115282060000141, 21.708410815999969 ], [ 92.1140492090002, 21.708607160000042 ], [ 92.112817560000167, 21.70892764600012 ], [ 92.112438111000131, 21.709661686000118 ], [ 92.112058057000127, 21.710395738000102 ], [ 92.11184362500012, 21.711173170999984 ], [ 92.111687496000059, 21.711739217000115 ], [ 92.110797246000118, 21.713148017000151 ], [ 92.109905232000074, 21.714437183000086 ], [ 92.109529547000136, 21.714995247000047 ], [ 92.109204673000079, 21.715477828000132 ], [ 92.10909080000016, 21.716574215000151 ], [ 92.109477311000092, 21.716860523000037 ], [ 92.109608543000093, 21.716788864000023 ], [ 92.109924966000108, 21.716567301000111 ], [ 92.110902390000149, 21.715882887000134 ], [ 92.114071040000113, 21.714564677000112 ], [ 92.114977271000043, 21.714250591999985 ], [ 92.117534601999978, 21.714217920000124 ], [ 92.117634025000143, 21.714216650000026 ], [ 92.11803471800016, 21.714211527000032 ], [ 92.119117972000083, 21.714880056000027 ], [ 92.119676114000072, 21.715224507000187 ], [ 92.120424691000096, 21.716158157000166 ], [ 92.120736800000088, 21.716547424000169 ], [ 92.120801811000035, 21.717904756 ], [ 92.120803759000012, 21.717945454000187 ], [ 92.120829951000076, 21.718492273000038 ], [ 92.120503136000139, 21.720255356000166 ], [ 92.120468364000089, 21.720442942000034 ], [ 92.11969730800007, 21.721121061000133 ], [ 92.118404495000107, 21.721683939000172 ], [ 92.117366922000144, 21.721941028 ], [ 92.116719185000136, 21.722132172000045 ], [ 92.116544575000034, 21.723531853999987 ], [ 92.116176868000082, 21.724152466000191 ], [ 92.116036451000127, 21.724389459000179 ], [ 92.116011318000062, 21.724405584000181 ], [ 92.115520329000049, 21.724700829000028 ], [ 92.114809706000131, 21.725012425000045 ], [ 92.114035069000067, 21.725449 ], [ 92.113080435000143, 21.726919593000105 ], [ 92.113074550000078, 21.726979903000085 ], [ 92.112967483000034, 21.728076923000117 ], [ 92.113250238000091, 21.728989897000133 ], [ 92.114422220000051, 21.72969962000019 ], [ 92.115681626000139, 21.731263844000068 ], [ 92.115683409000042, 21.731385729000124 ], [ 92.115882949000195, 21.731687955000098 ], [ 92.116539333000162, 21.732043036999983 ], [ 92.116997392000144, 21.73222004600018 ], [ 92.117457239000089, 21.732518938 ], [ 92.117790173000117, 21.733061015000033 ], [ 92.117925988000025, 21.733425005000129 ], [ 92.117933993000065, 21.733971238000095 ], [ 92.117744273000199, 21.734339397000099 ], [ 92.11762003400014, 21.734765413 ], [ 92.117170897, 21.735197841000058 ], [ 92.115739492000159, 21.735216143000173 ], [ 92.114564170000051, 21.73523116299998 ], [ 92.114373315000194, 21.735233600000129 ], [ 92.113528650000035, 21.735305342000174 ], [ 92.11288599300002, 21.735642365999979 ], [ 92.112818261000143, 21.735677886000076 ], [ 92.112777413000117, 21.735756770000023 ], [ 92.11243815, 21.736411940000096 ], [ 92.112546137000152, 21.736860832000104 ], [ 92.112615432000098, 21.737148892000107 ], [ 92.11271536300012, 21.737564289000147 ], [ 92.113313670000139, 21.738407763000112 ], [ 92.113701309000191, 21.738659720000101 ], [ 92.113773531000106, 21.738706662000027 ], [ 92.114750461000142, 21.738755137000055 ], [ 92.115140072000088, 21.738711782000109 ], [ 92.115984424000146, 21.738617459000068 ], [ 92.11715465400016, 21.738541536000071 ], [ 92.118551503000049, 21.737977325000031 ], [ 92.118707645000143, 21.737914371000159 ], [ 92.119164716000057, 21.737664529000085 ], [ 92.120192070000144, 21.737102952000043 ], [ 92.121242710000047, 21.736577017000172 ], [ 92.121936532000063, 21.736229487000173 ], [ 92.122118660000012, 21.736179444000015 ], [ 92.123556786000165, 21.735784281000122 ], [ 92.124078037000061, 21.735759494000092 ], [ 92.125312226000119, 21.735700797000106 ], [ 92.126939605000018, 21.735740847000045 ], [ 92.128049953000072, 21.73603134800004 ], [ 92.129677334000178, 21.736071370000161 ], [ 92.130847525000092, 21.735995356000046 ], [ 92.131557830000133, 21.735620483000048 ], [ 92.131786840000075, 21.735543034000102 ], [ 92.133241465000083, 21.735052461000123 ], [ 92.134541496000111, 21.734974745999978 ], [ 92.134937630000195, 21.735333107000088 ], [ 92.135459143000105, 21.735387333000119 ], [ 92.136041678000083, 21.735196953000184 ], [ 92.136512049000146, 21.734460772000091 ], [ 92.136738512000136, 21.733912433000114 ], [ 92.137254614000028, 21.733601000000192 ], [ 92.138621657000101, 21.733644298000058 ], [ 92.139793622000184, 21.733690105000051 ], [ 92.140446787000144, 21.733864523000079 ], [ 92.141295934000141, 21.734097358000042 ], [ 92.14234795800013, 21.734812939000051 ], [ 92.143523517000119, 21.735100232000093 ], [ 92.144565943000032, 21.735208638000188 ], [ 92.146842555000148, 21.735118170000135 ], [ 92.14782247300019, 21.735410229000081 ], [ 92.150623625000151, 21.735617670000067 ], [ 92.150933578000149, 21.735613643000022 ], [ 92.152445759000102, 21.735593986000083 ], [ 92.152652883000201, 21.735540019000155 ], [ 92.152713329000051, 21.735524269999985 ], [ 92.153676908000079, 21.73527320200003 ], [ 92.154713580000077, 21.734954941000069 ], [ 92.155688657000042, 21.734881290000089 ], [ 92.156340022000165, 21.73493376000016 ], [ 92.156934348000163, 21.735535553000148 ], [ 92.157001765000132, 21.735829309999986 ], [ 92.157143039000118, 21.736444882000114 ], [ 92.157218242, 21.737112136000121 ], [ 92.157228218000114, 21.737780238000141 ], [ 92.157698136000135, 21.738747115000137 ], [ 92.158226004000085, 21.739225603000079 ], [ 92.158753000000161, 21.739645406000079 ], [ 92.159084277000147, 21.740065500000014 ], [ 92.159156793000079, 21.74055218500007 ], [ 92.158905557000082, 21.741162741000153 ], [ 92.15871775800008, 21.741652819000024 ], [ 92.158725922000087, 21.742199038000024 ], [ 92.158342125, 21.74263071900009 ], [ 92.157886724000093, 21.742636658000151 ], [ 92.157493215000102, 21.742458929000122 ], [ 92.156839996000144, 21.742284583000071 ], [ 92.156056319000072, 21.742111937000175 ], [ 92.155208016000131, 21.741940123000177 ], [ 92.154751707000116, 21.741885115000059 ], [ 92.154174628000078, 21.742441211000028 ], [ 92.154054133000159, 21.743111014000135 ], [ 92.153943328000139, 21.744390225000188 ], [ 92.153897116000053, 21.745666342 ], [ 92.154470705000165, 21.746778616000029 ], [ 92.154768108000155, 21.747357190000116 ], [ 92.155523557000038, 21.748774859000093 ], [ 92.156441916000063, 21.750498199000049 ], [ 92.157548965000103, 21.753270682 ], [ 92.157673983000166, 21.753583766000133 ], [ 92.158470432000058, 21.755578297000056 ], [ 92.159015651000118, 21.757131140000013 ], [ 92.160169871000051, 21.760418844000071 ], [ 92.16049342600013, 21.761097954000149 ], [ 92.161580877000119, 21.763380349999977 ], [ 92.161815735000175, 21.76475295500012 ], [ 92.162151681000068, 21.766716293000059 ], [ 92.162552795000067, 21.76817859199997 ], [ 92.162633587000187, 21.768473122000046 ], [ 92.163368558000172, 21.76973901100007 ], [ 92.164162420000082, 21.770579709000174 ], [ 92.164688950000141, 21.77099948700004 ], [ 92.165118403000065, 21.7712715400001 ], [ 92.165345934000129, 21.771415298000079 ], [ 92.165739534000011, 21.771593 ], [ 92.166882394000083, 21.77196512300003 ], [ 92.168795188999979, 21.772537803000148 ], [ 92.169126184000106, 21.773190045000149 ], [ 92.169789644000105, 21.773933947000046 ], [ 92.170645459000127, 21.774711158000116 ], [ 92.171305697000037, 21.775240063000126 ], [ 92.171887057000049, 21.775626649000117 ], [ 92.172891481000192, 21.776079347000064 ], [ 92.173895911000159, 21.776532039000074 ], [ 92.174591288000045, 21.776845437000077 ], [ 92.175520625000104, 21.777406621000125 ], [ 92.176063643000077, 21.777793696000117 ], [ 92.176688255999977, 21.778502238000101 ], [ 92.177079996000089, 21.7790346540001 ], [ 92.177554417000181, 21.779960201000051 ], [ 92.177639803000147, 21.780532490000041 ], [ 92.177654417000099, 21.781499934000124 ], [ 92.177245953000067, 21.782401276000144 ], [ 92.176646207000147, 21.78334097600009 ], [ 92.176386317000151, 21.783917814000176 ], [ 92.176280424000197, 21.784528462000083 ], [ 92.176298232000079, 21.785199599000123 ], [ 92.176345214000037, 21.785600370000111 ], [ 92.176721014000066, 21.786092379000081 ], [ 92.177426794000155, 21.786752061000129 ], [ 92.178934899000183, 21.787687867000102 ], [ 92.180025991000036, 21.788113089000092 ], [ 92.180847911000171, 21.788331607000089 ], [ 92.181237543000066, 21.788383804000034 ], [ 92.181728613000018, 21.788377320000052 ], [ 92.181994609000185, 21.788373806000095 ], [ 92.182317647000104, 21.78808283300009 ], [ 92.182778125000198, 21.787407768000094 ], [ 92.182777456000053, 21.786012474000131 ], [ 92.182415068000068, 21.783704497000031 ], [ 92.182230841000035, 21.782349853000028 ], [ 92.182270111000093, 21.781226400999969 ], [ 92.182222064000086, 21.780080210999984 ], [ 92.182257685000138, 21.779391644000157 ], [ 92.182473106000089, 21.778413998000076 ], [ 92.182737596000095, 21.777636397000151 ], [ 92.183077506000188, 21.776771788000076 ], [ 92.183348719000151, 21.776438493000114 ], [ 92.183971119000148, 21.775985875000174 ], [ 92.184942531000047, 21.775270605000117 ], [ 92.186210041000095, 21.774852456000076 ], [ 92.187732961000165, 21.77407253500013 ], [ 92.188601717000097, 21.773673981 ], [ 92.189304944000128, 21.77349264500009 ], [ 92.190302757000154, 21.773508096000057 ], [ 92.19082333200015, 21.773605629000031 ], [ 92.191070775000128, 21.773887658000035 ], [ 92.191226832000154, 21.774057612000036 ], [ 92.191490734000126, 21.774254807000091 ], [ 92.191800235000073, 21.774422726000068 ], [ 92.192017234000161, 21.774563201000035 ], [ 92.192202239000096, 21.774618088000068 ], [ 92.192340338000065, 21.774616257 ], [ 92.192477783000186, 21.774571428000115 ], [ 92.192569196000193, 21.774527209000098 ], [ 92.192737112000032, 21.774467641000115 ], [ 92.19289099100007, 21.774494270000105 ], [ 92.193090686000176, 21.774505956000041 ], [ 92.193383318000031, 21.774573749000012 ], [ 92.193680327000038, 21.774735660000033 ], [ 92.193928584000048, 21.7754329710001 ], [ 92.194030603000044, 21.775829461 ], [ 92.194057951, 21.776370212000074 ], [ 92.1939067200002, 21.777340502000072 ], [ 92.193777701000101, 21.777462443000104 ], [ 92.193638555000121, 21.777731881000022 ], [ 92.19355477300013, 21.778277733000095 ], [ 92.193429925000089, 21.778814571999987 ], [ 92.193228114000192, 21.779316623000057 ], [ 92.193268282000133, 21.779985442000054 ], [ 92.19337605200019, 21.780285836000076 ], [ 92.193725084000107, 21.781258701000183 ], [ 92.193812129000094, 21.781499096000061 ], [ 92.193861730000037, 21.781674072000158 ], [ 92.194224627000096, 21.78295421700011 ], [ 92.19450813800006, 21.784469745000138 ], [ 92.195301328000141, 21.785249329000123 ], [ 92.195536058000187, 21.78542191300005 ], [ 92.19601824900019, 21.78577644000012 ], [ 92.196166556000151, 21.785885481000037 ], [ 92.196286458000088, 21.785973636000108 ], [ 92.196354326, 21.786025449000022 ], [ 92.197591947000035, 21.786069946999987 ], [ 92.198435892000134, 21.785936812000102 ], [ 92.199276760000089, 21.785562165000101 ], [ 92.200635893000197, 21.785056452000049 ], [ 92.202128627000036, 21.784792753000033 ], [ 92.202363033000097, 21.784781493000139 ], [ 92.203790585000093, 21.784712917000149 ], [ 92.203819928000087, 21.784711507000054 ], [ 92.205445945000065, 21.784628858000019 ], [ 92.20632689700011, 21.784902847000069 ], [ 92.206421595000165, 21.784932299 ], [ 92.206472947000123, 21.784948270000029 ], [ 92.206754360000048, 21.785035792000144 ], [ 92.20712036600014, 21.785128449000069 ], [ 92.207445918000076, 21.785210866000057 ], [ 92.208583934000103, 21.785498954000104 ], [ 92.208918402000052, 21.785627378000072 ], [ 92.209958877000076, 21.786026876000051 ], [ 92.210742098000139, 21.78610089200015 ], [ 92.211653884999976, 21.786187052000173 ], [ 92.212642642, 21.787024877000135 ], [ 92.212701478999975, 21.787374655000121 ], [ 92.212785754000151, 21.787875652000082 ], [ 92.212507763000133, 21.788904895000087 ], [ 92.212286891000133, 21.789278080000145 ], [ 92.211781978000033, 21.790318765 ], [ 92.211141549000047, 21.790995550000162 ], [ 92.210853629000042, 21.791309345000059 ], [ 92.210181079000165, 21.792042328000036 ], [ 92.209849866000013, 21.79236030300018 ], [ 92.209423595000032, 21.792769534 ], [ 92.208834050000178, 21.793338072000154 ], [ 92.208446751000054, 21.794010130000174 ], [ 92.20828780100004, 21.794285945000183 ], [ 92.208200111000053, 21.794436766000103 ], [ 92.20803104800018, 21.796141163000186 ], [ 92.208251356000119, 21.797779400000081 ], [ 92.208264402000111, 21.798630293000087 ], [ 92.207927842000174, 21.799240411000085 ], [ 92.207757564000133, 21.799549091000074 ], [ 92.206289830000173, 21.801453701000071 ], [ 92.205568032000144, 21.802643480000029 ], [ 92.204811287000155, 21.803890842000044 ], [ 92.204765499000075, 21.803966316000071 ], [ 92.20456463000005, 21.804330850000042 ], [ 92.204259223000122, 21.804885097000124 ], [ 92.204152003000104, 21.80640806800011 ], [ 92.204444984000133, 21.808530700000063 ], [ 92.205188010000143, 21.810283863000109 ], [ 92.205589527000029, 21.811007661000133 ], [ 92.20594130000012, 21.812705095000069 ], [ 92.20595714500007, 21.813738809000142 ], [ 92.205971120000072, 21.814650639000092 ], [ 92.205848973, 21.815198581000118 ], [ 92.20576348700007, 21.81537806200015 ], [ 92.205470758999979, 21.815996009 ], [ 92.205421368000088, 21.816050156000131 ], [ 92.205022575000044, 21.816487355 ], [ 92.204311635000181, 21.816754386000184 ], [ 92.204181261000087, 21.816803354000115 ], [ 92.203147855000168, 21.817363460000081 ], [ 92.202378288000034, 21.81810289900011 ], [ 92.201820454000199, 21.818782783000017 ], [ 92.201419448000081, 21.819271520000086 ], [ 92.200325083000052, 21.820076234000055 ], [ 92.200307652000106, 21.820121617000154 ], [ 92.199948984000116, 21.8210542220001 ], [ 92.19983580000013, 21.822150611000154 ], [ 92.199586496000109, 21.822883099000023 ], [ 92.198556753000105, 21.823686943000098 ], [ 92.197911467000154, 21.82405899400004 ], [ 92.197064507000107, 21.824009322000052 ], [ 92.196083326000178, 21.823719885000173 ], [ 92.195508678000067, 21.823632806000148 ], [ 92.194974050000042, 21.823551790000181 ], [ 92.194511929999976, 21.823133530000064 ], [ 92.193730564000191, 21.823143923000089 ], [ 92.193144061000055, 21.823090768000043 ], [ 92.192749360000164, 21.822852204000014 ], [ 92.192159146, 21.822555289000093 ], [ 92.192024900000092, 21.82231326100009 ], [ 92.191758909000043, 21.821953342000086 ], [ 92.191555399000094, 21.821409734000042 ], [ 92.191546116000097, 21.820800334000069 ], [ 92.191337967000038, 21.819952025000134 ], [ 92.191298826000093, 21.819867811000108 ], [ 92.191001151000023, 21.819227331000036 ], [ 92.189762918000156, 21.819121863000191 ], [ 92.189234634000172, 21.818643512000165 ], [ 92.188834101000168, 21.817980608000028 ], [ 92.188309500000173, 21.817743756000141 ], [ 92.187529085000165, 21.817815055000096 ], [ 92.187340350000113, 21.818241967000063 ], [ 92.18735143300006, 21.818970991000128 ], [ 92.187352036000163, 21.819010625000033 ], [ 92.187362554000174, 21.819702269000061 ], [ 92.187377309000055, 21.820672798000032 ], [ 92.187390248000156, 21.821523697000146 ], [ 92.187534643000106, 21.822433809000131 ], [ 92.187683071000151, 21.82364863100014 ], [ 92.187760351000122, 21.824437726000099 ], [ 92.187700294000024, 21.82482294800019 ], [ 92.187635449000084, 21.825238871000067 ], [ 92.187522996000098, 21.825960165000083 ], [ 92.186836460000166, 21.827915224000094 ], [ 92.186453478000089, 21.828407921000064 ], [ 92.185219156000073, 21.828604875000053 ], [ 92.18431060000006, 21.82879976900017 ], [ 92.183600017000174, 21.829174888000011 ], [ 92.182438351000144, 21.82985848300001 ], [ 92.181540843000107, 21.830782382000166 ], [ 92.181328716000053, 21.831031243000041 ], [ 92.18096476400018, 21.831458220000115 ], [ 92.180847736000089, 21.832310843000073 ], [ 92.181053076000183, 21.832976347000056 ], [ 92.181513380000069, 21.83327502200018 ], [ 92.182035257000166, 21.833329070000048 ], [ 92.183192325000164, 21.832340778000173 ], [ 92.183572589, 21.83166752700015 ], [ 92.183958365000137, 21.831357655999966 ], [ 92.184937764000097, 21.831527541000071 ], [ 92.184946065000133, 21.832073746000106 ], [ 92.184957178000104, 21.832805025000084 ], [ 92.184975633000136, 21.83401931100002 ], [ 92.184991468000078, 21.83506115199998 ], [ 92.184994123000024, 21.835235854000075 ], [ 92.185079705000192, 21.836571156000048 ], [ 92.185618239000178, 21.837719854000056 ], [ 92.185672072000102, 21.837894296000115 ], [ 92.185823611000103, 21.838385347000155 ], [ 92.185439671000154, 21.838817102000064 ], [ 92.184604949000175, 21.839618285000029 ], [ 92.1844925380002, 21.840773352000099 ], [ 92.184958436000045, 21.841437653000071 ], [ 92.185235537000096, 21.842526606000035 ], [ 92.185768537000172, 21.843309662000024 ], [ 92.18550274800009, 21.843799447000094 ], [ 92.184993541000154, 21.843746598999985 ], [ 92.183625474000053, 21.843703774000119 ], [ 92.182262957000034, 21.844026577000079 ], [ 92.181811832000108, 21.844335052000133 ], [ 92.181231116000163, 21.844708450000098 ], [ 92.18005733300015, 21.844602071000111 ], [ 92.178429680000193, 21.844623587000115 ], [ 92.17687007000012, 21.844827047000024 ], [ 92.176390652000066, 21.844833377000043 ], [ 92.176153851000095, 21.844836503000124 ], [ 92.174977300000194, 21.844547264000084 ], [ 92.173922435, 21.843710104000081 ], [ 92.173066172000176, 21.843053168000097 ], [ 92.172474061000116, 21.842634303000182 ], [ 92.171299408000152, 21.842469178999977 ], [ 92.170771976000026, 21.842049455000108 ], [ 92.170696609000117, 21.841382225000132 ], [ 92.17114130900012, 21.840647195000088 ], [ 92.171643906000043, 21.839423783000086 ], [ 92.171433994000097, 21.838453561000108 ], [ 92.17090477, 21.837914215000069 ], [ 92.170180337000033, 21.837377434000132 ], [ 92.170125940000048, 21.837272470000187 ], [ 92.169710875000078, 21.836471578000157 ], [ 92.1693094150001, 21.835745427 ], [ 92.169301172000189, 21.835199219000117 ], [ 92.169358516000159, 21.834713101000034 ], [ 92.169544213000165, 21.834040176000087 ], [ 92.169698648000065, 21.83384248200008 ], [ 92.169927306000147, 21.833549773000072 ], [ 92.170567194000171, 21.832812178000097 ], [ 92.171997674000011, 21.832671440000126 ], [ 92.17238348300009, 21.832361596000112 ], [ 92.173027076000096, 21.83132875299998 ], [ 92.173146557000166, 21.831137007000109 ], [ 92.173122948000071, 21.830807488000119 ], [ 92.173063823000064, 21.829982252000036 ], [ 92.172853, 21.828951092000182 ], [ 92.173021087000052, 21.828149382000106 ], [ 92.173096006000151, 21.827792047000116 ], [ 92.173194689000013, 21.827713144000086 ], [ 92.173868232000075, 21.827174604999982 ], [ 92.173898759000053, 21.827162148000127 ], [ 92.175097352000193, 21.82667303900007 ], [ 92.176327033000064, 21.826169200000038 ], [ 92.177033967000114, 21.825552605000098 ], [ 92.17787082500007, 21.824934291000091 ], [ 92.17784963600019, 21.823534921000146 ], [ 92.177891904000091, 21.822015063000151 ], [ 92.178219069000079, 21.821527815000138 ], [ 92.17859235200018, 21.820971879000126 ], [ 92.179882049000184, 21.820164722000072 ], [ 92.179935344000057, 21.819373891999987 ], [ 92.180379932999983, 21.818638846000113 ], [ 92.180297157999973, 21.817484099000069 ], [ 92.179959160000067, 21.81663748699998 ], [ 92.17981482100015, 21.815727362000075 ], [ 92.179941959000189, 21.815386300000114 ], [ 92.180065145000071, 21.815055835000067 ], [ 92.180896070000188, 21.814010922000023 ], [ 92.180685545000074, 21.813040721000107 ], [ 92.179888284000072, 21.811958622000191 ], [ 92.179678374000105, 21.810988411000096 ], [ 92.179754102000174, 21.810686787 ], [ 92.179923473000088, 21.810012190000066 ], [ 92.181015729000194, 21.809024779000026 ], [ 92.181104119000054, 21.808892239000045 ], [ 92.181588352000063, 21.808166133000043 ], [ 92.182810497000048, 21.807176995000077 ], [ 92.182861929000182, 21.806264285000054 ], [ 92.182852722000064, 21.805657139000061 ], [ 92.182651408000083, 21.805294084000138 ], [ 92.181803631000037, 21.805183387000113 ], [ 92.181406866000145, 21.804764219999981 ], [ 92.181327512000166, 21.804484667000054 ], [ 92.181200655000055, 21.804037771000026 ], [ 92.181186841000169, 21.80312592100006 ], [ 92.181632271000069, 21.802449557000045 ], [ 92.182405609000114, 21.802116937000108 ], [ 92.182796503000134, 21.801948807000031 ], [ 92.183313042000123, 21.801698169000076 ], [ 92.184672424000155, 21.801194827000188 ], [ 92.18577379900006, 21.800814535000143 ], [ 92.186673885000118, 21.800073447000102 ], [ 92.186785351000083, 21.798857435000059 ], [ 92.186633277000112, 21.79739884900016 ], [ 92.186619434000136, 21.796487002000106 ], [ 92.186669920000043, 21.795513351000125 ], [ 92.186812205000194, 21.794081077000101 ], [ 92.186839237000129, 21.793808955000145 ], [ 92.187298940000062, 21.792845726999985 ], [ 92.187394357000016, 21.792645795000169 ], [ 92.187986764000129, 21.79310711200003 ], [ 92.188307570000177, 21.793356926000115 ], [ 92.188990788000069, 21.792525986000101 ], [ 92.189901981000048, 21.791883157000143 ], [ 92.190836241000056, 21.791412040000125 ], [ 92.191054885000028, 21.791252826000118 ], [ 92.191584005000152, 21.790792885000144 ], [ 92.191511578000075, 21.790067528000066 ], [ 92.190966883000044, 21.789287492000028 ], [ 92.190813689000151, 21.78858592000006 ], [ 92.190772891000165, 21.787248502000068 ], [ 92.190841447000139, 21.785812484000076 ], [ 92.190850503000036, 21.785622810000064 ], [ 92.190936313000179, 21.783863215 ], [ 92.190493449000144, 21.783841143000132 ], [ 92.190512629000125, 21.783769331000087 ], [ 92.190587812000047, 21.783487844000149 ], [ 92.190600363000101, 21.781905645000052 ], [ 92.191122275000112, 21.780068939000159 ], [ 92.191356938000069, 21.779330928000093 ], [ 92.191639642000041, 21.778441821000172 ], [ 92.191673266000123, 21.778347535000023 ], [ 92.191822923000188, 21.777934565000123 ], [ 92.192071580000061, 21.777128492000145 ], [ 92.192136319000156, 21.776339194000172 ], [ 92.191973504000089, 21.775724938000167 ], [ 92.191662912000197, 21.77548535700015 ], [ 92.191338500000143, 21.775346306000074 ], [ 92.190876424000123, 21.775237749000098 ], [ 92.190236157000186, 21.775272552000047 ], [ 92.1897805440002, 21.775265294000121 ], [ 92.188656008000066, 21.775327973000117 ], [ 92.187346643000183, 21.775754991000099 ], [ 92.187144077000141, 21.77582105200014 ], [ 92.185850653000045, 21.77655492800011 ], [ 92.184838290000187, 21.777789277000181 ], [ 92.184139882000125, 21.778952096000182 ], [ 92.183963180000092, 21.780171226000164 ], [ 92.183900838000113, 21.780642421000152 ], [ 92.184509393000098, 21.780939630000148 ], [ 92.184567634000189, 21.781817564000164 ], [ 92.184825153000077, 21.783467331000111 ], [ 92.184851061000131, 21.783633301000179 ], [ 92.184862293000151, 21.783705929000178 ], [ 92.184992989000136, 21.785577346000025 ], [ 92.184995703000197, 21.787106406000021 ], [ 92.184717942000191, 21.787683493000088 ], [ 92.183911370000089, 21.788477819000093 ], [ 92.183802182000079, 21.788532411000176 ], [ 92.182989561999989, 21.788938703000042 ], [ 92.182802307000031, 21.789139025999987 ], [ 92.182658918000186, 21.789294474000087 ], [ 92.181964679000032, 21.790047101000084 ], [ 92.180540740000083, 21.790551267000069 ], [ 92.178846604000057, 21.790451718000099 ], [ 92.177151582000135, 21.790293466000151 ], [ 92.176035214000137, 21.789637696000057 ], [ 92.175505251000061, 21.789037405000045 ], [ 92.175345926000148, 21.788803192000103 ], [ 92.174972533000073, 21.788254288000189 ], [ 92.17443338400011, 21.787044586000093 ], [ 92.174222643000178, 21.786013419000142 ], [ 92.174200647000134, 21.784555355000066 ], [ 92.173388022000154, 21.782439464999982 ], [ 92.172063170000115, 21.78093532000014 ], [ 92.16994044400019, 21.779716962000066 ], [ 92.169371522000176, 21.779390415000137 ], [ 92.167471419000094, 21.778564261000156 ], [ 92.1666765760001, 21.777662645000191 ], [ 92.166529358, 21.7765109770001 ], [ 92.166371467000033, 21.774688968000078 ], [ 92.165772385000196, 21.773784778000049 ], [ 92.164787911000076, 21.773249097000019 ], [ 92.164709177000134, 21.773195144000113 ], [ 92.164524821000157, 21.773067275000074 ], [ 92.16381444100017, 21.773442295000052 ], [ 92.162587538000196, 21.774065627000084 ], [ 92.160735561000138, 21.775019843000166 ], [ 92.160654422000107, 21.775061649000065 ], [ 92.160067280000192, 21.775315392000039 ], [ 92.159099809000168, 21.77587435900017 ], [ 92.158136286000115, 21.776738035000051 ], [ 92.156970355, 21.777118976000054 ], [ 92.156323357000133, 21.777371233000054 ], [ 92.155672105000065, 21.777379728000142 ], [ 92.155412607000073, 21.777313941000102 ], [ 92.154757436000182, 21.777147842000147 ], [ 92.154488894000167, 21.776605020000147 ], [ 92.153693832999977, 21.775642382000058 ], [ 92.153230134000069, 21.775099841000042 ], [ 92.152915043000064, 21.774959465000165 ], [ 92.152705779000144, 21.774865115000182 ], [ 92.152502912000159, 21.774876791000054 ], [ 92.151470039, 21.77494216700012 ], [ 92.149976323000089, 21.775142205000179 ], [ 92.147962186000143, 21.775412209000137 ], [ 92.147443852000038, 21.77554085100013 ], [ 92.145753510000191, 21.775684717000104 ], [ 92.144330763000141, 21.776310460000104 ], [ 92.14349224200015, 21.776808960000153 ], [ 92.143178361000196, 21.777603176000127 ], [ 92.143190221999987, 21.778401047000159 ], [ 92.143194601000118, 21.778695619000189 ], [ 92.143077359000188, 21.77954823500005 ], [ 92.143050487000096, 21.779613539000138 ], [ 92.142968877000101, 21.779811859000176 ], [ 92.142700032000107, 21.780465178000156 ], [ 92.142449607000117, 21.781138918000124 ], [ 92.141626369, 21.782668922000084 ], [ 92.141512739, 21.78376530800017 ], [ 92.141105727000081, 21.784292192000066 ], [ 92.140043576000039, 21.785667140000157 ], [ 92.139597970000125, 21.786343410000143 ], [ 92.138498930000139, 21.78684301300018 ], [ 92.137656097000161, 21.787097737000124 ], [ 92.136621408000053, 21.787535536 ], [ 92.136370942000099, 21.788209269999982 ], [ 92.136050676000082, 21.788576877000139 ], [ 92.135931585000094, 21.789307608000115 ], [ 92.135951424000041, 21.790646082000023 ], [ 92.13596852400002, 21.791799470000058 ], [ 92.135461223000107, 21.792718082000192 ], [ 92.134691695000186, 21.793518175000031 ], [ 92.133856625000192, 21.794260416999975 ], [ 92.133014311000125, 21.794512854 ], [ 92.131950357000051, 21.794612380000103 ], [ 92.131518882000137, 21.794654072000128 ], [ 92.130542477000063, 21.794666668000104 ], [ 92.128457059000198, 21.794510694 ], [ 92.127216389000182, 21.794224159 ], [ 92.126631934000045, 21.793930077000027 ], [ 92.125644041000157, 21.793576164000115 ], [ 92.125054068000054, 21.793278985000143 ], [ 92.12484635900006, 21.792430555000124 ], [ 92.12484322500012, 21.792218118000051 ], [ 92.124842625999975, 21.792177476000063 ], [ 92.124840957000117, 21.792064363 ], [ 92.124837404000118, 21.791823386999965 ], [ 92.124317889000167, 21.79105797800014 ], [ 92.123452755000187, 21.790624362000131 ], [ 92.122150707000117, 21.79064110000013 ], [ 92.121807492000016, 21.790625430999967 ], [ 92.121618741000134, 21.790616812000053 ], [ 92.12124595400013, 21.790599790000101 ], [ 92.121108780000156, 21.79059352500019 ], [ 92.119017182000107, 21.790013088000023 ], [ 92.117191629000104, 21.789853628000174 ], [ 92.115241259000072, 21.790000522000071 ], [ 92.114134972000102, 21.790014688000156 ], [ 92.113162130000035, 21.790268690000062 ], [ 92.11205702400008, 21.790404733 ], [ 92.111144116000048, 21.790294497000104 ], [ 92.110485392000101, 21.789756574000137 ], [ 92.11034570400011, 21.789090115000135 ], [ 92.110078156000156, 21.788605896000149 ], [ 92.109619044000169, 21.788370198000166 ], [ 92.108775247000096, 21.788563841000098 ], [ 92.107935580000174, 21.788998984000159 ], [ 92.107291970000176, 21.789492564000113 ], [ 92.107223192, 21.789913356000113 ], [ 92.107112825, 21.790589782000154 ], [ 92.106932784000151, 21.791626053000186 ], [ 92.106753029000117, 21.792723274000082 ], [ 92.10663556600008, 21.793575883000017 ], [ 92.106517497000141, 21.794428498000116 ], [ 92.106003470000189, 21.794859476999989 ], [ 92.104078977000199, 21.796825530000035 ], [ 92.103911257000163, 21.797852604000127 ], [ 92.103899803000104, 21.79792274600004 ], [ 92.103702869000131, 21.798880212000086 ], [ 92.103474404000167, 21.799996112000031 ], [ 92.103589333000173, 21.800898055000118 ], [ 92.103621166000039, 21.801147871000182 ], [ 92.103763405000166, 21.802313237000135 ], [ 92.103769457000169, 21.802362820000099 ], [ 92.103849216000071, 21.803395779000027 ], [ 92.103728172000046, 21.804004613000131 ], [ 92.103082723000171, 21.80437856500015 ], [ 92.102495741000098, 21.804605722000019 ], [ 92.10211154000018, 21.804754404000107 ], [ 92.100811732000125, 21.804892857000084 ], [ 92.099965155000177, 21.80490362900008 ], [ 92.099435486000118, 21.804910364000023 ], [ 92.099119181000162, 21.804914385000075 ], [ 92.098975690000088, 21.804761823999968 ], [ 92.098722607000184, 21.804492744000129 ], [ 92.098646720000033, 21.803764507000153 ], [ 92.098248407000199, 21.803223231000118 ], [ 92.097789528000192, 21.803046195000036 ], [ 92.097204, 21.803053633000161 ], [ 92.096555874000046, 21.803244732000053 ], [ 92.09628736600007, 21.803284133000034 ], [ 92.096101151000198, 21.803311458000053 ], [ 92.095059403000164, 21.803324682000095 ], [ 92.094810822000113, 21.803312032000122 ], [ 92.094457595999984, 21.803294630000096 ], [ 92.094082031000084, 21.803276125000082 ], [ 92.092910368000048, 21.803290979000053 ], [ 92.092085479000104, 21.803591697000059 ], [ 92.090838061000113, 21.804046438000114 ], [ 92.089609659000075, 21.804608330000065 ], [ 92.089094084000124, 21.804980587000045 ], [ 92.088902825000048, 21.805003324999973 ], [ 92.08831607400009, 21.805076009000118 ], [ 92.087989432000199, 21.805116472 ], [ 92.087297169000067, 21.805218020000098 ], [ 92.087079957000185, 21.805249882000055 ], [ 92.086296867000044, 21.805137866 ], [ 92.085639884000159, 21.804719479000141 ], [ 92.085200317000101, 21.80462344100016 ], [ 92.085117270000069, 21.804606427000181 ], [ 92.084466470000052, 21.80461464800004 ], [ 92.083044014000109, 21.805300852000187 ], [ 92.082539813000039, 21.806460850000065 ], [ 92.082321527000147, 21.807156747000192 ], [ 92.082271789000117, 21.807315310000035 ], [ 92.082231775000139, 21.807442871000035 ], [ 92.082170142000109, 21.807639325000139 ], [ 92.082124499000145, 21.807784808000179 ], [ 92.082089742000051, 21.807895591000033 ], [ 92.082041809000089, 21.808049713000173 ], [ 92.081813355000179, 21.808445696000149 ], [ 92.081406786, 21.809150404000036 ], [ 92.08101817700009, 21.80927721200004 ], [ 92.080936663000102, 21.80928275600013 ], [ 92.080517030000124, 21.809312732000137 ], [ 92.080353006000053, 21.809324449000087 ], [ 92.080313171000057, 21.80932729400007 ], [ 92.080187602000024, 21.809336264000137 ], [ 92.080116467000096, 21.809341345000064 ], [ 92.079977258000042, 21.809351289 ], [ 92.079806371000188, 21.809393602000057 ], [ 92.079199153000047, 21.809543955000152 ], [ 92.078621755000086, 21.810158524000087 ], [ 92.078440618000116, 21.811133837000057 ], [ 92.078349802000048, 21.811557587000152 ], [ 92.078257716000053, 21.81198726000008 ], [ 92.078270075000091, 21.812843212000189 ], [ 92.07827053900013, 21.812875332000033 ], [ 92.078272643000162, 21.813021055999968 ], [ 92.078292259000136, 21.813168188000077 ], [ 92.078319017000069, 21.813368893000074 ], [ 92.078418378000038, 21.814114163000113 ], [ 92.07855809300014, 21.814834645000019 ], [ 92.078623819000086, 21.814907920000167 ], [ 92.07887434700018, 21.815166025999986 ], [ 92.078910908000125, 21.815203693 ], [ 92.079298901000129, 21.815603417000034 ], [ 92.079550953000194, 21.815863088000128 ], [ 92.080404018000195, 21.816337724000164 ], [ 92.081008940000117, 21.816937135000103 ], [ 92.081130682000094, 21.817057767000108 ], [ 92.081402575000141, 21.817844500000092 ], [ 92.081477816000017, 21.818575016000182 ], [ 92.081486601000165, 21.819182201000046 ], [ 92.081433534000098, 21.819339343000081 ], [ 92.081424583000171, 21.819365849000121 ], [ 92.080776326000091, 21.819554634000042 ], [ 92.080628929000056, 21.819556492 ], [ 92.080421351000098, 21.819559109000124 ], [ 92.080190120000054, 21.819562024000106 ], [ 92.079820132000179, 21.819724721000171 ], [ 92.079478386000176, 21.819875771000056 ], [ 92.079354620000061, 21.820304020000037 ], [ 92.079366038000103, 21.821094038000069 ], [ 92.079966593000165, 21.822120452000036 ], [ 92.080118182000149, 21.82235344500009 ], [ 92.080284590000076, 21.822609214000181 ], [ 92.08063239500018, 21.82314378500007 ], [ 92.080957470000158, 21.823402823000038 ], [ 92.08105686600004, 21.823482027000182 ], [ 92.081159515000081, 21.823563823000029 ], [ 92.081314582, 21.823682255000051 ], [ 92.081447399000069, 21.823783693000109 ], [ 92.081716193000148, 21.824202981000155 ], [ 92.081839346000095, 21.824395085000049 ], [ 92.081889030000127, 21.82447258500008 ], [ 92.082621797000115, 21.825615595000158 ], [ 92.082663423000156, 21.825730443000054 ], [ 92.083215719, 21.82725423800008 ], [ 92.08326036200009, 21.827377405000107 ], [ 92.083375108000155, 21.827683632000117 ], [ 92.083527407000076, 21.827884636000022 ], [ 92.083793005000189, 21.82823516600007 ], [ 92.084098188000155, 21.828637939000089 ], [ 92.084688208000102, 21.828933003000031 ], [ 92.084993608000161, 21.828929143000039 ], [ 92.085143907000031, 21.828927242000134 ], [ 92.085858351000184, 21.828798556000152 ], [ 92.087091078000128, 21.828478189 ], [ 92.088262952000093, 21.828463359000068 ], [ 92.088357471000052, 21.828481779000128 ], [ 92.088851981000062, 21.828578850000099 ], [ 92.089705016000039, 21.829113345 ], [ 92.090208626000162, 21.829570968000098 ], [ 92.090351263000173, 21.829700579000075 ], [ 92.09069493800007, 21.830012868000097 ], [ 92.090968079000049, 21.830921475000025 ], [ 92.090974042000084, 21.83099065000016 ], [ 92.090984294, 21.831109584000046 ], [ 92.090992613000083, 21.831206093000162 ], [ 92.091125148000117, 21.832743618000109 ], [ 92.091129219000038, 21.833023510000146 ], [ 92.091138411000088, 21.833655516000022 ], [ 92.091153448000171, 21.83468930500004 ], [ 92.091459356000087, 21.835045880000166 ], [ 92.091617110000186, 21.835229761000164 ], [ 92.09241009200008, 21.836009858000125 ], [ 92.092809407000118, 21.836614340999972 ], [ 92.093079633000116, 21.837279160000037 ], [ 92.09309379900003, 21.838252 ], [ 92.092721032000043, 21.839471314000036 ], [ 92.092684600000041, 21.839548806000039 ], [ 92.092404981000072, 21.840143571000112 ], [ 92.091954570000041, 21.840515014000061 ], [ 92.09065914100006, 21.84101908700012 ], [ 92.089763560000108, 21.842123113000127 ], [ 92.089128506000122, 21.843226091000076 ], [ 92.088834897000083, 21.84398836400004 ], [ 92.08856400500008, 21.844691650000129 ], [ 92.088387339000178, 21.845971683000073 ], [ 92.088591400000098, 21.846576391000042 ], [ 92.089057752000144, 21.847299683000188 ], [ 92.089136575000168, 21.848271706000048 ], [ 92.088941441000031, 21.849414844000137 ], [ 92.088897010000153, 21.849674450000123 ], [ 92.088857842000152, 21.849789013000077 ], [ 92.088521808000053, 21.85077187800016 ], [ 92.087884941000198, 21.851752969000074 ], [ 92.087771816000156, 21.85187957100004 ], [ 92.087115729000118, 21.852613821000034 ], [ 92.085834905000013, 21.854090699000039 ], [ 92.085330593000037, 21.855250711999986 ], [ 92.085367663999989, 21.85780358 ], [ 92.085443536000071, 21.858531822000032 ], [ 92.08577378800004, 21.858832417000144 ], [ 92.086360431000173, 21.858885946000044 ], [ 92.087207616000171, 21.858936171000039 ], [ 92.087860149000107, 21.858988860000011 ], [ 92.088190654000186, 21.859348142999977 ], [ 92.088205690000166, 21.860381927999981 ], [ 92.088224271, 21.86165948900009 ], [ 92.088006564000011, 21.862242257 ], [ 92.087722615000075, 21.863002337000182 ], [ 92.087220703000128, 21.864286494000112 ], [ 92.087041610000142, 21.86544239 ], [ 92.087381597000103, 21.866411102000086 ], [ 92.087460146000126, 21.867322172000115 ], [ 92.087083160000191, 21.86829997000001 ], [ 92.08637710000005, 21.868977161000032 ], [ 92.085474591000036, 21.869659094000042 ], [ 92.08543622000019, 21.870181083000148 ], [ 92.085420500000112, 21.870388981000133 ], [ 92.085754571000109, 21.870992043000115 ], [ 92.086478938000141, 21.871531461000131 ], [ 92.086878911999975, 21.872133686000154 ], [ 92.087277399000186, 21.872674971000095 ], [ 92.087418872000057, 21.873463336000043 ], [ 92.087373896000088, 21.873572267999975 ], [ 92.087167171000146, 21.874076071 ], [ 92.08671484600012, 21.874323365000066 ], [ 92.086155833000134, 21.874330448000023 ], [ 92.086063731000138, 21.874331615000187 ], [ 92.085606117000111, 21.874215500999981 ], [ 92.085149424000065, 21.874162587000058 ], [ 92.084887085000105, 21.874043999000037 ], [ 92.084365672000047, 21.873989643000129 ], [ 92.084105991000172, 21.874053884000034 ], [ 92.084046861000047, 21.874479060000056 ], [ 92.083992158000058, 21.875208952000037 ], [ 92.084018542000138, 21.87554830300013 ], [ 92.084072469000034, 21.876241912000069 ], [ 92.08421215900006, 21.876908393000065 ], [ 92.084091914000169, 21.87758041800015 ], [ 92.084102506000136, 21.878309486000092 ], [ 92.084109066000167, 21.878760919000058 ], [ 92.084112990000108, 21.879031045000033 ], [ 92.084117526000114, 21.879343271000096 ], [ 92.084261616000163, 21.88031221100016 ], [ 92.084668697000154, 21.881401987000061 ], [ 92.08483226300001, 21.881669181000177 ], [ 92.08491879800016, 21.881810542000039 ], [ 92.084938919000138, 21.881843410999977 ], [ 92.085001940000097, 21.881946358000107 ], [ 92.085153241000114, 21.883368983000082 ], [ 92.08517582200011, 21.884921914000074 ], [ 92.085160484000085, 21.88498669300003 ], [ 92.084930265000139, 21.885958999000025 ], [ 92.084417030000054, 21.8865118330001 ], [ 92.083838243, 21.887006800000108 ], [ 92.082603248000055, 21.887205298000026 ], [ 92.081722249999984, 21.88734527400004 ], [ 92.0813682120002, 21.887401523000165 ], [ 92.080718804000128, 21.887531643999978 ], [ 92.080289263, 21.887790406000079 ], [ 92.080202043000099, 21.887842949000117 ], [ 92.080178013000022, 21.888233931000116 ], [ 92.080172417000142, 21.888325006000116 ], [ 92.080149694000113, 21.888694722000139 ], [ 92.080486448000102, 21.889480623000054 ], [ 92.080564981000066, 21.8903917 ], [ 92.080381147000139, 21.891184177000127 ], [ 92.079281379000122, 21.891744412000037 ], [ 92.078829898000151, 21.892054890000168 ], [ 92.07740103500015, 21.892316751000067 ], [ 92.077143979000198, 21.892440598000121 ], [ 92.076236544000153, 21.892877783000131 ], [ 92.075722400000075, 21.893371910000042 ], [ 92.075212634000195, 21.894168496000077 ], [ 92.075097566000068, 21.895201669000187 ], [ 92.074857260000101, 21.895905367000182 ], [ 92.074788626999975, 21.896106345000078 ], [ 92.074465124000142, 21.896548396000185 ], [ 92.07336239600005, 21.896867069000166 ], [ 92.073255156000016, 21.896956787000136 ], [ 92.072847313000125, 21.897297988 ], [ 92.07261850000009, 21.897739873000091 ], [ 92.072530785000026, 21.897909268000149 ], [ 92.072225106000076, 21.899312829 ], [ 92.071783246000109, 21.90029141500014 ], [ 92.07155785000009, 21.900443543000108 ], [ 92.070041502000038, 21.901466973000083 ], [ 92.069756206000079, 21.901451515000019 ], [ 92.068739996000033, 21.901396452000029 ], [ 92.06821541100004, 21.901368025000068 ], [ 92.067882882000163, 21.901242798999988 ], [ 92.06618497900007, 21.900603376000106 ], [ 92.065041072000042, 21.900953682000136 ], [ 92.064990549000186, 21.900969154 ], [ 92.064931389000094, 21.90098727100019 ], [ 92.064109419000147, 21.901238982000109 ], [ 92.062882124000112, 21.901983582000071 ], [ 92.062705391000122, 21.902184467000097 ], [ 92.062176939000096, 21.902782583000032 ], [ 92.062163406000138, 21.903108178000082 ], [ 92.06212887200013, 21.903939083000182 ], [ 92.062149196, 21.904070668000145 ], [ 92.062344301999985, 21.905333838 ], [ 92.062467937, 21.90602177500017 ], [ 92.062627679000116, 21.906910609000192 ], [ 92.062503204, 21.907338855999967 ], [ 92.062511947000132, 21.907946044000141 ], [ 92.062546258, 21.908226986000102 ], [ 92.062586001, 21.908552409000151 ], [ 92.062856288000091, 21.909219529000097 ], [ 92.062999440000056, 21.910129804000178 ], [ 92.063013413000022, 21.910663328000055 ], [ 92.062699393000173, 21.910420283000121 ], [ 92.062285743000075, 21.910256148000144 ], [ 92.061916829000097, 21.91004856100011 ], [ 92.061592024000106, 21.909711733000108 ], [ 92.061449833000154, 21.909329724000031 ], [ 92.061030680000044, 21.908824757000104 ], [ 92.060614566000083, 21.908489073000055 ], [ 92.060455086, 21.908428510000078 ], [ 92.060378605000153, 21.908399466000162 ], [ 92.060021756000026, 21.908063037000147 ], [ 92.059803609000198, 21.907824205999987 ], [ 92.06001425900007, 21.907541624000089 ], [ 92.060054889000014, 21.907380825000189 ], [ 92.059880294000038, 21.907184342000164 ], [ 92.059492163000186, 21.907069547 ], [ 92.058934597000075, 21.907117167000024 ], [ 92.058810953000147, 21.907477673000187 ], [ 92.058819011000082, 21.908038346000126 ], [ 92.058820134000086, 21.90811646200001 ], [ 92.058827046000147, 21.908597245000124 ], [ 92.058879161000107, 21.909235496000065 ], [ 92.058886112000039, 21.909718894000093 ], [ 92.058895259000167, 21.910355069000047 ], [ 92.058997223000119, 21.911473563000072 ], [ 92.059013873000026, 21.912631507000128 ], [ 92.058950425000148, 21.914192308000054 ], [ 92.058791869000174, 21.915153777000114 ], [ 92.058589807000146, 21.916034515000149 ], [ 92.058089519000134, 21.917081536000182 ] ] ] } },
{ "type": "Feature", "properties": { "adm3_name": "Coxs Bazar Sadar", "adm3_name1": null, "adm3_name2": null, "adm3_name3": null, "adm3_pcode": "BD20220024", "adm2_name": "Cox's Bazar", "adm2_name1": null, "adm2_name2": null, "adm2_name3": null, "adm2_pcode": "BD2022", "adm1_name": "Chattogram", "adm1_name1": null, "adm1_name2": null, "adm1_name3": null, "adm1_pcode": "BD20", "adm0_name": "Bangladesh", "adm0_name1": null, "adm0_name2": null, "adm0_name3": null, "adm0_pcode": "BD", "valid_on": "2023-05-21T00:00:00", "valid_to": null, "area_sqkm": 120.61247215, "version": "v03", "lang": "en", "lang1": null, "lang2": null, "lang3": null, "adm3_ref_name": null, "center_lat": 21.46611549, "center_lon": 92.01564253, "location/upazila": "coxs_bazar_sadar", "n_sites": 4, "avg_shelter_severity": 22.0, "avg_water_severity": 87.5, "avg_protection_count": 1.0, "pct_health_priority": 75.0, "protection_severity": 50.0, "needs_score": 56.0, "synthetic_upazila_slug": "coxs_bazar_sadar", "official_adm3_name": "Coxs Bazar Sadar", "official_adm3_pcode": "BD20220024", "official_adm2_name": "Cox's Bazar", "official_adm2_pcode": "BD2022", "note": null }, "geometry": { "type": "Polygon", "coordinates": [ [ [ 92.01968490600018, 21.54516347200007 ], [ 92.019175501000177, 21.545265222000126 ], [ 92.018135938000057, 21.545500145000119 ], [ 92.01702072400019, 21.545217877000027 ], [ 92.015748291000136, 21.54508426100017 ], [ 92.01434037000007, 21.545101280000097 ], [ 92.013287768000055, 21.545113995000179 ], [ 92.012300410000023, 21.54490392800011 ], [ 92.011756624000157, 21.544788231000041 ], [ 92.010978130000069, 21.544622594000089 ], [ 92.010786378000034, 21.544513631000029 ], [ 92.009698131000107, 21.543895229000043 ], [ 92.007649338000135, 21.542073814000048 ], [ 92.007186312000044, 21.541662166000094 ], [ 92.007087756000033, 21.54157454500006 ], [ 92.006563603000131, 21.541108546000146 ], [ 92.004885155000125, 21.540313689000186 ], [ 91.999617160000128, 21.540404046999981 ], [ 91.999621552000121, 21.540372384000136 ], [ 92.000167585999975, 21.535665188000053 ], [ 92.000233845000082, 21.535165303000156 ], [ 92.000301342000057, 21.534656078000012 ], [ 92.000593508000065, 21.532451806999973 ], [ 92.000610674000086, 21.532117719000041 ], [ 92.000778771, 21.528846204 ], [ 92.000785534000158, 21.528424693000034 ], [ 92.000829533000115, 21.5256824760001 ], [ 92.001165547000028, 21.522777228000052 ], [ 92.001420734000135, 21.520841524000105 ], [ 92.001595068000142, 21.519873113000187 ], [ 92.001785099000131, 21.519803711000122 ], [ 92.002342931000101, 21.519599981000113 ], [ 92.004055194000159, 21.517777734999981 ], [ 92.00605025599998, 21.515994972000044 ], [ 92.007369748000087, 21.515270168000086 ], [ 92.005760990000056, 21.513158192000162 ], [ 92.005012865000083, 21.512178284000072 ], [ 92.003696386000115, 21.511670293000066 ], [ 92.001721957000086, 21.510906025000054 ], [ 92.000872857000161, 21.510390148000056 ], [ 92.000615928000116, 21.509970020000139 ], [ 92.000189349000095, 21.509272477000081 ], [ 91.999437766000199, 21.508043466000061 ], [ 91.998629357000198, 21.506138267999972 ], [ 91.998182468000039, 21.50508504600009 ], [ 91.997709639000107, 21.504826558 ], [ 91.997048139000071, 21.504308411000011 ], [ 91.995626329000061, 21.502925596000125 ], [ 91.995348599000124, 21.502564377000169 ], [ 91.994293246000154, 21.501191752000182 ], [ 91.99396891300006, 21.500675713000192 ], [ 91.992763689000128, 21.498758074000079 ], [ 91.99241612600008, 21.498151716000166 ], [ 91.99170679700012, 21.496914202000085 ], [ 91.991518189000146, 21.496585149000111 ], [ 91.990941287000169, 21.495454108999979 ], [ 91.990776899000082, 21.495188354000106 ], [ 91.989857160999975, 21.493701447000092 ], [ 91.988223410999979, 21.491839108000136 ], [ 91.986707200000069, 21.49011069300019 ], [ 91.986609711000085, 21.490002000000175 ], [ 91.984150758999988, 21.487260411000079 ], [ 91.983982219000097, 21.487072494000074 ], [ 91.983158633000187, 21.485762324 ], [ 91.982763655000156, 21.485133976999975 ], [ 91.981987677000063, 21.484281533000171 ], [ 91.980120670000076, 21.482230489000074 ], [ 91.980100075000053, 21.482207862999985 ], [ 91.979138765000073, 21.481715763000125 ], [ 91.978482577000136, 21.481667089000041 ], [ 91.977468255000076, 21.481624909000061 ], [ 91.976812225000174, 21.481632672000103 ], [ 91.97555758600015, 21.480719555000121 ], [ 91.97564150200003, 21.480601195000133 ], [ 91.975890696000192, 21.479227528000081 ], [ 91.976187596000045, 21.477581219000172 ], [ 91.976000657000156, 21.475552333000167 ], [ 91.975432815000033, 21.474817209000093 ], [ 91.975030630999981, 21.47474717900019 ], [ 91.973210333, 21.474510011000064 ], [ 91.971645427000055, 21.474832244000027 ], [ 91.971525025, 21.475086577000184 ], [ 91.971438546000059, 21.475183347000041 ], [ 91.970852618000094, 21.475839001999987 ], [ 91.970714686, 21.475993347000042 ], [ 91.970393290000061, 21.476352986000052 ], [ 91.969693067000151, 21.476480900000183 ], [ 91.968859399999985, 21.476192696000112 ], [ 91.96827816800004, 21.4756621840001 ], [ 91.96769873500017, 21.47531001800013 ], [ 91.967485747000126, 21.475312525000049 ], [ 91.966932995000036, 21.475319031000026 ], [ 91.966149247000033, 21.475301557000023 ], [ 91.965209588000164, 21.475280601000065 ], [ 91.964684923, 21.475022486000114 ], [ 91.963876722, 21.474624877000167 ], [ 91.963667719000057, 21.474522028000081 ], [ 91.963338462000081, 21.474423683000055 ], [ 91.962482222000119, 21.474167929000032 ], [ 91.960782908, 21.47309057700005 ], [ 91.959190104000015, 21.471328155000094 ], [ 91.959072714000115, 21.471198262000087 ], [ 91.95870883900011, 21.470912782000084 ], [ 91.958315301000198, 21.470604029000185 ], [ 91.956492456000092, 21.469173867000166 ], [ 91.955395172000124, 21.468549714000119 ], [ 91.954791227000158, 21.468206175000034 ], [ 91.954435018000083, 21.468003551000152 ], [ 91.953855330000067, 21.46771043200016 ], [ 91.953509782000083, 21.467535705000159 ], [ 91.951512646000197, 21.466951790000053 ], [ 91.950768237000148, 21.466734135000081 ], [ 91.949205247000179, 21.466298347000077 ], [ 91.948972673000071, 21.466085999000143 ], [ 91.948586365000097, 21.465926817000081 ], [ 91.948092689000134, 21.465660159000038 ], [ 91.947567364000065, 21.465556957000047 ], [ 91.946820589000197, 21.465838063000035 ], [ 91.94661979, 21.465711365 ], [ 91.946192597000106, 21.464684048000038 ], [ 91.946015193000164, 21.464012257000149 ], [ 91.946037825000076, 21.463409824000109 ], [ 91.946300871000176, 21.461881028999983 ], [ 91.946593816000188, 21.460874004000061 ], [ 91.947526870000104, 21.458612774000017 ], [ 91.948779481000088, 21.456829909000078 ], [ 91.949798029000192, 21.455682999000032 ], [ 91.950948298000071, 21.454809602000125 ], [ 91.951341593000166, 21.453854942000191 ], [ 91.951682268000184, 21.45302799500007 ], [ 91.951719962000141, 21.452923590000069 ], [ 91.951888607000114, 21.452456465000012 ], [ 91.952404537000177, 21.451027396000029 ], [ 91.952617905000068, 21.450436383000067 ], [ 91.952738648000036, 21.450219427000036 ], [ 91.953187037000077, 21.449413735000178 ], [ 91.953527778000137, 21.448801464000042 ], [ 91.953870686000073, 21.44818529600002 ], [ 91.954063510000026, 21.447838811000054 ], [ 91.954109230000086, 21.447755696 ], [ 91.954431857000088, 21.447169177999967 ], [ 91.955359745000123, 21.445482304000052 ], [ 91.955909020000149, 21.444585780000125 ], [ 91.956081999000162, 21.444303442000034 ], [ 91.956810134000136, 21.443114962000095 ], [ 91.957441920000178, 21.442629814000099 ], [ 91.958248497, 21.441867666000121 ], [ 91.958934259000102, 21.441233127000089 ], [ 91.958937766000133, 21.440915699000129 ], [ 91.959065737000117, 21.440765805000126 ], [ 91.960270279000156, 21.439405349000026 ], [ 91.96088523700007, 21.438787693000108 ], [ 91.961408141000163, 21.438233252000146 ], [ 91.961805861000187, 21.437811542000077 ], [ 91.962712975000102, 21.437056073000178 ], [ 91.963042683000197, 21.436781483000175 ], [ 91.963122257000066, 21.436714339000105 ], [ 91.963863116000141, 21.43608920600019 ], [ 91.966729927000131, 21.432641275000094 ], [ 91.967971904000137, 21.431202033000034 ], [ 91.971764896000082, 21.427083599000127 ], [ 91.971939501, 21.426782850000052 ], [ 91.972956704000069, 21.425564149000024 ], [ 91.974462094000103, 21.424124800000016 ], [ 91.974841340000069, 21.423902474000101 ], [ 91.975026723000042, 21.423691796000071 ], [ 91.975793663000047, 21.422820196000089 ], [ 91.975829955000052, 21.422778952000044 ], [ 91.976999885000055, 21.421796752000148 ], [ 91.977444743000092, 21.421423272000141 ], [ 91.97762589000007, 21.421358424000118 ], [ 91.977642702000196, 21.421157144000176 ], [ 91.978031860000101, 21.420493036000096 ], [ 91.979073776000121, 21.419410940000091 ], [ 91.979321752000033, 21.419153399000038 ], [ 91.97996508500006, 21.418298211000149 ], [ 91.979992288000119, 21.418261942000072 ], [ 91.980549053000061, 21.417538498000056 ], [ 91.981185449000122, 21.41704350800012 ], [ 91.981380596000065, 21.416754455000103 ], [ 91.981427448000034, 21.416538843000069 ], [ 91.982117976000097, 21.41570628400018 ], [ 91.982628416000068, 21.415462687000172 ], [ 91.98291418000008, 21.415141295000069 ], [ 91.983230314000139, 21.414692873999968 ], [ 91.983476367000151, 21.414343858000052 ], [ 91.983594400000072, 21.414176432999966 ], [ 91.983897593, 21.413807308000059 ], [ 91.983962975999987, 21.413727708000067 ], [ 91.98434756000006, 21.413259491000133 ], [ 91.984518250000121, 21.412672034000138 ], [ 91.984642850000114, 21.412479120000114 ], [ 91.984868181000195, 21.412130244000025 ], [ 91.985202769000182, 21.411397473000079 ], [ 91.985516362000112, 21.410999483000182 ], [ 91.985907301000054, 21.410660316000133 ], [ 91.986024828000097, 21.41077477000016 ], [ 91.986191568000038, 21.410772793000092 ], [ 91.986300546000166, 21.410771502000046 ], [ 91.986440386000197, 21.410734001000094 ], [ 91.986578933000033, 21.410600934000172 ], [ 91.986608216000036, 21.410590748000061 ], [ 91.986715929000127, 21.410164415 ], [ 91.986918419, 21.409853765000094 ], [ 91.987036618000104, 21.409536945000127 ], [ 91.987208104000104, 21.409197988000074 ], [ 91.987442177000048, 21.40895864800018 ], [ 91.987622933000068, 21.408813920000114 ], [ 91.987645076000035, 21.408654219000141 ], [ 91.987680498000088, 21.408398731000148 ], [ 91.9882759730001, 21.407147618000067 ], [ 91.989879434000159, 21.404931747000148 ], [ 91.990242460000161, 21.404532626000048 ], [ 91.991286972000069, 21.403384242000072 ], [ 91.993494848000182, 21.400587679000068 ], [ 91.993930736000152, 21.400056442000107 ], [ 91.994242036000173, 21.399677051000026 ], [ 91.994555872000035, 21.39929456800013 ], [ 91.995000865000179, 21.398752233999971 ], [ 91.995133701000157, 21.398578087999965 ], [ 91.995384197000078, 21.398249688000135 ], [ 91.996086137000077, 21.397329439000146 ], [ 91.996655401999988, 21.396583116000102 ], [ 91.997812459999977, 21.395374957000058 ], [ 91.998698958000148, 21.394700586000113 ], [ 91.999304463000101, 21.395443065 ], [ 92.000915439000153, 21.395656283000051 ], [ 92.001872963000153, 21.395687749 ], [ 92.001937898999984, 21.395145104000164 ], [ 92.00243479400018, 21.395209160000093 ], [ 92.003194440000129, 21.3957185430001 ], [ 92.003701803000126, 21.396058753000148 ], [ 92.004519523000113, 21.395795710000129 ], [ 92.004933753000103, 21.395662458000118 ], [ 92.006326167000168, 21.394040513000164 ], [ 92.006703131000108, 21.393663469000046 ], [ 92.007187431000034, 21.393706270000109 ], [ 92.007480106000173, 21.393732136000096 ], [ 92.007874676000142, 21.39396553000006 ], [ 92.009384801000124, 21.394424890000039 ], [ 92.010107180000148, 21.39517838200004 ], [ 92.010656018000077, 21.395750852000162 ], [ 92.011559042000158, 21.396692743000017 ], [ 92.012055243000077, 21.397063114000048 ], [ 92.012237732000187, 21.397199325000031 ], [ 92.012835066000036, 21.397645177000129 ], [ 92.014535965, 21.398879233000116 ], [ 92.01708564400019, 21.400604853000061 ], [ 92.018098787000099, 21.40191883000017 ], [ 92.019464726000081, 21.403837869000029 ], [ 92.020018115000084, 21.405231283000035 ], [ 92.020316726000033, 21.40598316400019 ], [ 92.020441420000054, 21.40637225200004 ], [ 92.021284700000194, 21.407032639000079 ], [ 92.022545622000052, 21.407687980000048 ], [ 92.023400803000015, 21.408161630000109 ], [ 92.023554524000076, 21.408246769000186 ], [ 92.023626762000163, 21.408286779000093 ], [ 92.024889261000112, 21.409054971000046 ], [ 92.025310123999986, 21.409327588000167 ], [ 92.026154968000071, 21.410098558000186 ], [ 92.026508795000154, 21.41078579100008 ], [ 92.02658356, 21.410931005 ], [ 92.027067324000086, 21.411972419000051 ], [ 92.027382444000068, 21.412650780000149 ], [ 92.027416152000171, 21.413131747000023 ], [ 92.027418548000185, 21.413165925000044 ], [ 92.027701098000136, 21.413092108000058 ], [ 92.027813898000034, 21.413083107000091 ], [ 92.027841212000169, 21.41306124800019 ], [ 92.027868659000035, 21.413089357999979 ], [ 92.027963718000194, 21.413271894 ], [ 92.027969659000064, 21.413360395000154 ], [ 92.027948865000099, 21.413435069000116 ], [ 92.027895394000041, 21.413534633000154 ], [ 92.027895394000041, 21.413598244000184 ], [ 92.027925100000175, 21.413667386000043 ], [ 92.028040954000176, 21.413719934000142 ], [ 92.028385545000162, 21.413769716000161 ], [ 92.028629135000074, 21.413789076000171 ], [ 92.028670725000154, 21.413844390000122 ], [ 92.028685577000147, 21.414024160000054 ], [ 92.028685577000147, 21.414170741000021 ], [ 92.028682607000064, 21.414333915000043 ], [ 92.028658841000038, 21.414439009000034 ], [ 92.028578353000171, 21.414541390000068 ], [ 92.028396833000045, 21.414706173000127 ], [ 92.028355245000171, 21.414782505 ], [ 92.028362374000153, 21.414827862000152 ], [ 92.028382573000101, 21.414918577000094 ], [ 92.028388028000109, 21.415019008000172 ], [ 92.028419224000061, 21.415051575000064 ], [ 92.028462001000094, 21.415131225000096 ], [ 92.028486953000026, 21.415195387999972 ], [ 92.028512502000126, 21.415280571000039 ], [ 92.028532559999974, 21.41537094600011 ], [ 92.028523195000048, 21.415532797000139 ], [ 92.028518443000166, 21.415668867000022 ], [ 92.028531862000136, 21.415864078000084 ], [ 92.028588875000139, 21.416014352000104 ], [ 92.028618106000124, 21.416086367999981 ], [ 92.028669438000122, 21.416170333000082 ], [ 92.028702969000165, 21.416338660000065 ], [ 92.028724357000158, 21.416484686000103 ], [ 92.028724358000034, 21.416594205000024 ], [ 92.02891338500018, 21.416701998000121 ], [ 92.02922425100013, 21.416843190000066 ], [ 92.029250964000084, 21.416855323000107 ], [ 92.029597716000183, 21.416979180000169 ], [ 92.029653235000069, 21.417299459000105 ], [ 92.029684554000085, 21.417602925000153 ], [ 92.029771297000082, 21.417833023000185 ], [ 92.029904283000064, 21.417971481000109 ], [ 92.030049931000065, 21.418111341000099 ], [ 92.030093139000087, 21.418213897999976 ], [ 92.030162550000057, 21.418455236000057 ], [ 92.030218398000045, 21.418597497 ], [ 92.030251916000168, 21.418719842000087 ], [ 92.030324890000145, 21.418986207000046 ], [ 92.030381393000141, 21.419170320000092 ], [ 92.030396779000171, 21.419220453000037 ], [ 92.030427262999979, 21.419339063000109 ], [ 92.030891175000193, 21.419414533000122 ], [ 92.031231989000162, 21.419469976000187 ], [ 92.031326116000059, 21.419498437000129 ], [ 92.031590948000087, 21.419578512000101 ], [ 92.031659108000042, 21.420191792000026 ], [ 92.03154827100019, 21.420807244000173 ], [ 92.031257762000052, 21.421178633000068 ], [ 92.031197022000185, 21.421256282 ], [ 92.031083870000089, 21.42170468900008 ], [ 92.031448840000053, 21.422203741000146 ], [ 92.032102416000157, 21.422082923000119 ], [ 92.032513903000165, 21.421630895000192 ], [ 92.033287624000138, 21.421567317999973 ], [ 92.033827123000094, 21.421784284000182 ], [ 92.033921716, 21.421934695000118 ], [ 92.034314683000105, 21.422559543000091 ], [ 92.034566494000103, 21.42350473900018 ], [ 92.035112947000073, 21.424222834000147 ], [ 92.035327924000057, 21.424728214000027 ], [ 92.035378417000061, 21.42484725700001 ], [ 92.035420810000062, 21.424946073000058 ], [ 92.03590992200003, 21.425831937000169 ], [ 92.036454859000116, 21.426439417000154 ], [ 92.037350258, 21.426541411000073 ], [ 92.038004452000166, 21.426420563000022 ], [ 92.03871359700014, 21.425965323000185 ], [ 92.039599754000164, 21.425396442000078 ], [ 92.039776441000129, 21.425227217000042 ], [ 92.040667157000087, 21.424992847000169 ], [ 92.041324478000035, 21.425097723000135 ], [ 92.04227718400017, 21.425029663000032 ], [ 92.043103578000171, 21.424461920000056 ], [ 92.04399256, 21.424060482000016 ], [ 92.044354885000075, 21.423896755999976 ], [ 92.044880936000141, 21.423659046000068 ], [ 92.045540547000087, 21.423928692000175 ], [ 92.045628689000125, 21.424024698000096 ], [ 92.046145969000122, 21.42459184300003 ], [ 92.046634385000175, 21.425423495000132 ], [ 92.047132796000142, 21.425871239 ], [ 92.047358394000128, 21.426073901000109 ], [ 92.048315735000017, 21.42629473900007 ], [ 92.049319477000154, 21.426118392000149 ], [ 92.049683188000131, 21.426054490000183 ], [ 92.050867562000064, 21.425482327000168 ], [ 92.051517857000135, 21.425083775000076 ], [ 92.052223297000069, 21.424404584000115 ], [ 92.052327045000141, 21.423287992999974 ], [ 92.052196002000187, 21.42245198400019 ], [ 92.051228503000175, 21.421459145000028 ], [ 92.050682741000116, 21.420795284000064 ], [ 92.050671834000013, 21.420014242000093 ], [ 92.051192216000118, 21.419508911000094 ], [ 92.052925787999982, 21.419548628000143 ], [ 92.053112792000036, 21.419817265000063 ], [ 92.053709856000069, 21.419902726000089 ], [ 92.054187911000099, 21.41997115099997 ], [ 92.054215664000139, 21.419979460000036 ], [ 92.055086216000063, 21.420240090000107 ], [ 92.055794724000066, 21.420231394000098 ], [ 92.056277729000158, 21.420225465000101 ], [ 92.057119362000037, 21.420278346000089 ], [ 92.057769721000113, 21.420317767000085 ], [ 92.059144156000059, 21.420580832999974 ], [ 92.059792575000188, 21.420874508000054 ], [ 92.059983754000086, 21.420961093000187 ], [ 92.06004144800005, 21.420975031000125 ], [ 92.061299893000182, 21.421279042000094 ], [ 92.061637399000062, 21.421318406000182 ], [ 92.06261312100014, 21.421432202000176 ], [ 92.063752618000194, 21.421919375000073 ], [ 92.064041404000079, 21.422073554000121 ], [ 92.064773583000033, 21.422464446000163 ], [ 92.065622443000109, 21.423458660000165 ], [ 92.065931961000103, 21.424292456000046 ], [ 92.065826764, 21.425298437000038 ], [ 92.066014406000079, 21.425910221000038 ], [ 92.066509992000078, 21.426082203000078 ], [ 92.066793428000096, 21.426180563000059 ], [ 92.067387315000076, 21.426060345000053 ], [ 92.067556112000091, 21.425333535000107 ], [ 92.067008709000049, 21.424559124999973 ], [ 92.066879935000031, 21.423890171999972 ], [ 92.067179251000084, 21.423827777000042 ], [ 92.068009257000199, 21.423652717000152 ], [ 92.068367450000096, 21.423704736000104 ], [ 92.06908686700001, 21.424151904000155 ], [ 92.069283201000133, 21.425697991000106 ], [ 92.06929096500005, 21.425759131000177 ], [ 92.06888725500005, 21.426712357000156 ], [ 92.06884330400004, 21.427828212 ], [ 92.068778112000132, 21.428108891000079 ], [ 92.068413643000099, 21.429678070000136 ], [ 92.068322662000128, 21.430558711000117 ], [ 92.068202515000053, 21.4317216500001 ], [ 92.068175414, 21.432015395000178 ], [ 92.068133903000046, 21.432465289000106 ], [ 92.067626159000156, 21.434541877000129 ], [ 92.067201730000079, 21.434892188999981 ], [ 92.066829608000035, 21.435199324000109 ], [ 92.066801406000195, 21.435222601000135 ], [ 92.066696675000173, 21.435395569999969 ], [ 92.066486516000055, 21.435742659000027 ], [ 92.066393719000132, 21.435895917000096 ], [ 92.065894639000021, 21.437703129000056 ], [ 92.065883210000095, 21.437744515000077 ], [ 92.065780360000076, 21.438917534999973 ], [ 92.065256488999978, 21.439818055000046 ], [ 92.064970317000132, 21.440065073000085 ], [ 92.064667407000115, 21.440326537000033 ], [ 92.064324105000139, 21.441335452000146 ], [ 92.065114398000048, 21.442443271000059 ], [ 92.065032648000056, 21.443224958000144 ], [ 92.065009191000172, 21.443449250000072 ], [ 92.064061090000109, 21.443851534000089 ], [ 92.063342254000133, 21.443580442000041 ], [ 92.062911986000074, 21.442693949000159 ], [ 92.062962232000132, 21.442022790000124 ], [ 92.062928153000087, 21.441614562000098 ], [ 92.062261391000163, 21.441616009000143 ], [ 92.062242508000111, 21.441655252000089 ], [ 92.061952109000174, 21.442258755000069 ], [ 92.061724198000036, 21.4429862880001 ], [ 92.061994173000073, 21.443989644000169 ], [ 92.062038443000176, 21.444154169 ], [ 92.062504775000036, 21.444860874000142 ], [ 92.062586698000189, 21.444985024000118 ], [ 92.062900194000179, 21.446098729000141 ], [ 92.062734308000131, 21.446992569000031 ], [ 92.06250146800005, 21.447822806999966 ], [ 92.06248043800008, 21.447897797000167 ], [ 92.062633140000116, 21.448988918999987 ], [ 92.062720985000169, 21.449427492000154 ], [ 92.06267022500009, 21.450173623000182 ], [ 92.062310869000157, 21.450793005999969 ], [ 92.06229592699998, 21.45100222800005 ], [ 92.061955782000041, 21.451532832000112 ], [ 92.061914334000164, 21.451597488000118 ], [ 92.061861151000073, 21.45217161 ], [ 92.061830802000145, 21.452917488000082 ], [ 92.061887181000088, 21.453149242000052 ], [ 92.062038985000072, 21.453773262000027 ], [ 92.062239942000076, 21.454422568999973 ], [ 92.062574125000083, 21.454953683000042 ], [ 92.062826648000112, 21.455485802000112 ], [ 92.063762861000043, 21.45671676 ], [ 92.064465896000058, 21.457338893000042 ], [ 92.064962348999984, 21.457791536000116 ], [ 92.065068200000155, 21.458057846000145 ], [ 92.06448393300019, 21.458619408000061 ], [ 92.06420695700001, 21.458818959000155 ], [ 92.063746568000056, 21.45915065000014 ], [ 92.06306177600004, 21.459133959999974 ], [ 92.062632759000167, 21.459120137000184 ], [ 92.062100047000115, 21.458992898000076 ], [ 92.061753503000091, 21.459035401000108 ], [ 92.061531610000088, 21.459229291000156 ], [ 92.061343332000149, 21.459542249000094 ], [ 92.061172444000022, 21.459826298999985 ], [ 92.061142364000034, 21.460591290000139 ], [ 92.061027121000166, 21.461108828000135 ], [ 92.061015575000113, 21.461739782000109 ], [ 92.061074291000182, 21.462229792000187 ], [ 92.0611034920002, 21.462473487000182 ], [ 92.061232288000042, 21.46314243900008 ], [ 92.061433744000169, 21.463404108000191 ], [ 92.061657317000083, 21.463694853000163 ], [ 92.061864012000058, 21.464068579000184 ], [ 92.06193442, 21.464195978000134 ], [ 92.062006504000124, 21.464330100000041 ], [ 92.062030813000092, 21.464375330000053 ], [ 92.062147810000113, 21.46459301800013 ], [ 92.062151109000126, 21.464634743000147 ], [ 92.062218202000054, 21.465417340000101 ], [ 92.062210236000112, 21.465695015999984 ], [ 92.062437508000073, 21.466591351000034 ], [ 92.062499269000114, 21.466834925000114 ], [ 92.062533569000152, 21.466970198000183 ], [ 92.062832872000115, 21.467922280000096 ], [ 92.063129219000189, 21.468664125000089 ], [ 92.063507779000076, 21.469443187000081 ], [ 92.063656360000039, 21.46984277700011 ], [ 92.063664977000144, 21.470454366000183 ], [ 92.063616874000161, 21.470655197000156 ], [ 92.063568541000166, 21.470856981000168 ], [ 92.063163409000197, 21.471091367000042 ], [ 92.062916506000079, 21.470960605000016 ], [ 92.062230629000112, 21.470746083000051 ], [ 92.0606610910001, 21.470319383000117 ], [ 92.059965800000043, 21.470251490000066 ], [ 92.059028177000187, 21.47037773400001 ], [ 92.057392554000103, 21.470996052000032 ], [ 92.057346198000175, 21.471013577000178 ], [ 92.056517631000077, 21.471326793000117 ], [ 92.05645804500017, 21.471349318000136 ], [ 92.056047113000091, 21.471801401000164 ], [ 92.05606783200011, 21.471891979000191 ], [ 92.056174317000114, 21.472357492000071 ], [ 92.056719521000105, 21.472964881000109 ], [ 92.057264731000089, 21.473572270000034 ], [ 92.057990562000043, 21.474288059 ], [ 92.059012685000141, 21.474889568000151 ], [ 92.060036405000119, 21.475603934000105 ], [ 92.060999618000153, 21.476260342000046 ], [ 92.061543301000086, 21.476757103000011 ], [ 92.061555092000106, 21.47759456700004 ], [ 92.061258685000155, 21.477914303000034 ], [ 92.061231356000121, 21.477943810000056 ], [ 92.061861125000064, 21.478533933000108 ], [ 92.061844503000145, 21.479051532000085 ], [ 92.061666987000194, 21.479498156000091 ], [ 92.061711747000174, 21.480501165000192 ], [ 92.062280860000101, 21.480578967000042 ], [ 92.062710478000099, 21.480631011000071 ], [ 92.063215255000046, 21.480581769000082 ], [ 92.063867520000088, 21.480129281000131 ], [ 92.064293499000087, 21.479923307000149 ], [ 92.064848088000076, 21.479695434000064 ], [ 92.065447377000169, 21.47983139300004 ], [ 92.065846162000014, 21.479869473000122 ], [ 92.066244340000139, 21.479864550000173 ], [ 92.066688867000039, 21.479887726000129 ], [ 92.067547898000157, 21.479977455000039 ], [ 92.067838064000171, 21.479916519000142 ], [ 92.06807061700016, 21.480114353000147 ], [ 92.068319092000195, 21.480354998999985 ], [ 92.068687250000096, 21.480393451000168 ], [ 92.0693961730002, 21.480236246 ], [ 92.069886384000199, 21.480616239000142 ], [ 92.070367260000182, 21.480890235000061 ], [ 92.070965124000111, 21.480993455000089 ], [ 92.071561423000162, 21.480986061000181 ], [ 92.072690368, 21.480692108000085 ], [ 92.073282732000166, 21.480407062000154 ], [ 92.073747784000091, 21.479563686000176 ], [ 92.074645086000089, 21.479776062000155 ], [ 92.074953038, 21.480442773000163 ], [ 92.075496145999978, 21.480937234000123 ], [ 92.076216560000091, 21.481262422000043 ], [ 92.076167179000038, 21.481990013000086 ], [ 92.076474339000185, 21.482600289000118 ], [ 92.076718041000106, 21.482987840000135 ], [ 92.076725879000037, 21.483540157000107 ], [ 92.077031518000013, 21.484042800000054 ], [ 92.07715981400014, 21.484711738000158 ], [ 92.077355517000115, 21.485881045000156 ], [ 92.077368698000043, 21.486163770000189 ], [ 92.077441357000112, 21.487722251000093 ], [ 92.077946826000073, 21.489725305000093 ], [ 92.077932185, 21.489883526000142 ], [ 92.077895052000088, 21.49028359800019 ], [ 92.077598789000149, 21.490400168000065 ], [ 92.077550514000166, 21.490355616000102 ], [ 92.077296344999979, 21.49012397600012 ], [ 92.076698442000179, 21.490020786000116 ], [ 92.076336911, 21.489745326000047 ], [ 92.076161127000034, 21.489426406000121 ], [ 92.075969839000038, 21.489079355000115 ], [ 92.075543881000158, 21.488470555 ], [ 92.074940447000131, 21.487976844000116 ], [ 92.074344120000092, 21.487984251000114 ], [ 92.07407308, 21.487962509000056 ], [ 92.073894622000182, 21.487948192000033 ], [ 92.073149902000011, 21.487888448000092 ], [ 92.073123049, 21.487885398000174 ], [ 92.073095839000075, 21.487882306000131 ], [ 92.072254114000145, 21.48778668 ], [ 92.071837666000192, 21.48784828700002 ], [ 92.071242139, 21.487912114000096 ], [ 92.070048684000142, 21.487870463000093 ], [ 92.068797135000011, 21.487942412000109 ], [ 92.068213807000063, 21.48798754500001 ], [ 92.067963403000135, 21.488006919000043 ], [ 92.067225421000046, 21.488214467000148 ], [ 92.067192032000037, 21.488223857000037 ], [ 92.067132061000109, 21.488240723 ], [ 92.066792581000072, 21.488421 ], [ 92.065948071000037, 21.488869462000082 ], [ 92.064998130000049, 21.489161163000119 ], [ 92.063922841000135, 21.489376502000084 ], [ 92.063808613000106, 21.489399377000154 ], [ 92.06285547900012, 21.489465334000158 ], [ 92.062732921000077, 21.489643011000055 ], [ 92.062621446000037, 21.489804622000179 ], [ 92.06226779800005, 21.490086688000076 ], [ 92.062157857000102, 21.490758582000069 ], [ 92.06192283300004, 21.490984996000122 ], [ 92.061750047000146, 21.491434154 ], [ 92.061763677000044, 21.492401430000086 ], [ 92.061767319000126, 21.492659873999969 ], [ 92.061564707000059, 21.492790514000149 ], [ 92.061235404000115, 21.493002837 ], [ 92.061100393, 21.493230847000063 ], [ 92.060769445000176, 21.493789752000055 ], [ 92.060482763000095, 21.494630897000093 ], [ 92.060494434000077, 21.495459330000131 ], [ 92.060496121000142, 21.495578969 ], [ 92.059963395000125, 21.495865496000192 ], [ 92.059611316000201, 21.496260420000169 ], [ 92.059322843000018, 21.496932260000165 ], [ 92.05921053600008, 21.497437112 ], [ 92.05916622500007, 21.497914244000071 ], [ 92.059158688000025, 21.49799540600003 ], [ 92.059520975000112, 21.498325078000107 ], [ 92.059685581000053, 21.498660094000115 ], [ 92.059766858000103, 21.498825513000043 ], [ 92.059777856000096, 21.499606543000027 ], [ 92.059618123000121, 21.499883226000065 ], [ 92.05948642400017, 21.500111349000065 ], [ 92.059260027000164, 21.500951748000034 ], [ 92.059273407000035, 21.501902077000068 ], [ 92.059639615000151, 21.50250939700004 ], [ 92.059887065000169, 21.503120441000135 ], [ 92.060371945000156, 21.503674367000144 ], [ 92.060162893000097, 21.504251793000151 ], [ 92.060061463000068, 21.504531955000061 ], [ 92.060027104000142, 21.504626856000186 ], [ 92.059706738999978, 21.505299152000191 ], [ 92.05967971400014, 21.505355866000116 ], [ 92.05878620600015, 21.505423331000088 ], [ 92.058361056000138, 21.504870920000144 ], [ 92.057756808000022, 21.504320715000176 ], [ 92.057332425000197, 21.503822478000075 ], [ 92.056729653000048, 21.503838404000135 ], [ 92.056443020000074, 21.504224017000126 ], [ 92.05645400800006, 21.505005050000022 ], [ 92.056528631000106, 21.506065251000109 ], [ 92.056124778000196, 21.507075793000013 ], [ 92.055657081000106, 21.507694761000096 ], [ 92.055122719000167, 21.507868412000164 ], [ 92.054285150000055, 21.507711650000147 ], [ 92.053438767000102, 21.506884454000101 ], [ 92.052715123000098, 21.506335699999966 ], [ 92.051517428000182, 21.505959841000049 ], [ 92.050616440000056, 21.506009911000149 ], [ 92.050265671000091, 21.506029403000127 ], [ 92.047466649000114, 21.506343713000035 ], [ 92.045500091000122, 21.506408305000036 ], [ 92.044724788, 21.506433763000189 ], [ 92.043414894000193, 21.506616872000166 ], [ 92.043371697000055, 21.506644573000074 ], [ 92.04252836600017, 21.50718537900002 ], [ 92.042456501000174, 21.507545317000165 ], [ 92.042416752000179, 21.507744400000036 ], [ 92.042845010000121, 21.508522588000119 ], [ 92.043691161000197, 21.509293402000083 ], [ 92.044117822000089, 21.509956462000105 ], [ 92.044193152000105, 21.511073108000119 ], [ 92.04421891800007, 21.512915090000092 ], [ 92.044123696000042, 21.514645667000025 ], [ 92.043782455000098, 21.515821603000177 ], [ 92.043496427000093, 21.516719160999969 ], [ 92.043549692000113, 21.517120383000133 ], [ 92.043629889000101, 21.517722210000102 ], [ 92.043935616999988, 21.518276121000042 ], [ 92.044658684000069, 21.518491102000155 ], [ 92.0454309590001, 21.518535496000084 ], [ 92.046324589000164, 21.518470354000044 ], [ 92.047545705000118, 21.518344868000099 ], [ 92.048170734000053, 21.518280634000121 ], [ 92.049244239000132, 21.518267453000192 ], [ 92.050063009000041, 21.518541867000181 ], [ 92.050118777000193, 21.518561502000125 ], [ 92.050236259000144, 21.519539906000034 ], [ 92.050324450000062, 21.520193556000152 ], [ 92.050241837000044, 21.520968965000066 ], [ 92.049458801000128, 21.522511570000063 ], [ 92.049472390000062, 21.522889066000062 ], [ 92.049482523000108, 21.523170530000073 ], [ 92.05084279700003, 21.523171875000116 ], [ 92.052147567000191, 21.524589476000074 ], [ 92.05254904300017, 21.525471813000138 ], [ 92.052982002000022, 21.525949862000175 ], [ 92.053202221000049, 21.526193013000125 ], [ 92.053325284000039, 21.526443289000042 ], [ 92.05349905300011, 21.526796683000157 ], [ 92.052978264999979, 21.527769389000184 ], [ 92.052194980000138, 21.528521814000158 ], [ 92.051148949000151, 21.529035890000046 ], [ 92.051334168000096, 21.529424195000161 ], [ 92.051679063000165, 21.529547799000056 ], [ 92.05213205300015, 21.529710140000077 ], [ 92.052230388, 21.529708931000073 ], [ 92.052368485000159, 21.529707231000089 ], [ 92.05316297700017, 21.529622948000167 ], [ 92.053780399000118, 21.52852939200011 ], [ 92.054497617000095, 21.52831285100001 ], [ 92.054648311000165, 21.529033459000118 ], [ 92.054815231000134, 21.530006730000082 ], [ 92.054844695000043, 21.530643037000061 ], [ 92.054544623000083, 21.531267605000096 ], [ 92.055056384000068, 21.532010855000124 ], [ 92.056535086000054, 21.532011158000046 ], [ 92.057218444000114, 21.532011293000153 ], [ 92.057086562, 21.532862052000098 ], [ 92.056834559000038, 21.532870222000042 ], [ 92.05620159700004, 21.532890745000088 ], [ 92.056069382000032, 21.532895031000066 ], [ 92.055525138000121, 21.532912674000045 ], [ 92.055445157000179, 21.533830287 ], [ 92.055208977000177, 21.533979948000024 ], [ 92.054811051000115, 21.533910345000038 ], [ 92.054400611000062, 21.53295136600002 ], [ 92.053847204000022, 21.533107191000056 ], [ 92.053238923000094, 21.533381611000038 ], [ 92.052927781000108, 21.533521978000181 ], [ 92.052663881000115, 21.533641032000048 ], [ 92.051805106000188, 21.534690141999988 ], [ 92.051725599000065, 21.534834409000155 ], [ 92.051522507000186, 21.535202923000099 ], [ 92.051451949000182, 21.535330953000027 ], [ 92.051309081000113, 21.535590186000036 ], [ 92.0513186660001, 21.535921796000139 ], [ 92.05130471200016, 21.536051202000181 ], [ 92.051302791000126, 21.536285146000182 ], [ 92.050932478000107, 21.536712200000181 ], [ 92.050900687000023, 21.536748862000024 ], [ 92.050775754000085, 21.536868864000155 ], [ 92.050626350000186, 21.537022241000159 ], [ 92.050595639000051, 21.537053769000067 ], [ 92.050517285000126, 21.537293675000058 ], [ 92.050408289000188, 21.537533959000029 ], [ 92.050248089000036, 21.537765312999966 ], [ 92.050097701000027, 21.537967875000049 ], [ 92.049949367000011, 21.5382056360001 ], [ 92.049799072000098, 21.538801260000184 ], [ 92.049246682000046, 21.539031563000151 ], [ 92.048299167000096, 21.538727176000066 ], [ 92.048129795000136, 21.538672765000115 ], [ 92.048002957999984, 21.538586518000159 ], [ 92.047872149000113, 21.538497571 ], [ 92.047489013000188, 21.538235867000026 ], [ 92.047014563, 21.538388442000098 ], [ 92.047020326000052, 21.538799328000039 ], [ 92.04693141100006, 21.538805046000107 ], [ 92.046778203000031, 21.53880692600012 ], [ 92.046573756000043, 21.538797489000103 ], [ 92.046426596000117, 21.538775401000066 ], [ 92.046245100000021, 21.538670363999984 ], [ 92.046139709000101, 21.538252430000057 ], [ 92.046095089000175, 21.538171605000059 ], [ 92.045976295000116, 21.537956418000078 ], [ 92.045688219000056, 21.53769287700004 ], [ 92.045511594000118, 21.537723330000176 ], [ 92.045365439000193, 21.537772911000104 ], [ 92.045194335000076, 21.537864613000011 ], [ 92.045104541000114, 21.538041616000044 ], [ 92.044884326000101, 21.538078825000184 ], [ 92.044693575, 21.538111055000172 ], [ 92.044629076000092, 21.538121952000097 ], [ 92.044575844000121, 21.538094261000026 ], [ 92.044069378000131, 21.537830797000083 ], [ 92.044301403000077, 21.537383182999974 ], [ 92.044373148000034, 21.536863029000131 ], [ 92.04431251, 21.536818714000106 ], [ 92.044195689000048, 21.536733339000023 ], [ 92.044128748000105, 21.536684418000164 ], [ 92.043972089000192, 21.536569928000119 ], [ 92.043340681000188, 21.536801180000055 ], [ 92.043124426000134, 21.537078088000044 ], [ 92.042872482000064, 21.537400695000031 ], [ 92.042964583000128, 21.538291364000088 ], [ 92.043063349000136, 21.539701224000055 ], [ 92.042827780000096, 21.539853118000167 ], [ 92.042265389000192, 21.539412982000158 ], [ 92.041386362000196, 21.538978977000056 ], [ 92.041359496000098, 21.538999536000063 ], [ 92.04099360400005, 21.539279543000021 ], [ 92.041000896000128, 21.539800988000138 ], [ 92.041092353000124, 21.54068940600007 ], [ 92.040859905000048, 21.541064775000166 ], [ 92.040302722000092, 21.540997090000133 ], [ 92.040166568000188, 21.540709827000057 ], [ 92.039812259000087, 21.539962287000037 ], [ 92.039483598000174, 21.539151271000094 ], [ 92.038451548000182, 21.539163892000147 ], [ 92.037103235000131, 21.539252618000035 ], [ 92.036698056000091, 21.538663788000179 ], [ 92.036842202000116, 21.537623476000078 ], [ 92.036848845000179, 21.537543803000119 ], [ 92.036910419000151, 21.53680534800003 ], [ 92.036972833000164, 21.53561476800013 ], [ 92.038795534000087, 21.535371237000163 ], [ 92.039173443000152, 21.535354545000189 ], [ 92.039427919000047, 21.535056846000145 ], [ 92.03963579800012, 21.534813656000097 ], [ 92.039609496000082, 21.53439343600013 ], [ 92.039372817000128, 21.534047971000064 ], [ 92.039268274999984, 21.533986884000115 ], [ 92.039091605000124, 21.533883649000188 ], [ 92.038819175000128, 21.533899127000041 ], [ 92.0386532240002, 21.533911359000172 ], [ 92.038586052000142, 21.533934639000108 ], [ 92.038063133000151, 21.534115868000129 ], [ 92.036398672000189, 21.534285210000064 ], [ 92.036000749000038, 21.534215565000068 ], [ 92.035848046000069, 21.534175029000096 ], [ 92.035203902000092, 21.53400403500018 ], [ 92.034811142000081, 21.534304588000111 ], [ 92.034343953000075, 21.534978574999968 ], [ 92.034114609000085, 21.535577410000087 ], [ 92.033879442000114, 21.535801536000122 ], [ 92.033640149000121, 21.535729951000178 ], [ 92.033413820000135, 21.535592731000179 ], [ 92.033160130000056, 21.535440041000129 ], [ 92.032199861000095, 21.534930213000052 ], [ 92.032060675000139, 21.534903388000089 ], [ 92.031949841000198, 21.534882028000084 ], [ 92.03167892099998, 21.534829817000116 ], [ 92.031483667000032, 21.534792186000118 ], [ 92.030289906000121, 21.534583209000118 ], [ 92.029442934000031, 21.534468232000108 ], [ 92.029381605000196, 21.534459908000144 ], [ 92.028778880000118, 21.534378084000139 ], [ 92.027031675000046, 21.534324825000056 ], [ 92.026084443000059, 21.534708862000116 ], [ 92.024663768000153, 21.535319900000047 ], [ 92.023795537000183, 21.535702967000077 ], [ 92.023480089000032, 21.535941930000035 ], [ 92.02342101500011, 21.535994292000112 ], [ 92.023217707000185, 21.536174501000175 ], [ 92.022769355000037, 21.536256403000039 ], [ 92.022400594000146, 21.536184413000115 ], [ 92.022112487000186, 21.536034981000171 ], [ 92.021841593000147, 21.535798533000161 ], [ 92.021616926000149, 21.53565867500015 ], [ 92.021371793000185, 21.53566164700004 ], [ 92.020903013000122, 21.535743791000073 ], [ 92.019790591000117, 21.53656012800019 ], [ 92.019668110000168, 21.536729171000047 ], [ 92.01932947500012, 21.537196531000177 ], [ 92.018244862000188, 21.538547762000178 ], [ 92.017930958000136, 21.539488231000064 ], [ 92.017942768000069, 21.539571219000038 ], [ 92.017984106000142, 21.539861691000056 ], [ 92.01798828200009, 21.539891036000085 ], [ 92.017998850000083, 21.539965303000145 ], [ 92.018028118000188, 21.540055867000149 ], [ 92.01804119600007, 21.540096335000101 ], [ 92.018681903000015, 21.542078877000051 ], [ 92.018810029000178, 21.54247875600015 ], [ 92.019775146000143, 21.544302173000119 ], [ 92.019987306000132, 21.54495031600004 ], [ 92.01968490600018, 21.54516347200007 ] ] ] } },
{ "type": "Feature", "properties": { "adm3_name": "Ramu", "adm3_name1": null, "adm3_name2": null, "adm3_name3": null, "adm3_pcode": "BD20220066", "adm2_name": "Cox's Bazar", "adm2_name1": null, "adm2_name2": null, "adm2_name3": null, "adm2_pcode": "BD2022", "adm1_name": "Chattogram", "adm1_name1": null, "adm1_name2": null, "adm1_name3": null, "adm1_pcode": "BD20", "adm0_name": "Bangladesh", "adm0_name1": null, "adm0_name2": null, "adm0_name3": null, "adm0_pcode": "BD", "valid_on": "2023-05-21T00:00:00", "valid_to": null, "area_sqkm": 384.09804372999997, "version": "v03", "lang": "en", "lang1": null, "lang2": null, "lang3": null, "adm3_ref_name": null, "center_lat": 21.43878767, "center_lon": 92.12036409, "location/upazila": "ramu", "n_sites": 3, "avg_shelter_severity": 29.333333333333332, "avg_water_severity": 50.0, "avg_protection_count": 1.0, "pct_health_priority": 66.666666666666671, "protection_severity": 50.0, "needs_score": 47.1, "synthetic_upazila_slug": "ramu", "official_adm3_name": "Ramu", "official_adm3_pcode": "BD20220066", "official_adm2_name": "Cox's Bazar", "official_adm2_pcode": "BD2022", "note": null }, "geometry": { "type": "Polygon", "coordinates": [ [ [ 92.174568562000104, 21.592501703000096 ], [ 92.174583974000143, 21.593533204999972 ], [ 92.174660908000135, 21.594320089000064 ], [ 92.175394017000087, 21.595281253 ], [ 92.175404883000112, 21.596008045000133 ], [ 92.17483079800013, 21.596925346000091 ], [ 92.173739048000073, 21.598215136000022 ], [ 92.170320584000194, 21.60123072000016 ], [ 92.169373840000162, 21.602236151000113 ], [ 92.169162686000107, 21.602460393 ], [ 92.1681284390001, 21.603200812000068 ], [ 92.166693867000049, 21.60340236900015 ], [ 92.166552458000126, 21.603391859000169 ], [ 92.164600365000183, 21.603246765000051 ], [ 92.163287998000044, 21.602900369000167 ], [ 92.162956155000018, 21.602541219000102 ], [ 92.162156103000086, 21.601458955000112 ], [ 92.161998131000189, 21.59964140500017 ], [ 92.161851568000031, 21.598550645000159 ], [ 92.161247982000191, 21.597529036000083 ], [ 92.160581890000174, 21.596686582000018 ], [ 92.159790033000093, 21.596152790000076 ], [ 92.158799340000087, 21.595436449999966 ], [ 92.157161533000192, 21.595155177000095 ], [ 92.156041736000191, 21.594562405000033 ], [ 92.155315035, 21.594025484000099 ], [ 92.155200708000052, 21.593937162000088 ], [ 92.15485230400003, 21.593668009000112 ], [ 92.153663788000074, 21.592834546000176 ], [ 92.153001366000183, 21.592235827000081 ], [ 92.151950075000116, 21.591825002000121 ], [ 92.15093338000014, 21.591704576000097 ], [ 92.150882986000056, 21.591698605999966 ], [ 92.150575372000162, 21.591662167999971 ], [ 92.149462791000019, 21.591554632000168 ], [ 92.148744191999981, 21.59156391300013 ], [ 92.148576963000096, 21.591927288000079 ], [ 92.148507095000184, 21.593203726000183 ], [ 92.147350822000192, 21.594552886000088 ], [ 92.14658405400013, 21.59571641000008 ], [ 92.145680056000117, 21.596455015000174 ], [ 92.145290554000042, 21.596642902000156 ], [ 92.144476205000103, 21.596831750000149 ], [ 92.144201837000139, 21.596232510000107 ], [ 92.143161317000192, 21.596184962000109 ], [ 92.142517397, 21.595974771000044 ], [ 92.142442726000127, 21.595950397000138 ], [ 92.142178216000104, 21.595651286000191 ], [ 92.141713403000097, 21.594986765000158 ], [ 92.14156520500012, 21.593774085 ], [ 92.140839485000129, 21.593054222000035 ], [ 92.139861464000091, 21.592822982000087 ], [ 92.13920390200002, 21.592346052999972 ], [ 92.138517407000165, 21.591929354000058 ], [ 92.138382475000185, 21.591847450000046 ], [ 92.138220516000047, 21.591749140000047 ], [ 92.136972043000014, 21.590853108000033 ], [ 92.13657336000017, 21.590250933 ], [ 92.135785205000047, 21.589714712000159 ], [ 92.13486551200009, 21.58905600300011 ], [ 92.134533188000148, 21.588574883000092 ], [ 92.134236921000195, 21.588512737000087 ], [ 92.133163945000092, 21.588287661000095 ], [ 92.13218450100004, 21.58799769500007 ], [ 92.131850082000142, 21.587331468000116 ], [ 92.131381807000082, 21.586425393000013 ], [ 92.131113772000162, 21.58588248500007 ], [ 92.130577672000072, 21.584794409000096 ], [ 92.129682999000181, 21.583656015000031 ], [ 92.12952269800013, 21.583452042000147 ], [ 92.129253196000036, 21.583109119000085 ], [ 92.127945927000155, 21.58264044800012 ], [ 92.12729079900015, 21.582283088000054 ], [ 92.126298090000148, 21.581081174000076 ], [ 92.125189847000058, 21.580851505000169 ], [ 92.124012039000092, 21.58032019500007 ], [ 92.123939611000139, 21.580285156000116 ], [ 92.123029966000104, 21.57984507600014 ], [ 92.122372229000121, 21.57930712000018 ], [ 92.122111311000026, 21.579249489000119 ], [ 92.122026213000083, 21.579359025000144 ], [ 92.12191999200013, 21.579495752000184 ], [ 92.122129007000069, 21.580463863000091 ], [ 92.122206566000045, 21.581313995000073 ], [ 92.122020573000157, 21.581925925000064 ], [ 92.121763203, 21.582112072000086 ], [ 92.120909063000056, 21.581513400000119 ], [ 92.120370142000127, 21.580183754000075 ], [ 92.119374809000135, 21.578796704000069 ], [ 92.118596678000131, 21.577987090000022 ], [ 92.118450857000028, 21.577835428000128 ], [ 92.117212365000057, 21.577609617000178 ], [ 92.116629809000187, 21.577799891000097 ], [ 92.116243578000137, 21.578046365000034 ], [ 92.116250661000095, 21.578533923000066 ], [ 92.117040462000148, 21.579192141000192 ], [ 92.117766882000012, 21.579973068000072 ], [ 92.117975903000172, 21.58094344400007 ], [ 92.117796064000117, 21.581979725000053 ], [ 92.117290136000179, 21.582959196000047 ], [ 92.116979937, 21.583994874000098 ], [ 92.116582556000083, 21.584264070000188 ], [ 92.116336342000125, 21.58442975100013 ], [ 92.115948355000114, 21.584556595000151 ], [ 92.115296785, 21.584442964000061 ], [ 92.114770511000188, 21.58402296200012 ], [ 92.11469741600007, 21.583477545 ], [ 92.114748448000057, 21.582503858 ], [ 92.115060680000113, 21.581648766000114 ], [ 92.115431623000177, 21.580307539000103 ], [ 92.115416607000157, 21.579273737 ], [ 92.115072866000048, 21.578000287000179 ], [ 92.114211481000098, 21.576857581000127 ], [ 92.113485982000043, 21.576137578000157 ], [ 92.11205260700018, 21.575911941000015 ], [ 92.110884560000102, 21.576048666000077 ], [ 92.109786049000036, 21.576487024000073 ], [ 92.109078186000033, 21.576983643000062 ], [ 92.108691942, 21.577230102000101 ], [ 92.107704136, 21.577571048000095 ], [ 92.107591961000082, 21.577609764999977 ], [ 92.106076358000166, 21.577904481000019 ], [ 92.104631440000162, 21.578520923000042 ], [ 92.104629024000133, 21.578353888000038 ], [ 92.104626645, 21.578189110000039 ], [ 92.104317534000131, 21.577468317000182 ], [ 92.104190626000104, 21.576912283000183 ], [ 92.103709362000075, 21.576638418000186 ], [ 92.102691362000201, 21.576427772000159 ], [ 92.102267421000022, 21.575986109000098 ], [ 92.101724057000183, 21.57554821500014 ], [ 92.10117825500015, 21.574941025000157 ], [ 92.10074950500001, 21.574165292000032 ], [ 92.100619571000095, 21.573439970000038 ], [ 92.100315096000088, 21.572996795000051 ], [ 92.099952524000059, 21.572667237000132 ], [ 92.099527999000031, 21.57222557700004 ], [ 92.099016971000196, 21.571906239000043 ], [ 92.098569368000199, 21.571626533000028 ], [ 92.098333897000032, 21.571239866000099 ], [ 92.098198144000037, 21.571014178000041 ], [ 92.09800453600019, 21.57001422400009 ], [ 92.097992479000197, 21.569176786000071 ], [ 92.0982214080002, 21.568674059000159 ], [ 92.098698922000096, 21.568497365000098 ], [ 92.098872683000195, 21.568161044000078 ], [ 92.099078701000167, 21.568011699000067 ], [ 92.099109175000194, 21.567990998000028 ], [ 92.099469325000143, 21.568153525000071 ], [ 92.099653315000126, 21.56848533699997 ], [ 92.100008652000099, 21.568313790000104 ], [ 92.100122475000035, 21.567921781000052 ], [ 92.100234669000088, 21.567416912000112 ], [ 92.100473775000125, 21.56747033900001 ], [ 92.100719116999983, 21.56791425900019 ], [ 92.100906328000121, 21.568469535000077 ], [ 92.101683951999973, 21.56862678900012 ], [ 92.102459771000156, 21.568616996000117 ], [ 92.103416573000061, 21.568771981000054 ], [ 92.10389779000019, 21.56864760000019 ], [ 92.104546126, 21.568480022000188 ], [ 92.105016049000085, 21.567970629000058 ], [ 92.104888548000133, 21.567414603000032 ], [ 92.105117761000145, 21.566741187000105 ], [ 92.105640975000085, 21.565786366000054 ], [ 92.105564327000138, 21.564615619000108 ], [ 92.105734023000139, 21.563999394000177 ], [ 92.105606312000191, 21.563386932000128 ], [ 92.10553853600004, 21.56283015200006 ], [ 92.105774409000105, 21.562660104000031 ], [ 92.106486426000174, 21.562371154000118 ], [ 92.106777974000124, 21.561920455 ], [ 92.106949083000131, 21.561360654000168 ], [ 92.107006392000187, 21.56119286500001 ], [ 92.1068692, 21.559966443000178 ], [ 92.106676338000057, 21.559020671999974 ], [ 92.106296438000072, 21.558751981000057 ], [ 92.106133814000088, 21.558636960000058 ], [ 92.105651796000188, 21.558306663000167 ], [ 92.10487585300001, 21.558262286000115 ], [ 92.10434057000009, 21.558379672000058 ], [ 92.103676201000098, 21.557830422999984 ], [ 92.102837287000114, 21.557561065000073 ], [ 92.101519831000189, 21.557243557000106 ], [ 92.101095953000083, 21.556801888000052 ], [ 92.100613985, 21.556473833000041 ], [ 92.100253862000159, 21.556311307999977 ], [ 92.099417575000132, 21.556265404000101 ], [ 92.098409163000042, 21.556668681000133 ], [ 92.097278034000112, 21.556949208 ], [ 92.097219995000046, 21.55696360200011 ], [ 92.096387519000075, 21.55714114400007 ], [ 92.09598248500015, 21.556995313000186 ], [ 92.095787706000124, 21.556925183000089 ], [ 92.095422754000083, 21.556426316000113 ], [ 92.095297705000121, 21.556037314000037 ], [ 92.094755219000035, 21.555653560999986 ], [ 92.094032798, 21.555217884000115 ], [ 92.093493494000143, 21.555055338000159 ], [ 92.092708757000139, 21.554396928000017 ], [ 92.092220401000077, 21.553621910000061 ], [ 92.091498776000151, 21.553240394000113 ], [ 92.090828068000064, 21.552244153000174 ], [ 92.089450758000169, 21.551870852000093 ], [ 92.08872833900017, 21.551432892000093 ], [ 92.087946002000194, 21.550939236000147 ], [ 92.087511313000164, 21.550454768000179 ], [ 92.087400355000057, 21.55033198700005 ], [ 92.087403361000156, 21.550289054000132 ], [ 92.0874505110001, 21.549663091000127 ], [ 92.087801816000137, 21.549211672000183 ], [ 92.088396771000077, 21.549091337000107 ], [ 92.08977327700012, 21.549410474000126 ], [ 92.090489283000181, 21.549401494000051 ], [ 92.091383836000034, 21.549390272000039 ], [ 92.091853755000102, 21.548880915999973 ], [ 92.092498026000044, 21.548035238000182 ], [ 92.093445904000134, 21.547578576000035 ], [ 92.094877086000054, 21.547504154000137 ], [ 92.095412783000086, 21.547387766000099 ], [ 92.096244729000148, 21.547207010000022 ], [ 92.099218898000117, 21.54661193700008 ], [ 92.100641220000057, 21.54592349700016 ], [ 92.101714289000086, 21.545909971000128 ], [ 92.102489988000059, 21.545900189000179 ], [ 92.103441041000167, 21.545666941000093 ], [ 92.104092455000057, 21.545322329000157 ], [ 92.104680147000181, 21.544700830000181 ], [ 92.104970889000072, 21.544195964000153 ], [ 92.105325140000161, 21.543911540000067 ], [ 92.105857145000073, 21.543570688999978 ], [ 92.10669353600008, 21.543670747000135 ], [ 92.107472447000134, 21.54388440800011 ], [ 92.107794025000089, 21.544286681000074 ], [ 92.107958430999986, 21.544492342000126 ], [ 92.108255754000197, 21.544664185000045 ], [ 92.1086197300001, 21.544874550000145 ], [ 92.109575378000102, 21.544918900000084 ], [ 92.110821931000146, 21.544512547000124 ], [ 92.111354708000079, 21.544225852000125 ], [ 92.112003711000057, 21.543716435000135 ], [ 92.11355041600001, 21.543416885000056 ], [ 92.114745126000116, 21.543514616000095 ], [ 92.116124823000121, 21.544054743000061 ], [ 92.116969914000151, 21.54471227300013 ], [ 92.118047027000046, 21.544978537000134 ], [ 92.119179576000192, 21.544907701000113 ], [ 92.120619653000062, 21.545449279000024 ], [ 92.121574667000061, 21.54549130800001 ], [ 92.121986386000117, 21.54509549900007 ], [ 92.123473393000097, 21.544798875000026 ], [ 92.123783286000105, 21.544357804000015 ], [ 92.124700974000177, 21.543051634000108 ], [ 92.125514614000167, 21.541589610000131 ], [ 92.125622574000033, 21.540989374000048 ], [ 92.125735612000142, 21.540360903000192 ], [ 92.125727286000199, 21.540336165000099 ], [ 92.125361066000096, 21.539248153000131 ], [ 92.124874247000037, 21.538586101000021 ], [ 92.124747276000107, 21.538027828000111 ], [ 92.124495452000019, 21.537139275000072 ], [ 92.125196757000083, 21.536125691000052 ], [ 92.125958769000079, 21.535221960000115 ], [ 92.126420426000152, 21.534157247000053 ], [ 92.126462250000088, 21.532928567 ], [ 92.1267496050001, 21.531934320000062 ], [ 92.126802802000157, 21.531750258000102 ], [ 92.126737221000155, 21.531306342000164 ], [ 92.12665393900005, 21.529688686999975 ], [ 92.126649977000056, 21.529416689000072 ], [ 92.126642564000065, 21.528907694000111 ], [ 92.126387463000185, 21.527793421000013 ], [ 92.126077336000037, 21.526959794000049 ], [ 92.126425246, 21.526287102000026 ], [ 92.126833649000162, 21.525667820000081 ], [ 92.127247734000036, 21.52543903500009 ], [ 92.127367968000044, 21.525493943000185 ], [ 92.127847449000171, 21.525654892000091 ], [ 92.127964427000109, 21.525486336000029 ], [ 92.128079759000059, 21.525204919000089 ], [ 92.128378510000175, 21.525257549000173 ], [ 92.128623025000081, 21.525644997000086 ], [ 92.129283238000085, 21.52591425900016 ], [ 92.129759494000041, 21.525853994000045 ], [ 92.129931493000129, 21.525404791000085 ], [ 92.12988281700018, 21.52489908900003 ], [ 92.129861823000056, 21.524680983000053 ], [ 92.129262111000173, 21.524465134000081 ], [ 92.128656708999983, 21.523858786000176 ], [ 92.129121541000075, 21.523015275000091 ], [ 92.129177168000183, 21.522734619000175 ], [ 92.128512069000124, 21.522129033000112 ], [ 92.128497432000074, 21.521124576999966 ], [ 92.128972029000181, 21.520951456000148 ], [ 92.129745146000062, 21.520774524000046 ], [ 92.130035756000154, 21.520269622000058 ], [ 92.129849305999983, 21.51976855200013 ], [ 92.129365764000113, 21.519327714999974 ], [ 92.128639970000108, 21.518612276000056 ], [ 92.128276884000115, 21.51828277900006 ], [ 92.127739335000115, 21.518233194000118 ], [ 92.126899800000047, 21.517907513000068 ], [ 92.12659399100005, 21.51741021600003 ], [ 92.126878707000174, 21.516458382000167 ], [ 92.127288693000139, 21.515949706000185 ], [ 92.128122310000094, 21.515828454000086 ], [ 92.128598503000148, 21.515765940000051 ], [ 92.128651693000108, 21.515318252000156 ], [ 92.1281676010002, 21.51487967200012 ], [ 92.127974471000016, 21.513877491000073 ], [ 92.128084110000145, 21.513205577000065 ], [ 92.128970298000127, 21.51263663900005 ], [ 92.129924306000191, 21.512624466000034 ], [ 92.131764267000108, 21.511986901000114 ], [ 92.132652046000089, 21.511528550000151 ], [ 92.133002298000122, 21.511020623000093 ], [ 92.132695475000048, 21.510412729000109 ], [ 92.132027953000033, 21.509637861000101 ], [ 92.131842370000072, 21.509195479000084 ], [ 92.132087550000108, 21.508720505000042 ], [ 92.132190787000184, 21.508520514000111 ], [ 92.132779830000175, 21.508009539 ], [ 92.132901556000149, 21.507671597000126 ], [ 92.132035045000123, 21.506278424000072 ], [ 92.131373340000152, 21.50577665100019 ], [ 92.13078890200012, 21.505610275000095 ], [ 92.130363014000068, 21.505604421000157 ], [ 92.130097262000106, 21.505454296000096 ], [ 92.129944514000044, 21.505153722000045 ], [ 92.129836874000034, 21.504802903999973 ], [ 92.129303722000145, 21.504182084000149 ], [ 92.128406941000094, 21.503771344000086 ], [ 92.128058843000076, 21.503184282000177 ], [ 92.127995069000121, 21.502324937000026 ], [ 92.128222675000131, 21.501595079000083 ], [ 92.127079739000067, 21.501591583000106 ], [ 92.125331469, 21.501351961000182 ], [ 92.124230247000014, 21.500898647000156 ], [ 92.123459864000154, 21.500260503000106 ], [ 92.123330480000106, 21.499449398000081 ], [ 92.123297138, 21.499479172000065 ], [ 92.122114839000176, 21.500544004000062 ], [ 92.121467070000108, 21.501123419000123 ], [ 92.120819096000162, 21.501689287000033 ], [ 92.120233442000199, 21.501728333000074 ], [ 92.119806244000188, 21.50175633300006 ], [ 92.119453541000041, 21.502097201000026 ], [ 92.119344651000119, 21.50282328500009 ], [ 92.119350311000062, 21.503213782000159 ], [ 92.119180116000052, 21.503830024000138 ], [ 92.118476267000176, 21.504620098000146 ], [ 92.118357689000163, 21.504678046000151 ], [ 92.118013234000159, 21.505630626000084 ], [ 92.117605661000084, 21.506306314000028 ], [ 92.117081103000032, 21.507150552999974 ], [ 92.11745544900009, 21.508261080000125 ], [ 92.117465160000108, 21.508931475999987 ], [ 92.117540413000199, 21.510045795999986 ], [ 92.117138482000087, 21.511111986000117 ], [ 92.115839814000083, 21.512022481000031 ], [ 92.114830119000146, 21.512312966000025 ], [ 92.113870669000164, 21.511990991000118 ], [ 92.113031196000065, 21.511665232000041 ], [ 92.111835966000115, 21.51151329400011 ], [ 92.111123172000134, 21.511689377000039 ], [ 92.11035652400011, 21.512313155000129 ], [ 92.110246801000187, 21.512985061000109 ], [ 92.110498521000011, 21.513875907999989 ], [ 92.11027017400005, 21.514603499000089 ], [ 92.109736681000072, 21.514833754000051 ], [ 92.109138451000092, 21.514674249000052 ], [ 92.108599323000078, 21.514513997000165 ], [ 92.108184597000047, 21.514740485000061 ], [ 92.107718876000149, 21.515529771000161 ], [ 92.108140200000037, 21.515802141000165 ], [ 92.108205537, 21.516191889000083 ], [ 92.107613961000084, 21.516535751000106 ], [ 92.106959213000096, 21.516598203000115 ], [ 92.106663917, 21.516825439000058 ], [ 92.106370038000136, 21.517109097000116 ], [ 92.106006790000094, 21.516723108000065 ], [ 92.105524316000128, 21.516392807000159 ], [ 92.105695392000086, 21.515833008000129 ], [ 92.106171600000039, 21.515770557 ], [ 92.106415260000119, 21.516103873000077 ], [ 92.10665347000014, 21.516100866000102 ], [ 92.106705134000151, 21.515542572000072 ], [ 92.10640400200009, 21.51532286600019 ], [ 92.105864871000165, 21.515162605000171 ], [ 92.105561512000179, 21.514830044000064 ], [ 92.105135351000172, 21.514221339000073 ], [ 92.104589790000091, 21.513614137000104 ], [ 92.103743921000159, 21.512843654000051 ], [ 92.103141074000121, 21.512404236000123 ], [ 92.10278106200019, 21.512241705000065 ], [ 92.101825658000166, 21.512199556000041 ], [ 92.10093211700007, 21.512264990000119 ], [ 92.100210687000015, 21.51188349500012 ], [ 92.09948746300006, 21.511334953000187 ], [ 92.098767628000076, 21.511064055000134 ], [ 92.097933013000045, 21.511074550000046 ], [ 92.097460023000167, 21.511360443000171 ], [ 92.096391392000157, 21.51170800400007 ], [ 92.094538467, 21.511453575000075 ], [ 92.093761935000089, 21.511350435000054 ], [ 92.093162319000044, 21.51113444900011 ], [ 92.092210722000061, 21.511315704000083 ], [ 92.090960581000104, 21.511498438000103 ], [ 92.090486765000151, 21.511727883 ], [ 92.090253543000074, 21.512121381000043 ], [ 92.089961222000113, 21.512515618000066 ], [ 92.089903907000064, 21.512683405000189 ], [ 92.089073248000034, 21.51297149700008 ], [ 92.08823962800011, 21.51309481200002 ], [ 92.086987680000107, 21.51311047500019 ], [ 92.086089553000136, 21.512898192000137 ], [ 92.085726368, 21.512512153000046 ], [ 92.084947649000185, 21.512298375000114 ], [ 92.084539094000036, 21.512917566000112 ], [ 92.084548775000201, 21.513004287000115 ], [ 92.084607555000105, 21.513530796000055 ], [ 92.085211937000167, 21.514080893000028 ], [ 92.08581951300016, 21.514854454000158 ], [ 92.085885597000129, 21.515300648000107 ], [ 92.085842617000139, 21.516472915000065 ], [ 92.085813301000201, 21.51741924900017 ], [ 92.085498868, 21.517533804000152 ], [ 92.085004447000074, 21.51771608100006 ], [ 92.084909006000089, 21.517748881000102 ], [ 92.084014300000092, 21.517947445000175 ], [ 92.082355506000169, 21.518749310000032 ], [ 92.080452912000169, 21.519163622000178 ], [ 92.078254959000105, 21.519805101000031 ], [ 92.076991809000049, 21.519974977000061 ], [ 92.076885910000044, 21.519989218000092 ], [ 92.07515624600012, 21.52001073800011 ], [ 92.073662235000029, 21.519805801000132 ], [ 92.072946367000156, 21.519814697000129 ], [ 92.072294778000128, 21.520102744999974 ], [ 92.071872098000199, 21.519773855000153 ], [ 92.071705309000151, 21.519583131000161 ], [ 92.071629908000034, 21.519496909000111 ], [ 92.071389516000011, 21.519389267000122 ], [ 92.07116609000019, 21.519414618000155 ], [ 92.070853534000094, 21.519450106000079 ], [ 92.070675022000046, 21.519452321000188 ], [ 92.070191673000124, 21.519013554000026 ], [ 92.069465513000068, 21.518295586000136 ], [ 92.068926402000159, 21.518135203000099 ], [ 92.068100423000146, 21.518759533000036 ], [ 92.067511060000129, 21.519268043000011 ], [ 92.066726189000121, 21.519390652000141 ], [ 92.066260038000166, 21.519396428000107 ], [ 92.065897680000035, 21.519066775000056 ], [ 92.065349858000161, 21.518290137000122 ], [ 92.064270844000077, 21.517912906999982 ], [ 92.063902583000072, 21.517980336000164 ], [ 92.062961685, 21.518152611000119 ], [ 92.061821015000135, 21.518336197 ], [ 92.061764556000185, 21.518350791000159 ], [ 92.060464159000162, 21.518686936000165 ], [ 92.059099029000151, 21.519150813000124 ], [ 92.058045838000169, 21.519248820000143 ], [ 92.057728551000082, 21.519278344000099 ], [ 92.056298966000043, 21.519406599000149 ], [ 92.056121917000041, 21.519424033000121 ], [ 92.05567059800012, 21.519468474000178 ], [ 92.054333446000101, 21.519600138000044 ], [ 92.053555484000071, 21.519440385000053 ], [ 92.052894620000075, 21.519114377000108 ], [ 92.052357864000101, 21.519120980000025 ], [ 92.051226836000126, 21.519247774000064 ], [ 92.050627997000049, 21.519085807000067 ], [ 92.050203021000073, 21.518589818000123 ], [ 92.050118777000193, 21.518561502000125 ], [ 92.050063009000041, 21.518541867000181 ], [ 92.049244239000132, 21.518267453000192 ], [ 92.048170734000053, 21.518280634000121 ], [ 92.047545705000118, 21.518344868000099 ], [ 92.046324589000164, 21.518470354000044 ], [ 92.0454309590001, 21.518535496000084 ], [ 92.044658684000069, 21.518491102000155 ], [ 92.043935616999988, 21.518276121000042 ], [ 92.043629889000101, 21.517722210000102 ], [ 92.043549692000113, 21.517120383000133 ], [ 92.043496427000093, 21.516719160999969 ], [ 92.043782455000098, 21.515821603000177 ], [ 92.044123696000042, 21.514645667000025 ], [ 92.04421891800007, 21.512915090000092 ], [ 92.044193152000105, 21.511073108000119 ], [ 92.044117822000089, 21.509956462000105 ], [ 92.043691161000197, 21.509293402000083 ], [ 92.042845010000121, 21.508522588000119 ], [ 92.042416752000179, 21.507744400000036 ], [ 92.042456501000174, 21.507545317000165 ], [ 92.04252836600017, 21.50718537900002 ], [ 92.043371697000055, 21.506644573000074 ], [ 92.043414894000193, 21.506616872000166 ], [ 92.044724788, 21.506433763000189 ], [ 92.045500091000122, 21.506408305000036 ], [ 92.047466649000114, 21.506343713000035 ], [ 92.050265671000091, 21.506029403000127 ], [ 92.050616440000056, 21.506009911000149 ], [ 92.051517428000182, 21.505959841000049 ], [ 92.052715123000098, 21.506335699999966 ], [ 92.053438767000102, 21.506884454000101 ], [ 92.054285150000055, 21.507711650000147 ], [ 92.055122719000167, 21.507868412000164 ], [ 92.055657081000106, 21.507694761000096 ], [ 92.056124778000196, 21.507075793000013 ], [ 92.056528631000106, 21.506065251000109 ], [ 92.05645400800006, 21.505005050000022 ], [ 92.056443020000074, 21.504224017000126 ], [ 92.056729653000048, 21.503838404000135 ], [ 92.057332425000197, 21.503822478000075 ], [ 92.057756808000022, 21.504320715000176 ], [ 92.058361056000138, 21.504870920000144 ], [ 92.05878620600015, 21.505423331000088 ], [ 92.05967971400014, 21.505355866000116 ], [ 92.059706738999978, 21.505299152000191 ], [ 92.060027104000142, 21.504626856000186 ], [ 92.060061463000068, 21.504531955000061 ], [ 92.060162893000097, 21.504251793000151 ], [ 92.060371945000156, 21.503674367000144 ], [ 92.059887065000169, 21.503120441000135 ], [ 92.059639615000151, 21.50250939700004 ], [ 92.059273407000035, 21.501902077000068 ], [ 92.059260027000164, 21.500951748000034 ], [ 92.05948642400017, 21.500111349000065 ], [ 92.059618123000121, 21.499883226000065 ], [ 92.059777856000096, 21.499606543000027 ], [ 92.059766858000103, 21.498825513000043 ], [ 92.059685581000053, 21.498660094000115 ], [ 92.059520975000112, 21.498325078000107 ], [ 92.059158688000025, 21.49799540600003 ], [ 92.05916622500007, 21.497914244000071 ], [ 92.05921053600008, 21.497437112 ], [ 92.059322843000018, 21.496932260000165 ], [ 92.059611316000201, 21.496260420000169 ], [ 92.059963395000125, 21.495865496000192 ], [ 92.060496121000142, 21.495578969 ], [ 92.060494434000077, 21.495459330000131 ], [ 92.060482763000095, 21.494630897000093 ], [ 92.060769445000176, 21.493789752000055 ], [ 92.061100393, 21.493230847000063 ], [ 92.061235404000115, 21.493002837 ], [ 92.061564707000059, 21.492790514000149 ], [ 92.061767319000126, 21.492659873999969 ], [ 92.061763677000044, 21.492401430000086 ], [ 92.061750047000146, 21.491434154 ], [ 92.06192283300004, 21.490984996000122 ], [ 92.062157857000102, 21.490758582000069 ], [ 92.06226779800005, 21.490086688000076 ], [ 92.062621446000037, 21.489804622000179 ], [ 92.062732921000077, 21.489643011000055 ], [ 92.06285547900012, 21.489465334000158 ], [ 92.063808613000106, 21.489399377000154 ], [ 92.063922841000135, 21.489376502000084 ], [ 92.064998130000049, 21.489161163000119 ], [ 92.065948071000037, 21.488869462000082 ], [ 92.066792581000072, 21.488421 ], [ 92.067132061000109, 21.488240723 ], [ 92.067192032000037, 21.488223857000037 ], [ 92.067225421000046, 21.488214467000148 ], [ 92.067963403000135, 21.488006919000043 ], [ 92.068213807000063, 21.48798754500001 ], [ 92.068797135000011, 21.487942412000109 ], [ 92.070048684000142, 21.487870463000093 ], [ 92.071242139, 21.487912114000096 ], [ 92.071837666000192, 21.48784828700002 ], [ 92.072254114000145, 21.48778668 ], [ 92.073095839000075, 21.487882306000131 ], [ 92.073123049, 21.487885398000174 ], [ 92.073149902000011, 21.487888448000092 ], [ 92.073894622000182, 21.487948192000033 ], [ 92.07407308, 21.487962509000056 ], [ 92.074344120000092, 21.487984251000114 ], [ 92.074940447000131, 21.487976844000116 ], [ 92.075543881000158, 21.488470555 ], [ 92.075969839000038, 21.489079355000115 ], [ 92.076161127000034, 21.489426406000121 ], [ 92.076336911, 21.489745326000047 ], [ 92.076698442000179, 21.490020786000116 ], [ 92.077296344999979, 21.49012397600012 ], [ 92.077550514000166, 21.490355616000102 ], [ 92.077598789000149, 21.490400168000065 ], [ 92.077895052000088, 21.49028359800019 ], [ 92.077932185, 21.489883526000142 ], [ 92.077946826000073, 21.489725305000093 ], [ 92.077441357000112, 21.487722251000093 ], [ 92.077368698000043, 21.486163770000189 ], [ 92.077355517000115, 21.485881045000156 ], [ 92.07715981400014, 21.484711738000158 ], [ 92.077031518000013, 21.484042800000054 ], [ 92.076725879000037, 21.483540157000107 ], [ 92.076718041000106, 21.482987840000135 ], [ 92.076474339000185, 21.482600289000118 ], [ 92.076167179000038, 21.481990013000086 ], [ 92.076216560000091, 21.481262422000043 ], [ 92.075496145999978, 21.480937234000123 ], [ 92.074953038, 21.480442773000163 ], [ 92.074645086000089, 21.479776062000155 ], [ 92.073747784000091, 21.479563686000176 ], [ 92.073282732000166, 21.480407062000154 ], [ 92.072690368, 21.480692108000085 ], [ 92.071561423000162, 21.480986061000181 ], [ 92.070965124000111, 21.480993455000089 ], [ 92.070367260000182, 21.480890235000061 ], [ 92.069886384000199, 21.480616239000142 ], [ 92.0693961730002, 21.480236246 ], [ 92.068687250000096, 21.480393451000168 ], [ 92.068319092000195, 21.480354998999985 ], [ 92.06807061700016, 21.480114353000147 ], [ 92.067838064000171, 21.479916519000142 ], [ 92.067547898000157, 21.479977455000039 ], [ 92.066688867000039, 21.479887726000129 ], [ 92.066244340000139, 21.479864550000173 ], [ 92.065846162000014, 21.479869473000122 ], [ 92.065447377000169, 21.47983139300004 ], [ 92.064848088000076, 21.479695434000064 ], [ 92.064293499000087, 21.479923307000149 ], [ 92.063867520000088, 21.480129281000131 ], [ 92.063215255000046, 21.480581769000082 ], [ 92.062710478000099, 21.480631011000071 ], [ 92.062280860000101, 21.480578967000042 ], [ 92.061711747000174, 21.480501165000192 ], [ 92.061666987000194, 21.479498156000091 ], [ 92.061844503000145, 21.479051532000085 ], [ 92.061861125000064, 21.478533933000108 ], [ 92.061231356000121, 21.477943810000056 ], [ 92.061258685000155, 21.477914303000034 ], [ 92.061555092000106, 21.47759456700004 ], [ 92.061543301000086, 21.476757103000011 ], [ 92.060999618000153, 21.476260342000046 ], [ 92.060036405000119, 21.475603934000105 ], [ 92.059012685000141, 21.474889568000151 ], [ 92.057990562000043, 21.474288059 ], [ 92.057264731000089, 21.473572270000034 ], [ 92.056719521000105, 21.472964881000109 ], [ 92.056174317000114, 21.472357492000071 ], [ 92.05606783200011, 21.471891979000191 ], [ 92.056047113000091, 21.471801401000164 ], [ 92.05645804500017, 21.471349318000136 ], [ 92.056517631000077, 21.471326793000117 ], [ 92.057346198000175, 21.471013577000178 ], [ 92.057392554000103, 21.470996052000032 ], [ 92.059028177000187, 21.47037773400001 ], [ 92.059965800000043, 21.470251490000066 ], [ 92.0606610910001, 21.470319383000117 ], [ 92.062230629000112, 21.470746083000051 ], [ 92.062916506000079, 21.470960605000016 ], [ 92.063163409000197, 21.471091367000042 ], [ 92.063568541000166, 21.470856981000168 ], [ 92.063616874000161, 21.470655197000156 ], [ 92.063664977000144, 21.470454366000183 ], [ 92.063656360000039, 21.46984277700011 ], [ 92.063507779000076, 21.469443187000081 ], [ 92.063129219000189, 21.468664125000089 ], [ 92.062832872000115, 21.467922280000096 ], [ 92.062533569000152, 21.466970198000183 ], [ 92.062499269000114, 21.466834925000114 ], [ 92.062437508000073, 21.466591351000034 ], [ 92.062210236000112, 21.465695015999984 ], [ 92.062218202000054, 21.465417340000101 ], [ 92.062151109000126, 21.464634743000147 ], [ 92.062147810000113, 21.46459301800013 ], [ 92.062030813000092, 21.464375330000053 ], [ 92.062006504000124, 21.464330100000041 ], [ 92.06193442, 21.464195978000134 ], [ 92.061864012000058, 21.464068579000184 ], [ 92.061657317000083, 21.463694853000163 ], [ 92.061433744000169, 21.463404108000191 ], [ 92.061232288000042, 21.46314243900008 ], [ 92.0611034920002, 21.462473487000182 ], [ 92.061074291000182, 21.462229792000187 ], [ 92.061015575000113, 21.461739782000109 ], [ 92.061027121000166, 21.461108828000135 ], [ 92.061142364000034, 21.460591290000139 ], [ 92.061172444000022, 21.459826298999985 ], [ 92.061343332000149, 21.459542249000094 ], [ 92.061531610000088, 21.459229291000156 ], [ 92.061753503000091, 21.459035401000108 ], [ 92.062100047000115, 21.458992898000076 ], [ 92.062632759000167, 21.459120137000184 ], [ 92.06306177600004, 21.459133959999974 ], [ 92.063746568000056, 21.45915065000014 ], [ 92.06420695700001, 21.458818959000155 ], [ 92.06448393300019, 21.458619408000061 ], [ 92.065068200000155, 21.458057846000145 ], [ 92.064962348999984, 21.457791536000116 ], [ 92.064465896000058, 21.457338893000042 ], [ 92.063762861000043, 21.45671676 ], [ 92.062826648000112, 21.455485802000112 ], [ 92.062574125000083, 21.454953683000042 ], [ 92.062239942000076, 21.454422568999973 ], [ 92.062038985000072, 21.453773262000027 ], [ 92.061887181000088, 21.453149242000052 ], [ 92.061830802000145, 21.452917488000082 ], [ 92.061861151000073, 21.45217161 ], [ 92.061914334000164, 21.451597488000118 ], [ 92.061955782000041, 21.451532832000112 ], [ 92.06229592699998, 21.45100222800005 ], [ 92.062310869000157, 21.450793005999969 ], [ 92.06267022500009, 21.450173623000182 ], [ 92.062720985000169, 21.449427492000154 ], [ 92.062633140000116, 21.448988918999987 ], [ 92.06248043800008, 21.447897797000167 ], [ 92.06250146800005, 21.447822806999966 ], [ 92.062734308000131, 21.446992569000031 ], [ 92.062900194000179, 21.446098729000141 ], [ 92.062586698000189, 21.444985024000118 ], [ 92.062504775000036, 21.444860874000142 ], [ 92.062038443000176, 21.444154169 ], [ 92.061994173000073, 21.443989644000169 ], [ 92.061724198000036, 21.4429862880001 ], [ 92.061952109000174, 21.442258755000069 ], [ 92.062242508000111, 21.441655252000089 ], [ 92.062261391000163, 21.441616009000143 ], [ 92.062928153000087, 21.441614562000098 ], [ 92.062962232000132, 21.442022790000124 ], [ 92.062911986000074, 21.442693949000159 ], [ 92.063342254000133, 21.443580442000041 ], [ 92.064061090000109, 21.443851534000089 ], [ 92.065009191000172, 21.443449250000072 ], [ 92.065032648000056, 21.443224958000144 ], [ 92.065114398000048, 21.442443271000059 ], [ 92.064324105000139, 21.441335452000146 ], [ 92.064667407000115, 21.440326537000033 ], [ 92.064970317000132, 21.440065073000085 ], [ 92.065256488999978, 21.439818055000046 ], [ 92.065780360000076, 21.438917534999973 ], [ 92.065883210000095, 21.437744515000077 ], [ 92.065894639000021, 21.437703129000056 ], [ 92.066393719000132, 21.435895917000096 ], [ 92.066486516000055, 21.435742659000027 ], [ 92.066696675000173, 21.435395569999969 ], [ 92.066801406000195, 21.435222601000135 ], [ 92.066829608000035, 21.435199324000109 ], [ 92.067201730000079, 21.434892188999981 ], [ 92.067626159000156, 21.434541877000129 ], [ 92.068133903000046, 21.432465289000106 ], [ 92.068175414, 21.432015395000178 ], [ 92.068202515000053, 21.4317216500001 ], [ 92.068322662000128, 21.430558711000117 ], [ 92.068413643000099, 21.429678070000136 ], [ 92.068778112000132, 21.428108891000079 ], [ 92.06884330400004, 21.427828212 ], [ 92.06888725500005, 21.426712357000156 ], [ 92.06929096500005, 21.425759131000177 ], [ 92.069283201000133, 21.425697991000106 ], [ 92.06908686700001, 21.424151904000155 ], [ 92.068367450000096, 21.423704736000104 ], [ 92.068009257000199, 21.423652717000152 ], [ 92.067179251000084, 21.423827777000042 ], [ 92.066879935000031, 21.423890171999972 ], [ 92.067008709000049, 21.424559124999973 ], [ 92.067556112000091, 21.425333535000107 ], [ 92.067387315000076, 21.426060345000053 ], [ 92.066793428000096, 21.426180563000059 ], [ 92.066509992000078, 21.426082203000078 ], [ 92.066014406000079, 21.425910221000038 ], [ 92.065826764, 21.425298437000038 ], [ 92.065931961000103, 21.424292456000046 ], [ 92.065622443000109, 21.423458660000165 ], [ 92.064773583000033, 21.422464446000163 ], [ 92.064041404000079, 21.422073554000121 ], [ 92.063752618000194, 21.421919375000073 ], [ 92.06261312100014, 21.421432202000176 ], [ 92.061637399000062, 21.421318406000182 ], [ 92.061299893000182, 21.421279042000094 ], [ 92.06004144800005, 21.420975031000125 ], [ 92.059983754000086, 21.420961093000187 ], [ 92.059792575000188, 21.420874508000054 ], [ 92.059144156000059, 21.420580832999974 ], [ 92.057769721000113, 21.420317767000085 ], [ 92.057119362000037, 21.420278346000089 ], [ 92.056277729000158, 21.420225465000101 ], [ 92.055794724000066, 21.420231394000098 ], [ 92.055086216000063, 21.420240090000107 ], [ 92.054215664000139, 21.419979460000036 ], [ 92.054187911000099, 21.41997115099997 ], [ 92.053709856000069, 21.419902726000089 ], [ 92.053112792000036, 21.419817265000063 ], [ 92.052925787999982, 21.419548628000143 ], [ 92.051192216000118, 21.419508911000094 ], [ 92.050671834000013, 21.420014242000093 ], [ 92.050682741000116, 21.420795284000064 ], [ 92.051228503000175, 21.421459145000028 ], [ 92.052196002000187, 21.42245198400019 ], [ 92.052327045000141, 21.423287992999974 ], [ 92.052223297000069, 21.424404584000115 ], [ 92.051517857000135, 21.425083775000076 ], [ 92.050867562000064, 21.425482327000168 ], [ 92.049683188000131, 21.426054490000183 ], [ 92.049319477000154, 21.426118392000149 ], [ 92.048315735000017, 21.42629473900007 ], [ 92.047358394000128, 21.426073901000109 ], [ 92.047132796000142, 21.425871239 ], [ 92.046634385000175, 21.425423495000132 ], [ 92.046145969000122, 21.42459184300003 ], [ 92.045628689000125, 21.424024698000096 ], [ 92.045540547000087, 21.423928692000175 ], [ 92.044880936000141, 21.423659046000068 ], [ 92.044354885000075, 21.423896755999976 ], [ 92.04399256, 21.424060482000016 ], [ 92.043103578000171, 21.424461920000056 ], [ 92.04227718400017, 21.425029663000032 ], [ 92.041324478000035, 21.425097723000135 ], [ 92.040667157000087, 21.424992847000169 ], [ 92.039776441000129, 21.425227217000042 ], [ 92.039599754000164, 21.425396442000078 ], [ 92.03871359700014, 21.425965323000185 ], [ 92.038004452000166, 21.426420563000022 ], [ 92.037350258, 21.426541411000073 ], [ 92.036454859000116, 21.426439417000154 ], [ 92.03590992200003, 21.425831937000169 ], [ 92.035420810000062, 21.424946073000058 ], [ 92.035378417000061, 21.42484725700001 ], [ 92.035327924000057, 21.424728214000027 ], [ 92.035112947000073, 21.424222834000147 ], [ 92.034566494000103, 21.42350473900018 ], [ 92.034314683000105, 21.422559543000091 ], [ 92.033921716, 21.421934695000118 ], [ 92.033827123000094, 21.421784284000182 ], [ 92.033287624000138, 21.421567317999973 ], [ 92.032513903000165, 21.421630895000192 ], [ 92.032102416000157, 21.422082923000119 ], [ 92.031448840000053, 21.422203741000146 ], [ 92.031083870000089, 21.42170468900008 ], [ 92.031197022000185, 21.421256282 ], [ 92.031257762000052, 21.421178633000068 ], [ 92.03154827100019, 21.420807244000173 ], [ 92.031659108000042, 21.420191792000026 ], [ 92.031590948000087, 21.419578512000101 ], [ 92.031326116000059, 21.419498437000129 ], [ 92.031231989000162, 21.419469976000187 ], [ 92.030891175000193, 21.419414533000122 ], [ 92.030427262999979, 21.419339063000109 ], [ 92.030396779000171, 21.419220453000037 ], [ 92.030381393000141, 21.419170320000092 ], [ 92.030324890000145, 21.418986207000046 ], [ 92.030251916000168, 21.418719842000087 ], [ 92.030218398000045, 21.418597497 ], [ 92.030162550000057, 21.418455236000057 ], [ 92.030093139000087, 21.418213897999976 ], [ 92.030049931000065, 21.418111341000099 ], [ 92.029904283000064, 21.417971481000109 ], [ 92.029771297000082, 21.417833023000185 ], [ 92.029684554000085, 21.417602925000153 ], [ 92.029653235000069, 21.417299459000105 ], [ 92.029597716000183, 21.416979180000169 ], [ 92.029250964000084, 21.416855323000107 ], [ 92.02922425100013, 21.416843190000066 ], [ 92.02891338500018, 21.416701998000121 ], [ 92.028724358000034, 21.416594205000024 ], [ 92.028724357000158, 21.416484686000103 ], [ 92.028702969000165, 21.416338660000065 ], [ 92.028669438000122, 21.416170333000082 ], [ 92.028618106000124, 21.416086367999981 ], [ 92.028588875000139, 21.416014352000104 ], [ 92.028531862000136, 21.415864078000084 ], [ 92.028518443000166, 21.415668867000022 ], [ 92.028523195000048, 21.415532797000139 ], [ 92.028532559999974, 21.41537094600011 ], [ 92.028512502000126, 21.415280571000039 ], [ 92.028486953000026, 21.415195387999972 ], [ 92.028462001000094, 21.415131225000096 ], [ 92.028419224000061, 21.415051575000064 ], [ 92.028388028000109, 21.415019008000172 ], [ 92.028382573000101, 21.414918577000094 ], [ 92.028362374000153, 21.414827862000152 ], [ 92.028355245000171, 21.414782505 ], [ 92.028396833000045, 21.414706173000127 ], [ 92.028578353000171, 21.414541390000068 ], [ 92.028658841000038, 21.414439009000034 ], [ 92.028682607000064, 21.414333915000043 ], [ 92.028685577000147, 21.414170741000021 ], [ 92.028685577000147, 21.414024160000054 ], [ 92.028670725000154, 21.413844390000122 ], [ 92.028629135000074, 21.413789076000171 ], [ 92.028385545000162, 21.413769716000161 ], [ 92.028040954000176, 21.413719934000142 ], [ 92.027925100000175, 21.413667386000043 ], [ 92.027895394000041, 21.413598244000184 ], [ 92.027895394000041, 21.413534633000154 ], [ 92.027948865000099, 21.413435069000116 ], [ 92.027969659000064, 21.413360395000154 ], [ 92.027963718000194, 21.413271894 ], [ 92.027868659000035, 21.413089357999979 ], [ 92.027841212000169, 21.41306124800019 ], [ 92.027813898000034, 21.413083107000091 ], [ 92.027701098000136, 21.413092108000058 ], [ 92.027418548000185, 21.413165925000044 ], [ 92.027416152000171, 21.413131747000023 ], [ 92.027382444000068, 21.412650780000149 ], [ 92.027067324000086, 21.411972419000051 ], [ 92.02658356, 21.410931005 ], [ 92.026508795000154, 21.41078579100008 ], [ 92.026154968000071, 21.410098558000186 ], [ 92.025310123999986, 21.409327588000167 ], [ 92.024889261000112, 21.409054971000046 ], [ 92.023626762000163, 21.408286779000093 ], [ 92.023554524000076, 21.408246769000186 ], [ 92.023400803000015, 21.408161630000109 ], [ 92.022545622000052, 21.407687980000048 ], [ 92.021284700000194, 21.407032639000079 ], [ 92.020441420000054, 21.40637225200004 ], [ 92.020316726000033, 21.40598316400019 ], [ 92.020018115000084, 21.405231283000035 ], [ 92.019464726000081, 21.403837869000029 ], [ 92.018098787000099, 21.40191883000017 ], [ 92.01708564400019, 21.400604853000061 ], [ 92.014535965, 21.398879233000116 ], [ 92.012835066000036, 21.397645177000129 ], [ 92.012237732000187, 21.397199325000031 ], [ 92.012055243000077, 21.397063114000048 ], [ 92.011559042000158, 21.396692743000017 ], [ 92.010656018000077, 21.395750852000162 ], [ 92.010107180000148, 21.39517838200004 ], [ 92.009384801000124, 21.394424890000039 ], [ 92.007874676000142, 21.39396553000006 ], [ 92.007480106000173, 21.393732136000096 ], [ 92.007187431000034, 21.393706270000109 ], [ 92.006703131000108, 21.393663469000046 ], [ 92.006326167000168, 21.394040513000164 ], [ 92.004933753000103, 21.395662458000118 ], [ 92.004519523000113, 21.395795710000129 ], [ 92.003701803000126, 21.396058753000148 ], [ 92.003194440000129, 21.3957185430001 ], [ 92.00243479400018, 21.395209160000093 ], [ 92.001937898999984, 21.395145104000164 ], [ 92.001872963000153, 21.395687749 ], [ 92.000915439000153, 21.395656283000051 ], [ 91.999304463000101, 21.395443065 ], [ 91.998698958000148, 21.394700586000113 ], [ 91.998772388000191, 21.394645510000032 ], [ 91.999531861000037, 21.394207471000129 ], [ 91.999596809000082, 21.39415250899998 ], [ 92.000288720000071, 21.393577550000145 ], [ 92.001180414000146, 21.391607146000183 ], [ 92.003274352000176, 21.387949361000096 ], [ 92.005226908000111, 21.385200875000066 ], [ 92.00758082100009, 21.381971172000078 ], [ 92.009133165000094, 21.379803173000028 ], [ 92.013337349000153, 21.373826088000101 ], [ 92.015541155000051, 21.3708374200001 ], [ 92.017393430000084, 21.368234520000044 ], [ 92.018791785000076, 21.366018628 ], [ 92.02043054, 21.362749966000081 ], [ 92.021610813000052, 21.35953422700004 ], [ 92.02216826900019, 21.357977257000186 ], [ 92.022986108999987, 21.355692988000101 ], [ 92.023260347000132, 21.355172653000125 ], [ 92.02337685800012, 21.354399087000047 ], [ 92.023516080000093, 21.353392702 ], [ 92.023662600000137, 21.351952733000132 ], [ 92.024051496000141, 21.351112831000137 ], [ 92.024396389000174, 21.350367958000049 ], [ 92.024817876000157, 21.349400630000105 ], [ 92.025190233000103, 21.348655394000104 ], [ 92.025289943000189, 21.348486925000088 ], [ 92.025965862000078, 21.346445782000046 ], [ 92.02637611900019, 21.345489811000107 ], [ 92.026645797000128, 21.344698021000113 ], [ 92.027203622000172, 21.343345202000023 ], [ 92.027852142000199, 21.341540468000062 ], [ 92.028570104000096, 21.339000240000075 ], [ 92.029226068000185, 21.336626711000065 ], [ 92.030675932000065, 21.332455044000085 ], [ 92.031213229, 21.33072810900012 ], [ 92.032194354000126, 21.327896635000172 ], [ 92.033661039000037, 21.323291053000105 ], [ 92.034752594000054, 21.317414832 ], [ 92.034738707000031, 21.316407371000082 ], [ 92.034732182000141, 21.315933979000135 ], [ 92.035022328000139, 21.31478351800007 ], [ 92.035370228000147, 21.31410875 ], [ 92.035770737000178, 21.313580098000159 ], [ 92.036467860000187, 21.313294019000011 ], [ 92.037447176000057, 21.312141006000104 ], [ 92.038650796000184, 21.311588781000182 ], [ 92.039777880000145, 21.310111547000133 ], [ 92.040243375000045, 21.308793606000052 ], [ 92.040034549000154, 21.308414576000132 ], [ 92.040079181000124, 21.307982801000037 ], [ 92.040631230000088, 21.307307805000164 ], [ 92.041715954000097, 21.306082218000086 ], [ 92.042486008000083, 21.306233170000155 ], [ 92.04301975400017, 21.305847385000106 ], [ 92.043542178000052, 21.305014087000075 ], [ 92.044031022000183, 21.304234342000143 ], [ 92.044346926, 21.303596970000171 ], [ 92.045283793000181, 21.301706704000082 ], [ 92.045604879999985, 21.301058853000029 ], [ 92.04633834800012, 21.29975209800017 ], [ 92.047271278000039, 21.298089944000139 ], [ 92.047601131000079, 21.297809433000111 ], [ 92.049180912000111, 21.29646594400009 ], [ 92.050321384000142, 21.29539315300002 ], [ 92.051177320000136, 21.294587997 ], [ 92.051303954000105, 21.294264856000041 ], [ 92.051637446000143, 21.29341385000015 ], [ 92.051740959000142, 21.293149706000122 ], [ 92.051865839000129, 21.29234885000011 ], [ 92.052030197000079, 21.291294815000015 ], [ 92.052912822000167, 21.290146140000104 ], [ 92.053184342000065, 21.290070845 ], [ 92.054658663000112, 21.289661994000028 ], [ 92.055825078000112, 21.289564214000109 ], [ 92.056030077000059, 21.289561709000168 ], [ 92.056543446000035, 21.289555436000114 ], [ 92.056876494000051, 21.289551366000126 ], [ 92.057847107000157, 21.289539501000093 ], [ 92.058218139000132, 21.289523887000087 ], [ 92.059283844999982, 21.289479033000077 ], [ 92.060242300000198, 21.289505237000128 ], [ 92.060538819000101, 21.289513343000067 ], [ 92.060714379000046, 21.28951812400004 ], [ 92.0613967540001, 21.289536703000067 ], [ 92.062570816000118, 21.289944517000038 ], [ 92.063839868000116, 21.290728204000118 ], [ 92.064789307000069, 21.291179395000086 ], [ 92.066187393000121, 21.291541539000036 ], [ 92.067102902000101, 21.29159326600012 ], [ 92.067401909000068, 21.291610160000118 ], [ 92.06920171400003, 21.291800266000052 ], [ 92.070179219000181, 21.291900342000133 ], [ 92.071406741000146, 21.292026006000071 ], [ 92.072198561999983, 21.292278168000109 ], [ 92.072472317000177, 21.292365347000157 ], [ 92.072806020000201, 21.292471615000068 ], [ 92.07379827900013, 21.292752895000092 ], [ 92.074570689000097, 21.29337554000017 ], [ 92.074715619000187, 21.294089458000087 ], [ 92.074726431000158, 21.29485965900011 ], [ 92.074728642000082, 21.295017226000084 ], [ 92.074516424000137, 21.295902617000081 ], [ 92.073820491000163, 21.297554827 ], [ 92.073296902000095, 21.298656283000184 ], [ 92.073259403000122, 21.299203117000161 ], [ 92.073535678000155, 21.299662548000072 ], [ 92.07360040400016, 21.299661750000155 ], [ 92.074164963000101, 21.299654790000147 ], [ 92.074790700000051, 21.299437107000131 ], [ 92.075503811000033, 21.299008372000117 ], [ 92.07635412400009, 21.298785653000039 ], [ 92.076894885000172, 21.298864772000115 ], [ 92.077392197000108, 21.299109241 ], [ 92.077530586000137, 21.299421678000044 ], [ 92.077578184000117, 21.299529141000107 ], [ 92.07758764600004, 21.300201827000024 ], [ 92.077641698000093, 21.300876222000113 ], [ 92.077784271000041, 21.301420831000144 ], [ 92.078105729000185, 21.301922591999983 ], [ 92.079188422000129, 21.302204978000077 ], [ 92.080486804000088, 21.301850264000052 ], [ 92.080904498000052, 21.301700604000132 ], [ 92.081693705000021, 21.301415397000028 ], [ 92.083033675000081, 21.300850183000023 ], [ 92.083770612000194, 21.300772450000068 ], [ 92.083930963000057, 21.300755535000178 ], [ 92.084967885000083, 21.300995551000142 ], [ 92.08499309900003, 21.301016515000072 ], [ 92.085468240000182, 21.301411543000086 ], [ 92.085901847000059, 21.301792237000143 ], [ 92.086128337000162, 21.302220655000042 ], [ 92.086204961000078, 21.302443219000168 ], [ 92.086157939000088, 21.302994686999966 ], [ 92.086042836999979, 21.303280548000089 ], [ 92.085962422000193, 21.303480262999983 ], [ 92.08529471300011, 21.304350991000092 ], [ 92.084660675000066, 21.305047456000068 ], [ 92.084135751000133, 21.305622908000089 ], [ 92.083958860000166, 21.30610599400012 ], [ 92.084038666000197, 21.306554292000044 ], [ 92.084267073000149, 21.307118151000111 ], [ 92.08471531400005, 21.307595748999972 ], [ 92.085216639, 21.307950769000058 ], [ 92.085662594000098, 21.308308733 ], [ 92.086107909000077, 21.308578651000118 ], [ 92.086533091000092, 21.308744965000074 ], [ 92.08695412700007, 21.308617823000191 ], [ 92.087188948000062, 21.308483962000025 ], [ 92.087264254000104, 21.308442388000174 ], [ 92.087644693000186, 21.308042564000118 ], [ 92.087822752000079, 21.307642997000187 ], [ 92.088095405, 21.307416097000043 ], [ 92.088591885000085, 21.307427994000079 ], [ 92.089788113000111, 21.307514733000062 ], [ 92.090391753000119, 21.307624536000162 ], [ 92.090856969000072, 21.307709157000147 ], [ 92.091173417000164, 21.307980664000127 ], [ 92.09118147300012, 21.308549508000112 ], [ 92.091170859000101, 21.309118585000078 ], [ 92.091289211000117, 21.309649933000117 ], [ 92.091533319000064, 21.310044254000161 ], [ 92.09199719500009, 21.310347792000073 ], [ 92.092459858000097, 21.310565551000025 ], [ 92.092954395000049, 21.310439736000035 ], [ 92.093338694000124, 21.310313038 ], [ 92.093706428000189, 21.310292654000136 ], [ 92.094018980000101, 21.310288764000177 ], [ 92.094313346000149, 21.310318963999975 ], [ 92.094497504000117, 21.310350535 ], [ 92.094664845000182, 21.310470368000097 ], [ 92.094833371999982, 21.310673722000047 ], [ 92.095020473000147, 21.310912965 ], [ 92.0951890340001, 21.311118573000158 ], [ 92.095524525000087, 21.311457566000058 ], [ 92.095822321000014, 21.311729294000145 ], [ 92.096285506000072, 21.311983159000079 ], [ 92.096693582000114, 21.312266323000074 ], [ 92.097065386000111, 21.312524315000132 ], [ 92.097678920000078, 21.313015615999973 ], [ 92.097869810000077, 21.313478322000094 ], [ 92.097856530000058, 21.313857782000071 ], [ 92.097828356000036, 21.314460942000039 ], [ 92.09785462800005, 21.314995691000149 ], [ 92.097987299000124, 21.315303340000128 ], [ 92.098266816000034, 21.315559489000066 ], [ 92.098672743000179, 21.315640214999974 ], [ 92.099019483000063, 21.315498167000158 ], [ 92.09933057000012, 21.315390430000036 ], [ 92.09991870500005, 21.315365022000037 ], [ 92.100197482999988, 21.31556925100017 ], [ 92.100291466000044, 21.315739661000066 ], [ 92.100386788000151, 21.31596198200009 ], [ 92.1005002120001, 21.316186336000158 ], [ 92.100614084000085, 21.31644229 ], [ 92.100710627000183, 21.316750391000028 ], [ 92.100937187000113, 21.317178782000042 ], [ 92.101137437000148, 21.317371561000073 ], [ 92.1012914060002, 21.317519784000183 ], [ 92.101663921000181, 21.317876358000035 ], [ 92.10194645200005, 21.318258895000156 ], [ 92.102410746000089, 21.31867302 ], [ 92.102873854000052, 21.319003625000107 ], [ 92.103236859000162, 21.319326451000165 ], [ 92.103520209000123, 21.319638984 ], [ 92.103701627000021, 21.31992458000019 ], [ 92.103754977, 21.320008566000013 ], [ 92.103761378000115, 21.320457768000097 ], [ 92.103795265000144, 21.320764391000125 ], [ 92.104112368000187, 21.32133162000008 ], [ 92.104375589000199, 21.321626340000137 ], [ 92.104688873000043, 21.321967848000156 ], [ 92.105090504000145, 21.322168268000041 ], [ 92.105482285000107, 21.322395904000018 ], [ 92.105944089000161, 21.322633951000114 ], [ 92.106335999000066, 21.322870613000134 ], [ 92.106518354000116, 21.323112159000061 ], [ 92.106710840000062, 21.323303908000014 ], [ 92.106991173000097, 21.323404247000042 ], [ 92.107330038000157, 21.323427092000088 ], [ 92.107916792000196, 21.323345231000133 ], [ 92.108314504000077, 21.323313152000082 ], [ 92.10863378300013, 21.323356558000114 ], [ 92.10866728700006, 21.323396046000028 ], [ 92.108836584000073, 21.323595585000078 ], [ 92.108980312000085, 21.32387373600011 ], [ 92.108981119000077, 21.323930170000153 ], [ 92.108365291000098, 21.324759695000125 ], [ 92.107766524, 21.325392586000191 ], [ 92.107403637000118, 21.325796749000119 ], [ 92.107288544000085, 21.326089435000029 ], [ 92.107341381000083, 21.326330346000134 ], [ 92.107463492000193, 21.32648685200013 ], [ 92.107603845000142, 21.326570885000081 ], [ 92.107926033000183, 21.326817448000099 ], [ 92.108277175000069, 21.32698237000011 ], [ 92.108459043000039, 21.327147158000059 ], [ 92.10858149000012, 21.327369132000115 ], [ 92.108671789000027, 21.327559898000118 ], [ 92.108735534000061, 21.327694566000048 ], [ 92.10888851600015, 21.327945508000028 ], [ 92.109071064000148, 21.328157697999984 ], [ 92.109282188000179, 21.328304056000036 ], [ 92.10954211, 21.328366266000046 ], [ 92.11003978399998, 21.328330666999989 ], [ 92.11030755500002, 21.328225708000105 ], [ 92.110604965000107, 21.328129410000145 ], [ 92.110883406000141, 21.328096562000098 ], [ 92.111033193000196, 21.328124031000129 ], [ 92.111123870000142, 21.32818836500013 ], [ 92.111557817000119, 21.328582524000126 ], [ 92.11169105800019, 21.328842742000177 ], [ 92.111863501000187, 21.32906408700012 ], [ 92.112093438000102, 21.329135698000073 ], [ 92.112501276000103, 21.329094449000138 ], [ 92.112900031000152, 21.328881730000035 ], [ 92.11344219200015, 21.328671722000081 ], [ 92.113766469000041, 21.328516377000085 ], [ 92.114005799000154, 21.32840274 ], [ 92.114373332000071, 21.32832361200002 ], [ 92.114969992000056, 21.328259662999983 ], [ 92.115316065, 21.32807017600004 ], [ 92.115512476, 21.327862255000127 ], [ 92.115561690000163, 21.327601936 ], [ 92.115595905000077, 21.32742095600014 ], [ 92.115522966000185, 21.327207394000084 ], [ 92.115496965000091, 21.327074516999971 ], [ 92.115490456000146, 21.32704073400015 ], [ 92.115577380000047, 21.32684322200015 ], [ 92.115685377000034, 21.326728978000062 ], [ 92.115933783000173, 21.326660379000032 ], [ 92.116112662000091, 21.326658126000098 ], [ 92.116342811000038, 21.326702639000132 ], [ 92.116613434000158, 21.326839207000035 ], [ 92.116841914000076, 21.326809237000077 ], [ 92.117168328000048, 21.32663580000019 ], [ 92.117376802000081, 21.3265970490001 ], [ 92.117697469000063, 21.326694606000103 ], [ 92.117888335000032, 21.326814116000037 ], [ 92.118050544000027, 21.327035582000065 ], [ 92.118165247000036, 21.327388593000023 ], [ 92.118246313000157, 21.327622369000039 ], [ 92.118340181000121, 21.327740842000139 ], [ 92.118470481000088, 21.327795642000069 ], [ 92.118708046000108, 21.327727175000177 ], [ 92.118867392000141, 21.327707104000183 ], [ 92.119067300000154, 21.327742965000027 ], [ 92.119519258000082, 21.328005930000074 ], [ 92.120030099000132, 21.328216224000016 ], [ 92.120468432000109, 21.328419074000124 ], [ 92.120551924000097, 21.328478302000065 ], [ 92.12074476100014, 21.328692606 ], [ 92.120776932000012, 21.328877332000047 ], [ 92.120699442000046, 21.329018284000142 ], [ 92.12050209500012, 21.329160752 ], [ 92.1203645880002, 21.329275369000186 ], [ 92.120237240000165, 21.329425985000057 ], [ 92.120220055000061, 21.329613589000132 ], [ 92.120212218, 21.329780755000058 ], [ 92.120124617000158, 21.329930867000087 ], [ 92.12000656400005, 21.330015888999981 ], [ 92.119818723000094, 21.330149206000101 ], [ 92.119741783000109, 21.330328533000113 ], [ 92.119794724000144, 21.330533314000093 ], [ 92.119896245000064, 21.330681040000059 ], [ 92.120099107000158, 21.330922310000119 ], [ 92.120239490000131, 21.330965692000177 ], [ 92.120349708000049, 21.331047836000039 ], [ 92.120370393000087, 21.331104017000143 ], [ 92.120291960000031, 21.331179511000187 ], [ 92.120102580000037, 21.331163838 ], [ 92.119973085000026, 21.33116547200018 ], [ 92.119844402000126, 21.331223537000085 ], [ 92.11983617400017, 21.331363617000136 ], [ 92.119908864000138, 21.33155911800003 ], [ 92.120061704000193, 21.331798762000176 ], [ 92.120223749, 21.331966043000079 ], [ 92.12034459400013, 21.3320751440001 ], [ 92.120535683000071, 21.332167554000137 ], [ 92.120725713000127, 21.332228372000031 ], [ 92.120926569000062, 21.332329690000051 ], [ 92.120996902000115, 21.332403304000081 ], [ 92.121028772000102, 21.332524817000092 ], [ 92.120999858000175, 21.332608716000038 ], [ 92.120931665000114, 21.332684082000071 ], [ 92.120822597000199, 21.332723838000163 ], [ 92.12062336300005, 21.332735383000113 ], [ 92.120482948000074, 21.332689744000163 ], [ 92.120342616000187, 21.332607982000127 ], [ 92.120212049000088, 21.332535127000085 ], [ 92.120091120000154, 21.332462147000058 ], [ 92.119932501000051, 21.332491241000184 ], [ 92.119863963000057, 21.332584670000188 ], [ 92.119815334000066, 21.332680106000055 ], [ 92.119818416000157, 21.332894546000034 ], [ 92.119811473000198, 21.333082023000031 ], [ 92.119786030000114, 21.333407449000106 ], [ 92.119728282000153, 21.333539123000037 ], [ 92.119694824000192, 21.333977534000155 ], [ 92.119728781999981, 21.334286409000015 ], [ 92.119812522000188, 21.334538212000155 ], [ 92.11989417000018, 21.334686190000127 ], [ 92.119995011000071, 21.334786512000107 ], [ 92.120274011000106, 21.334792022000045 ], [ 92.120562181000139, 21.334722912000188 ], [ 92.120939231000079, 21.334634618000166 ], [ 92.12113872600014, 21.334641129999966 ], [ 92.121418959000152, 21.334732415000133 ], [ 92.121559898000157, 21.334814168999969 ], [ 92.121764363000125, 21.335166043000129 ], [ 92.121774481000045, 21.335232507000171 ], [ 92.121808272000123, 21.335454470000116 ], [ 92.121930226000075, 21.335640317000127 ], [ 92.122061996000127, 21.335796691000098 ], [ 92.122233260000087, 21.335934502000043 ], [ 92.122363442000051, 21.335980270000107 ], [ 92.122612801000173, 21.33597711900012 ], [ 92.122731767000062, 21.335955297000112 ], [ 92.122930353000129, 21.335898604000079 ], [ 92.123079437000058, 21.335876400000018 ], [ 92.123209616000054, 21.335922167000035 ], [ 92.123270056000081, 21.33597784400007 ], [ 92.123343144999978, 21.336200431000123 ], [ 92.123407618000101, 21.336536008999985 ], [ 92.123470203000011, 21.336740667000072 ], [ 92.123541958000033, 21.33687070600007 ], [ 92.123712413000192, 21.336952083000142 ], [ 92.12385228100004, 21.336959346000128 ], [ 92.124050836000038, 21.3369003950001 ], [ 92.124228262000145, 21.336796556000138 ], [ 92.124397252999984, 21.336776358000066 ], [ 92.124567156000126, 21.336819363000188 ], [ 92.124688221000099, 21.336901365000017 ], [ 92.12476065900006, 21.337078805000147 ], [ 92.124762544000134, 21.337209726000026 ], [ 92.124724548000188, 21.337332121000145 ], [ 92.124635323000177, 21.337369372000126 ], [ 92.124545707000038, 21.337379537000174 ], [ 92.124377267000114, 21.337438107000025 ], [ 92.124229095000146, 21.33752351600009 ], [ 92.124161372000117, 21.337673378000034 ], [ 92.123965644000066, 21.33792871300011 ], [ 92.123898474000043, 21.338116949000039 ], [ 92.123881969000195, 21.338349362000031 ], [ 92.123973448000186, 21.338470457000028 ], [ 92.124234723000029, 21.338625189000027 ], [ 92.124454393000121, 21.338651761000108 ], [ 92.12463320500018, 21.33860208800013 ], [ 92.124800832000062, 21.338487086000043 ], [ 92.12499968000003, 21.338448446000029 ], [ 92.125109221000116, 21.338483184000097 ], [ 92.125170399000183, 21.338547881000181 ], [ 92.12521164900005, 21.338651214000151 ], [ 92.125213667000025, 21.338791164000156 ], [ 92.12521488200008, 21.338875474000019 ], [ 92.125216204000196, 21.338967229000048 ], [ 92.125357909000058, 21.339143793000119 ], [ 92.125570352000182, 21.339337524000086 ], [ 92.125751132, 21.339466180000045 ], [ 92.125891394000064, 21.33950052800003 ], [ 92.126081207000084, 21.339545538000039 ], [ 92.126201283000057, 21.339600458000177 ], [ 92.126243658000078, 21.339739899000051 ], [ 92.126235437000048, 21.339879976000191 ], [ 92.126079431999983, 21.340132553000046 ], [ 92.125971613000047, 21.340217451000115 ], [ 92.125932884000122, 21.34033082500008 ], [ 92.125935033000076, 21.340479804999973 ], [ 92.126076532000127, 21.340599926999971 ], [ 92.126354598000034, 21.340539965000175 ], [ 92.12670175400018, 21.340424945000052 ], [ 92.127018337000152, 21.340278704000127 ], [ 92.127226271000154, 21.340201567000065 ], [ 92.127444997000111, 21.340162675000045 ], [ 92.127614253000104, 21.340160531000038 ], [ 92.127764153000044, 21.340194753000048 ], [ 92.12785514, 21.340279393000117 ], [ 92.127888057000177, 21.340473135000138 ], [ 92.127910770000199, 21.340669265000031 ], [ 92.127875346999986, 21.340969985000072 ], [ 92.128009834000011, 21.341313703000083 ], [ 92.128077677000078, 21.341881776999969 ], [ 92.128183645000092, 21.342336485000146 ], [ 92.128295583000124, 21.342495358000065 ], [ 92.128349956000136, 21.342533788000026 ], [ 92.128436794000038, 21.342595164000159 ], [ 92.128777331000038, 21.342730825000103 ], [ 92.128918834000103, 21.342850945000066 ], [ 92.129080395000074, 21.343024995000064 ], [ 92.129311177000147, 21.34315301200013 ], [ 92.129572207000081, 21.343289681000158 ], [ 92.129852899000014, 21.343369654000071 ], [ 92.130162670000175, 21.343460548000166 ], [ 92.130452481000077, 21.343504283000129 ], [ 92.130772850000199, 21.343619875000115 ], [ 92.131042311000044, 21.343672898000136 ], [ 92.131291943000065, 21.343687790000104 ], [ 92.131482156000118, 21.34375988000005 ], [ 92.131534174000137, 21.343899196000052 ], [ 92.13149781400017, 21.344134454000141 ], [ 92.1314822450002, 21.344432664000124 ], [ 92.131564855000079, 21.344646092000175 ], [ 92.131736009000065, 21.34477486500009 ], [ 92.131985464000195, 21.344819107000035 ], [ 92.13207882800009, 21.344817925000086 ], [ 92.132284832000096, 21.344815306000157 ], [ 92.132463599000062, 21.344804008000096 ], [ 92.132652574000133, 21.344790320000016 ], [ 92.132743140000173, 21.344845613000075 ], [ 92.132755142000065, 21.344967373000031 ], [ 92.132728813000142, 21.345229594000159 ], [ 92.132792236000114, 21.34549067800009 ], [ 92.13306459100005, 21.345701699000017 ], [ 92.13347553300008, 21.345872576000033 ], [ 92.13381650600013, 21.346037568000042 ], [ 92.134016407999979, 21.346071149000068 ], [ 92.13421526400009, 21.346032502000128 ], [ 92.134373729000174, 21.345992107000086 ], [ 92.134565105000036, 21.346102556000062 ], [ 92.134794785000167, 21.346153822000076 ], [ 92.135111270000152, 21.346000793000087 ], [ 92.135179931000096, 21.345916388000148 ], [ 92.135497759000089, 21.345855906000111 ], [ 92.135747135000088, 21.345852734 ], [ 92.135915185000158, 21.34576706200005 ], [ 92.135963106000133, 21.345664859000181 ], [ 92.136050534000105, 21.345503453000163 ], [ 92.136168928000131, 21.345400350999967 ], [ 92.136287768000159, 21.345369491000099 ], [ 92.136417831000188, 21.345406217000118 ], [ 92.136558785000148, 21.345487957000103 ], [ 92.136599239000077, 21.345541690000061 ], [ 92.136649700000078, 21.345608714000093 ], [ 92.136780548000104, 21.345699613000022 ], [ 92.136921929000152, 21.345810697 ], [ 92.137042832000134, 21.345922042000041 ], [ 92.137093906000075, 21.345995894000112 ], [ 92.137174628000196, 21.346078402000046 ], [ 92.137216885000043, 21.346208807000096 ], [ 92.137217388000181, 21.346243460000039 ], [ 92.137219043000016, 21.346357786000056 ], [ 92.137269778000075, 21.346449704 ], [ 92.137439728000118, 21.346494951000125 ], [ 92.137668144000145, 21.346417541000108 ], [ 92.137826345000178, 21.346359086000177 ], [ 92.137994397000057, 21.346273411000084 ], [ 92.138123902000018, 21.346271764000051 ], [ 92.138174029000197, 21.346280156000034 ], [ 92.138284867000095, 21.346362279000175 ], [ 92.138365197000041, 21.346417697000106 ], [ 92.138495915000192, 21.346499566000091 ], [ 92.138716515000112, 21.346589320000021 ], [ 92.138935935000177, 21.34659781300013 ], [ 92.139095003000193, 21.346557407000148 ], [ 92.13924412199998, 21.346537448 ], [ 92.139333875000034, 21.346536304000097 ], [ 92.139394030000119, 21.346571658000187 ], [ 92.139544232000162, 21.346626189000176 ], [ 92.139674822000131, 21.346699027000113 ], [ 92.139725591000115, 21.346793201000139 ], [ 92.139757739000117, 21.346932766 ], [ 92.139770012000156, 21.347072583000113 ], [ 92.139821963000088, 21.347248018000187 ], [ 92.139924410000162, 21.34741603700013 ], [ 92.140056079000146, 21.347563365000042 ], [ 92.140307149000137, 21.347718201000077 ], [ 92.140498584000056, 21.34787379800008 ], [ 92.141141235000191, 21.348192962000041 ], [ 92.141554521000103, 21.348524083000143 ], [ 92.142017335000048, 21.348863602000108 ], [ 92.142378771000097, 21.349026057000117 ], [ 92.142749452000146, 21.349161301000095 ], [ 92.143119312000181, 21.349240114000168 ], [ 92.143756087000042, 21.349195863000148 ], [ 92.144261197000048, 21.349173621999967 ], [ 92.144343065000101, 21.349170326999968 ], [ 92.143833163000181, 21.350025712000161 ], [ 92.143517887000201, 21.350758959000132 ], [ 92.142811923000068, 21.3515558900001 ], [ 92.142696209000064, 21.352589111000043 ], [ 92.142710291000185, 21.353557464000176 ], [ 92.142726179000078, 21.354649963000043 ], [ 92.141958676000058, 21.35569150300006 ], [ 92.141963321, 21.356010889 ], [ 92.141967506000071, 21.356298697000057 ], [ 92.141455514000199, 21.356971239000075 ], [ 92.141335360000198, 21.35769973400005 ], [ 92.140954116000103, 21.358372861000078 ], [ 92.140066423000064, 21.360142888000041 ], [ 92.139931190000198, 21.360553208000056 ], [ 92.139503765000086, 21.361850074000074 ], [ 92.139496856000108, 21.362411527000063 ], [ 92.139473923000082, 21.364275171000088 ], [ 92.138064498000119, 21.367577272 ], [ 92.137833578000198, 21.368118280000033 ], [ 92.137515370000131, 21.369558453000081 ], [ 92.137282310000046, 21.370613236000054 ], [ 92.137097949000122, 21.371403502000078 ], [ 92.136771507000162, 21.372671632000163 ], [ 92.136048394000056, 21.37548064200007 ], [ 92.135996810000051, 21.376452087000075 ], [ 92.135352856000111, 21.377006640000047 ], [ 92.134573137000132, 21.377258132000065 ], [ 92.134458874000188, 21.377869985000132 ], [ 92.134391412000127, 21.378231234999987 ], [ 92.134420735000162, 21.378382118000161 ], [ 92.134532693000153, 21.378956401000153 ], [ 92.134028552000132, 21.380177434000188 ], [ 92.133258496000167, 21.381097064000073 ], [ 92.133078245000092, 21.382131105000099 ], [ 92.133231231000138, 21.383705 ], [ 92.133310376, 21.384674783999969 ], [ 92.132804441000189, 21.385773923000045 ], [ 92.132812511000111, 21.386330445000112 ], [ 92.13281851500011, 21.386744534000172 ], [ 92.1329624560002, 21.387652538000168 ], [ 92.133038069000122, 21.388378539000087 ], [ 92.132853672000067, 21.389168805000111 ], [ 92.132345068000063, 21.390085108000164 ], [ 92.13203405500019, 21.391120810000075 ], [ 92.131999859000018, 21.391341519000093 ], [ 92.131854953000129, 21.392276749000075 ], [ 92.131282392000116, 21.393313518000127 ], [ 92.13057355400008, 21.393929838000133 ], [ 92.130059658000164, 21.394482720000042 ], [ 92.130062486000043, 21.394677871000113 ], [ 92.130068458000039, 21.395089918 ], [ 92.130734208000035, 21.395991289999984 ], [ 92.131075995000174, 21.397077391000039 ], [ 92.130834423000067, 21.398414735000074 ], [ 92.130385592000152, 21.398966793000056 ], [ 92.129218209000101, 21.399467022000181 ], [ 92.12864271300009, 21.40026225400004 ], [ 92.128471703000173, 21.400531522000108 ], [ 92.128399905000094, 21.400644571000157 ], [ 92.127749399000095, 21.401668828000084 ], [ 92.127692507000177, 21.40227685900004 ], [ 92.1278311760002, 21.402821452000069 ], [ 92.128944923000063, 21.403109830000119 ], [ 92.129924408000193, 21.403158339000129 ], [ 92.131495808000182, 21.403501844000061 ], [ 92.131660242000066, 21.403576504 ], [ 92.132021187000191, 21.403738985000018 ], [ 92.132542147000152, 21.403671399000132 ], [ 92.133056943000099, 21.403179452000188 ], [ 92.133572622000031, 21.40274845100015 ], [ 92.134546546000138, 21.402372566000054 ], [ 92.135333696000089, 21.402665063000029 ], [ 92.135636464000129, 21.402961577000042 ], [ 92.136127904000091, 21.40344286100003 ], [ 92.136986949, 21.404161127000179 ], [ 92.137545808000141, 21.404665708999971 ], [ 92.137714319000168, 21.404817853000111 ], [ 92.138562769000032, 21.404807027000118 ], [ 92.138605081000151, 21.404766591000168 ], [ 92.139077550000081, 21.404315063000126 ], [ 92.139785538000012, 21.403640020000125 ], [ 92.139840888000151, 21.402971052 ], [ 92.139830306000192, 21.402244226999983 ], [ 92.139883882000163, 21.401453368000034 ], [ 92.139988951000078, 21.401199420000125 ], [ 92.140262312000061, 21.400538706000191 ], [ 92.140845416000161, 21.400228735000042 ], [ 92.142214704000139, 21.400023062000173 ], [ 92.14229294200004, 21.400011310000082 ], [ 92.142603214000133, 21.399964704000126 ], [ 92.143194240000184, 21.400198715000045 ], [ 92.144310051000048, 21.400669835000144 ], [ 92.144976800000052, 21.401632084000084 ], [ 92.145521633000101, 21.403200939000101 ], [ 92.145868600000085, 21.404591717000073 ], [ 92.146337792, 21.405436834000113 ], [ 92.147141798000121, 21.406880447999981 ], [ 92.147938762000138, 21.407841016000077 ], [ 92.148641707000138, 21.408317892000071 ], [ 92.148993731000132, 21.408556701000066 ], [ 92.150436235000086, 21.409023583000135 ], [ 92.152274871000031, 21.409787885000128 ], [ 92.153527767000128, 21.410681608000118 ], [ 92.154515310000193, 21.411276210000096 ], [ 92.154845470000168, 21.411513529999979 ], [ 92.156355783000151, 21.412162352000053 ], [ 92.156564880000133, 21.412897902000168 ], [ 92.156630996000104, 21.413129577000063 ], [ 92.156845542000099, 21.414400111000191 ], [ 92.156329898000081, 21.41483118300016 ], [ 92.155156715000089, 21.415008944000192 ], [ 92.155027260000111, 21.415028558000074 ], [ 92.154703026000107, 21.415154640000026 ], [ 92.154665592000185, 21.41522662400007 ], [ 92.15419478400014, 21.416131956000015 ], [ 92.154140392999977, 21.416861866000033 ], [ 92.154610537000167, 21.417765640000027 ], [ 92.15501735800018, 21.418789882000056 ], [ 92.156141968000156, 21.419807139000113 ], [ 92.156414483000049, 21.420591540000089 ], [ 92.156431424000118, 21.421744963000037 ], [ 92.15624623500014, 21.422474303000172 ], [ 92.155473486000062, 21.423213461000046 ], [ 92.155155433000118, 21.423761641000112 ], [ 92.155883015000143, 21.42442053200017 ], [ 92.156281876000151, 21.424900782000122 ], [ 92.156293447000166, 21.425688542000103 ], [ 92.156511601000091, 21.427202850000185 ], [ 92.156830163000166, 21.428143141000078 ], [ 92.156920548000073, 21.42840992400005 ], [ 92.157648167000161, 21.429068802000188 ], [ 92.159242491999976, 21.429718754000135 ], [ 92.160337468000193, 21.429943937000019 ], [ 92.161129298000162, 21.430541017000053 ], [ 92.16140452500008, 21.431505975000107 ], [ 92.162138427000059, 21.432589182000129 ], [ 92.162726954000163, 21.432642534000138 ], [ 92.163053014000127, 21.432638321000013 ], [ 92.16324173400011, 21.432150499000159 ], [ 92.163231022000161, 21.431423686000187 ], [ 92.163284466000107, 21.430632833000175 ], [ 92.163734147000127, 21.430141636000144 ], [ 92.164581865000059, 21.430071978000058 ], [ 92.16536831600007, 21.430303372000026 ], [ 92.16564090300011, 21.431087748999971 ], [ 92.166095076000147, 21.430901264000113 ], [ 92.166087913000183, 21.430415972000105 ], [ 92.166343513000186, 21.430049190000148 ], [ 92.167187592000118, 21.429733488000124 ], [ 92.168100358000174, 21.429660713000033 ], [ 92.16835207400004, 21.429754886000126 ], [ 92.168762708000088, 21.4299085130001 ], [ 92.168887745000177, 21.429955291000056 ], [ 92.169351752000125, 21.430434665000121 ], [ 92.170979611000064, 21.430169741000043 ], [ 92.171420179000108, 21.430010787000072 ], [ 92.171498864000171, 21.429982397 ], [ 92.172805142000072, 21.430024145000118 ], [ 92.173179899000047, 21.430192394000073 ], [ 92.173360412000136, 21.430273435000117 ], [ 92.173554731000138, 21.430360675000031 ], [ 92.173987859000135, 21.430555127000162 ], [ 92.17602214600015, 21.431316597000091 ], [ 92.176047883000194, 21.431386252999971 ], [ 92.176090548000104, 21.431498576000138 ], [ 92.176290628000118, 21.431679371000087 ], [ 92.17648708400003, 21.431856892000098 ], [ 92.177275968000117, 21.432210106000014 ], [ 92.17760383100017, 21.432327750000184 ], [ 92.178317144000118, 21.432015953000075 ], [ 92.178630296000108, 21.431102069000133 ], [ 92.178752716000076, 21.430650379000042 ], [ 92.178877751000073, 21.430189038000151 ], [ 92.179039581000097, 21.429937030000076 ], [ 92.179387975000168, 21.429394496000157 ], [ 92.180138708000186, 21.428928488000111 ], [ 92.180487576000132, 21.428711931000066 ], [ 92.180551882000088, 21.428614938000123 ], [ 92.180934473000036, 21.428037862000167 ], [ 92.181642355000179, 21.427362650000077 ], [ 92.181675999000106, 21.427257402000066 ], [ 92.181953971000041, 21.426387827000156 ], [ 92.181715462999989, 21.425751881999986 ], [ 92.181614412999977, 21.425482443000192 ], [ 92.181611932000067, 21.42531560600014 ], [ 92.181604585000059, 21.424821278000081 ], [ 92.182714276000127, 21.424860817000081 ], [ 92.182751585000119, 21.424878854000099 ], [ 92.183578056000044, 21.42527761700012 ], [ 92.185210469000197, 21.425920929000029 ], [ 92.185344841000131, 21.426160738000078 ], [ 92.185868560000188, 21.42627581 ], [ 92.18665141800011, 21.426265586000056 ], [ 92.187167905000138, 21.425895371000081 ], [ 92.187290543000131, 21.425347434000116 ], [ 92.187340815000027, 21.425174501000129 ], [ 92.1874143940002, 21.42492138800003 ], [ 92.187998383000092, 21.424672198000053 ], [ 92.188679819000185, 21.424079370000186 ], [ 92.188707089000104, 21.42405564600017 ], [ 92.188741807000156, 21.422737123000047 ], [ 92.188748654999984, 21.422477052000147 ], [ 92.188993345000199, 21.42138344100016 ], [ 92.189237089000073, 21.420226626999977 ], [ 92.189551062000078, 21.419373674000042 ], [ 92.189601967999977, 21.419360397999981 ], [ 92.190526132000059, 21.419119360000138 ], [ 92.190576215000078, 21.418959874000052 ], [ 92.1907752850002, 21.418325950000053 ], [ 92.190847500000189, 21.417546003000041 ], [ 92.190894628000194, 21.417036999000061 ], [ 92.190898159000028, 21.416998867000075 ], [ 92.191000053000153, 21.415898367000182 ], [ 92.19161648000005, 21.413463402000048 ], [ 92.191897360000041, 21.413231246 ], [ 92.193034666000187, 21.412291217000131 ], [ 92.193610439000111, 21.411495784000124 ], [ 92.193737290000058, 21.41079185500007 ], [ 92.193784480000033, 21.410529988000178 ], [ 92.193851441000163, 21.410158398000135 ], [ 92.193963499000176, 21.408944609000173 ], [ 92.194797441999981, 21.407962927000142 ], [ 92.195891378999988, 21.406916879000107 ], [ 92.196368066000105, 21.405703495000068 ], [ 92.19639418200012, 21.405637016000128 ], [ 92.196183840000117, 21.404669013000102 ], [ 92.19630282300011, 21.403879559000131 ], [ 92.197141556000133, 21.403261276000023 ], [ 92.197714537000024, 21.402283004000083 ], [ 92.198285089000194, 21.401182853000137 ], [ 92.198093898000081, 21.400858565000078 ], [ 92.197682813000085, 21.400161297000125 ], [ 92.197532994000198, 21.39888772900008 ], [ 92.197775772000057, 21.397672227000101 ], [ 92.198344209000084, 21.396391498000071 ], [ 92.199651426000173, 21.395411822000028 ], [ 92.199802707000174, 21.395298445000151 ], [ 92.199828171000149, 21.395279361000178 ], [ 92.200333644000125, 21.394182318000048 ], [ 92.200507676000143, 21.39272389700011 ], [ 92.201665625000089, 21.391616026000179 ], [ 92.201676878000058, 21.391539086000023 ], [ 92.201843292000149, 21.390401376000057 ], [ 92.201694949000057, 21.389188752000052 ], [ 92.202668885000151, 21.388873446000105 ], [ 92.203652810000108, 21.389223979000064 ], [ 92.204119521000109, 21.38988608700015 ], [ 92.205837407000161, 21.391319625999984 ], [ 92.207410614000196, 21.391784297000186 ], [ 92.207496376000165, 21.391812883000057 ], [ 92.208459620000099, 21.39213394900014 ], [ 92.208783012000026, 21.391940146000024 ], [ 92.210011877000056, 21.391203694000183 ], [ 92.211510287000181, 21.391062027000089 ], [ 92.212427319000028, 21.391291488000149 ], [ 92.213088055000185, 21.391829094000059 ], [ 92.214662201000067, 21.392354636 ], [ 92.215257275000056, 21.392893103000063 ], [ 92.21631514000012, 21.393788917000109 ], [ 92.216596140000092, 21.395119419000082 ], [ 92.216640655000162, 21.395179645999974 ], [ 92.216895955000098, 21.395525060000125 ], [ 92.217313753000042, 21.396090326000035 ], [ 92.217448801000046, 21.39627304000004 ], [ 92.217668988000071, 21.397046728000078 ], [ 92.217938124000113, 21.397589494000044 ], [ 92.218402165000043, 21.398068728000112 ], [ 92.2189276040001, 21.398303330000147 ], [ 92.219395391000148, 21.398217465000073 ], [ 92.21964338000015, 21.398171944000126 ], [ 92.220749912000031, 21.397976681000046 ], [ 92.221237140000028, 21.398025958000119 ], [ 92.221795907000171, 21.398082467999984 ], [ 92.22214855600015, 21.39801884600007 ], [ 92.222511712000141, 21.397953328000142 ], [ 92.223155388000123, 21.397398464000048 ], [ 92.223525000000166, 21.397271849000163 ], [ 92.22425914300004, 21.397020355000166 ], [ 92.224974905000124, 21.396888949000129 ], [ 92.226540866000107, 21.396868153000185 ], [ 92.227631167000197, 21.39711880700014 ], [ 92.227784840000197, 21.397154134000118 ], [ 92.228441993000104, 21.397450166999988 ], [ 92.229359085000169, 21.39767952700015 ], [ 92.229876284000056, 21.397370137000109 ], [ 92.230391632000078, 21.39693886200007 ], [ 92.231694845000163, 21.39679960899997 ], [ 92.232104763000109, 21.396706020000181 ], [ 92.232233605000147, 21.396676604000049 ], [ 92.233385420000161, 21.396413625000037 ], [ 92.234357462000105, 21.395976254000175 ], [ 92.235458391000122, 21.395415252000134 ], [ 92.236170456000195, 21.395042291000095 ], [ 92.236954940000089, 21.395151471000077 ], [ 92.237942339000142, 21.395684615000107 ], [ 92.238402756000141, 21.395922281000082 ], [ 92.239050965000047, 21.39566980900014 ], [ 92.239895624000042, 21.395416967000187 ], [ 92.240932706000194, 21.394978691000119 ], [ 92.241726124000138, 21.395634053000038 ], [ 92.243305330000055, 21.39652270900018 ], [ 92.244227082000123, 21.397056690000056 ], [ 92.244364307000183, 21.397479269000087 ], [ 92.244181445000152, 21.398330545000192 ], [ 92.244389327000135, 21.399117897000167 ], [ 92.244856211000013, 21.399777614000129 ], [ 92.245710450000104, 21.400190583000096 ], [ 92.246241191000081, 21.400729790000184 ], [ 92.246707191000041, 21.40133081800019 ], [ 92.246985689000041, 21.402478420000079 ], [ 92.247450766000043, 21.403018503000112 ], [ 92.247463744000072, 21.403867158000082 ], [ 92.247464859000047, 21.4039393810001 ], [ 92.24747026600005, 21.404291472000182 ], [ 92.247417569000049, 21.405141006000122 ], [ 92.247244886000033, 21.405516871000088 ], [ 92.247165016, 21.405690716000151 ], [ 92.246843661000185, 21.405997533000061 ], [ 92.24580409400005, 21.406316236 ], [ 92.244825546000072, 21.406329348000043 ], [ 92.244440969000152, 21.406758916000058 ], [ 92.243859955, 21.40719111300001 ], [ 92.243080917000043, 21.407443100000023 ], [ 92.242558497000175, 21.407450093000136 ], [ 92.241773946000194, 21.407340944000111 ], [ 92.241075991000059, 21.407896207000135 ], [ 92.241000446000157, 21.40795630700012 ], [ 92.240166834000092, 21.408938195000189 ], [ 92.239389639000194, 21.409312047000185 ], [ 92.238815101000057, 21.410170814000082 ], [ 92.237980208000181, 21.411030800000049 ], [ 92.237530846000141, 21.411522173000094 ], [ 92.237349792000032, 21.412495331000173 ], [ 92.237357183000029, 21.412980598000047 ], [ 92.237362719000146, 21.413343987000189 ], [ 92.237823157000037, 21.413579393000134 ], [ 92.238216699000134, 21.413696040000104 ], [ 92.238348714000097, 21.413816183 ], [ 92.238292854000122, 21.41442194900003 ], [ 92.238282953000066, 21.414523669000118 ], [ 92.238179667000054, 21.415577059000043 ], [ 92.238289200000168, 21.416223517000049 ], [ 92.238394913000093, 21.416847428000096 ], [ 92.239064186000178, 21.417931122000027 ], [ 92.23979851900009, 21.419011689 ], [ 92.240306180000061, 21.420090505000076 ], [ 92.240337975000102, 21.42015807000007 ], [ 92.240816688000052, 21.421476446000099 ], [ 92.240951430000166, 21.421847520000085 ], [ 92.241094552000106, 21.422694434000164 ], [ 92.240654434000078, 21.423792965000189 ], [ 92.240400903000193, 21.424281726000061 ], [ 92.239298861000123, 21.424781836000022 ], [ 92.238066645000117, 21.42528368100011 ], [ 92.236968267000179, 21.426025283000172 ], [ 92.236322677000089, 21.42645832200003 ], [ 92.235149055000136, 21.426534948000153 ], [ 92.233775899000193, 21.426372671000138 ], [ 92.233116749000033, 21.425954791000038 ], [ 92.232795355000064, 21.426263844000118 ], [ 92.232821541000135, 21.426613126000063 ], [ 92.23284270500011, 21.426895412000135 ], [ 92.232877023000071, 21.427353144000165 ], [ 92.233017360000076, 21.428019502000041 ], [ 92.233484336000174, 21.428681501000028 ], [ 92.233694042000081, 21.429588486 ], [ 92.233314907000079, 21.430381425000178 ], [ 92.232730989000061, 21.43063077100004 ], [ 92.232475599000111, 21.430999898000096 ], [ 92.232221993000053, 21.431486391000135 ], [ 92.232427095000162, 21.432090931000062 ], [ 92.232967375000101, 21.433246200000156 ], [ 92.23320117500009, 21.435780697000155 ], [ 92.233026306000113, 21.436846328000115 ], [ 92.232964461000051, 21.43722405800014 ], [ 92.232948693000139, 21.43732036900019 ], [ 92.232902212000113, 21.437604257000032 ], [ 92.232528620000096, 21.438762839000162 ], [ 92.230610113000125, 21.441395870000122 ], [ 92.229314484000099, 21.442020413000023 ], [ 92.228477841000085, 21.442819435000047 ], [ 92.228288406000104, 21.443246375000058 ], [ 92.228363328000114, 21.443852655000114 ], [ 92.228719903000183, 21.443949037000095 ], [ 92.229215022000062, 21.444082865000155 ], [ 92.229547618000197, 21.444106638999983 ], [ 92.229933781999989, 21.444134242000075 ], [ 92.230978289000177, 21.444120317000056 ], [ 92.231761217000155, 21.444109875000095 ], [ 92.232740955, 21.444157756000038 ], [ 92.234381755000072, 21.444743127000095 ], [ 92.234791994000147, 21.445949939000116 ], [ 92.235397522000198, 21.44715414000018 ], [ 92.235474334000116, 21.44788229400001 ], [ 92.235287670000162, 21.448489807000101 ], [ 92.235289528000123, 21.448611686000163 ], [ 92.2352904560002, 21.448672629000157 ], [ 92.235556052000163, 21.448971587000187 ], [ 92.236144044000127, 21.449024680000036 ], [ 92.236726167000086, 21.448653438000065 ], [ 92.237309541000172, 21.448404081000092 ], [ 92.237317841000163, 21.448948032000089 ], [ 92.237460691000081, 21.449736255 ], [ 92.237924044000124, 21.450154471000189 ], [ 92.238248264000163, 21.450028228000122 ], [ 92.238700520000066, 21.449719667000068 ], [ 92.239611474000128, 21.44952461600019 ], [ 92.240460125000084, 21.449513249000063 ], [ 92.24079268800017, 21.449933209000164 ], [ 92.240346024000189, 21.450607418000061 ], [ 92.240142375000119, 21.451024256000096 ], [ 92.2398397770001, 21.451643625000088 ], [ 92.239074432000109, 21.452807465000149 ], [ 92.238367658000072, 21.453543845000127 ], [ 92.23817824200006, 21.453970793999986 ], [ 92.238387246000116, 21.454807373000051 ], [ 92.238525635000087, 21.455361293000067 ], [ 92.239132808000136, 21.456628661000082 ], [ 92.239290674000074, 21.457559923000076 ], [ 92.239348158000041, 21.457899020000127 ], [ 92.239391514000033, 21.458526993000135 ], [ 92.239431780000189, 21.459110185999975 ], [ 92.239512645000048, 21.46014078800016 ], [ 92.239153261000126, 21.462267668000095 ], [ 92.238904327000171, 21.463061132000064 ], [ 92.238851262000139, 21.463849714999981 ], [ 92.238863302000027, 21.464637426000081 ], [ 92.239326708000192, 21.465055635000112 ], [ 92.239725015000033, 21.465474711000184 ], [ 92.24025076900017, 21.465711480000152 ], [ 92.240711384000178, 21.465946860000088 ], [ 92.240717877000122, 21.466371186000174 ], [ 92.240722537000124, 21.466675888000168 ], [ 92.240143875000058, 21.467119342999979 ], [ 92.240077121000013, 21.467169904000173 ], [ 92.239763047000167, 21.46796198200019 ], [ 92.239722994000147, 21.468790054000124 ], [ 92.23971311400004, 21.46899433800013 ], [ 92.239463208000132, 21.469724607000103 ], [ 92.23935072200004, 21.469899891000011 ], [ 92.238953212000013, 21.470519311000089 ], [ 92.238774786000192, 21.47108800500007 ], [ 92.238704264000035, 21.471312777000037 ], [ 92.238587359000064, 21.472224120000021 ], [ 92.238091250000139, 21.473928417000081 ], [ 92.23784043600017, 21.47460000000018 ], [ 92.237253562000092, 21.474666553000077 ], [ 92.236599463000061, 21.474555660000021 ], [ 92.236338435000107, 21.474559153000087 ], [ 92.235424530000103, 21.474571381000032 ], [ 92.234707478000075, 21.474641923000149 ], [ 92.234359373000188, 21.474809019000134 ], [ 92.234059217000038, 21.474953097000139 ], [ 92.234006130000182, 21.475741681000045 ], [ 92.234018181000181, 21.476531653 ], [ 92.233570454000187, 21.477142652000055 ], [ 92.232720710000194, 21.477093055000125 ], [ 92.232001785000136, 21.477041707000126 ], [ 92.230952111000136, 21.476692262000086 ], [ 92.230161013000043, 21.476217455000153 ], [ 92.229825659000198, 21.475616912000078 ], [ 92.228776289000052, 21.475326144 ], [ 92.228519894000101, 21.475634330000105 ], [ 92.228336887000125, 21.476485600000046 ], [ 92.22802778800002, 21.476659035000068 ], [ 92.226783588000103, 21.477355137000131 ], [ 92.224955733000172, 21.477379483 ], [ 92.223673557000097, 21.477482336999969 ], [ 92.223492748000183, 21.477527636000104 ], [ 92.223006159000136, 21.478163962000167 ], [ 92.22288065000015, 21.478316884000037 ], [ 92.222121484000013, 21.479904998000166 ], [ 92.222016427000142, 21.481604057000141 ], [ 92.222816118000139, 21.48268380900015 ], [ 92.223587321000082, 21.483225788000141 ], [ 92.224004660000048, 21.483519080000065 ], [ 92.224675400000137, 21.484722441000031 ], [ 92.224830212000143, 21.48629839400013 ], [ 92.224861546000056, 21.488359099000036 ], [ 92.223188353000126, 21.489959391000127 ], [ 92.221119530000067, 21.491321114000073 ], [ 92.219046966000178, 21.492439052000179 ], [ 92.217634730000043, 21.494035827000062 ], [ 92.217399392000118, 21.49573661900007 ], [ 92.217428824000081, 21.497677703000136 ], [ 92.216792396000187, 21.498778803000107 ], [ 92.213535383000078, 21.499307383000144 ], [ 92.21144616000015, 21.49933506800005 ], [ 92.210022264000088, 21.499353919999976 ], [ 92.209226695000098, 21.499364448000165 ], [ 92.208040534000077, 21.498650952000105 ], [ 92.206850737000138, 21.497695937 ], [ 92.205274558000042, 21.497111738000115 ], [ 92.205129086000056, 21.496142913000142 ], [ 92.203948478000086, 21.495795034000025 ], [ 92.202918772000146, 21.496777112000132 ], [ 92.202685095000106, 21.498599777000038 ], [ 92.202868031000094, 21.499682447000055 ], [ 92.203114802000187, 21.501142880000032 ], [ 92.203431320999982, 21.504777871000158 ], [ 92.202802071000178, 21.506364203000146 ], [ 92.202421082000171, 21.507096158000024 ], [ 92.201917153000124, 21.508315113000094 ], [ 92.201657893000174, 21.508440442000051 ], [ 92.200872168000103, 21.508328894000044 ], [ 92.200081576000059, 21.507853942 ], [ 92.198119429000144, 21.507638236000105 ], [ 92.195901045000085, 21.50778934300007 ], [ 92.194736725000041, 21.508531589000029 ], [ 92.193958406000036, 21.508029355000076 ], [ 92.193813470000123, 21.507936443000176 ], [ 92.19340577000014, 21.506851403000098 ], [ 92.192995609000036, 21.505642224000155 ], [ 92.190512533000117, 21.505555174000051 ], [ 92.190431739000189, 21.505518945000176 ], [ 92.188409261000174, 21.504612009000084 ], [ 92.187584532000074, 21.504071219000139 ], [ 92.18695783600009, 21.503660276000119 ], [ 92.186599394000098, 21.502180730000134 ], [ 92.186401192, 21.501362592000078 ], [ 92.185868123000034, 21.500640377000138 ], [ 92.185727818000089, 21.50049321400013 ], [ 92.18520742000004, 21.50013430000007 ], [ 92.185001507000095, 21.499471012000072 ], [ 92.185155837000082, 21.498861707 ], [ 92.185571719000052, 21.49828058300011 ], [ 92.186052244000109, 21.497667006000029 ], [ 92.186337717000185, 21.49711693900008 ], [ 92.186589718000164, 21.496506352000097 ], [ 92.186678044000189, 21.495839213000068 ], [ 92.18667122700009, 21.495383274000062 ], [ 92.186486393000052, 21.495075925000151 ], [ 92.186436841000045, 21.494993527000076 ], [ 92.186105490000045, 21.494693091999977 ], [ 92.185941818, 21.494636538000123 ], [ 92.185844889000066, 21.494728108000061 ], [ 92.185785202000034, 21.495092359000068 ], [ 92.18517246000016, 21.495615106000059 ], [ 92.184761299000115, 21.496471588000077 ], [ 92.184508216000097, 21.497050579000074 ], [ 92.184287855000036, 21.497599794000166 ], [ 92.184170291999976, 21.498450177999985 ], [ 92.184017785000094, 21.498895480000044 ], [ 92.183951276000187, 21.499089677000086 ], [ 92.183769804000065, 21.499362365000081 ], [ 92.183590803000129, 21.49963133600005 ], [ 92.183504172000141, 21.499761509000052 ], [ 92.183157039000093, 21.500585543 ], [ 92.183231356000135, 21.501160255000116 ], [ 92.183594673000073, 21.501460275999989 ], [ 92.183699295, 21.501883331000101 ], [ 92.183575699000073, 21.502370325000072 ], [ 92.183587024000076, 21.50312872 ], [ 92.183697076000101, 21.503915172000063 ], [ 92.183711101000085, 21.504854138000155 ], [ 92.183635220000156, 21.505577796000182 ], [ 92.183625053000071, 21.505674762000183 ], [ 92.183371205000071, 21.506163458000117 ], [ 92.183109088000151, 21.50624059300003 ], [ 92.182812951000074, 21.506327738000039 ], [ 92.182720897000081, 21.506354826000177 ], [ 92.182426330000112, 21.506297724000035 ], [ 92.181933533000119, 21.506091956000091 ], [ 92.181177388000151, 21.505738368000152 ], [ 92.180420302000073, 21.505321576000085 ], [ 92.179811084999983, 21.504919615000176 ], [ 92.179430519000164, 21.504668516000095 ], [ 92.178635030000123, 21.50385940100017 ], [ 92.17787211100017, 21.503049856000075 ], [ 92.177337763000196, 21.502239582000186 ], [ 92.177031311000064, 21.501424077000138 ], [ 92.176760749000039, 21.50079096900015 ], [ 92.176592065000136, 21.500398093000115 ], [ 92.176001919000157, 21.500254526000049 ], [ 92.175283780000143, 21.500263884000162 ], [ 92.174830357000189, 21.500513610000041 ], [ 92.174662655000191, 21.500773045000074 ], [ 92.174415330000045, 21.501155654 ], [ 92.173906210000041, 21.502040481000165 ], [ 92.173728916000073, 21.502493567000158 ], [ 92.173559920000173, 21.502925445000187 ], [ 92.173115172000109, 21.503719131000139 ], [ 92.172462610000139, 21.503759232000164 ], [ 92.171583292000037, 21.503921928000125 ], [ 92.171322635000024, 21.503954669000052 ], [ 92.170506190000083, 21.503965285000049 ], [ 92.170018810000101, 21.504122879000136 ], [ 92.169732356000168, 21.504611983000075 ], [ 92.169842638000091, 21.505459402000156 ], [ 92.16988843300004, 21.506309914000155 ], [ 92.169800495000061, 21.507008653000184 ], [ 92.169676983000102, 21.50746403300019 ], [ 92.169585896000115, 21.507950598000036 ], [ 92.169756948999975, 21.508463103000054 ], [ 92.170022105999976, 21.508732826000085 ], [ 92.170283209, 21.508729429000084 ], [ 92.170474693000074, 21.508424422000132 ], [ 92.17070142100016, 21.508299565000016 ], [ 92.17099689600019, 21.508417629 ], [ 92.171101052000097, 21.508811355000091 ], [ 92.171081942000114, 21.50885277500015 ], [ 92.170974258000058, 21.509086172000025 ], [ 92.170769305000078, 21.509418445000051 ], [ 92.170403116000102, 21.510184010999978 ], [ 92.170422926000128, 21.511517984000136 ], [ 92.170255467, 21.512006685000188 ], [ 92.169921727000144, 21.512980644000038 ], [ 92.169412107000085, 21.513836120000121 ], [ 92.168376672000079, 21.514456866000103 ], [ 92.167597218000083, 21.514769509000132 ], [ 92.166568060000031, 21.515814592000027 ], [ 92.166152082000053, 21.51650445000007 ], [ 92.166102464000062, 21.516586736000136 ], [ 92.165866941, 21.516977320000137 ], [ 92.164395807000119, 21.519029086000046 ], [ 92.164331065000113, 21.519119380000063 ], [ 92.164345445000038, 21.520089955000174 ], [ 92.164325099000166, 21.520507874000032 ], [ 92.164295598000137, 21.521122319000142 ], [ 92.163714803000119, 21.521615233999967 ], [ 92.162811321000163, 21.522353893000115 ], [ 92.162436973000069, 21.523510118000104 ], [ 92.162221688000102, 21.523954388999982 ], [ 92.16199331200005, 21.524425676000192 ], [ 92.161346496000192, 21.524860740000122 ], [ 92.160634509000147, 21.525294391000045 ], [ 92.160262241000055, 21.526633448000041 ], [ 92.160012756000128, 21.52742457700009 ], [ 92.159958373000165, 21.528152228000124 ], [ 92.159972731000096, 21.529122806000146 ], [ 92.159876081000107, 21.529356828000175 ], [ 92.159644853000145, 21.529916702000094 ], [ 92.159468411000148, 21.530343919000018 ], [ 92.158692424000151, 21.530898044000139 ], [ 92.158319863000145, 21.532178406000014 ], [ 92.158213181000178, 21.533816541000135 ], [ 92.158362013000044, 21.535029195999982 ], [ 92.158763286000124, 21.53568999200013 ], [ 92.159288586000059, 21.536217522000072 ], [ 92.15936031200016, 21.536289552000028 ], [ 92.160084913000162, 21.536704594000071 ], [ 92.16021270300007, 21.536712869000155 ], [ 92.16080468600012, 21.536751204000041 ], [ 92.160859369000093, 21.536754746000156 ], [ 92.160902697000154, 21.536758842000097 ], [ 92.161393089000057, 21.536809549000111 ], [ 92.162959106000187, 21.536728289000166 ], [ 92.164010612000141, 21.537139070000137 ], [ 92.164605255000083, 21.537616733000107 ], [ 92.164875381000058, 21.538218258000086 ], [ 92.164904357000125, 21.53862134000002 ], [ 92.164958233000164, 21.539370807000125 ], [ 92.16516985700008, 21.540460727000095 ], [ 92.165313934000153, 21.540965304000167 ], [ 92.165376661000096, 21.541184981000129 ], [ 92.165790314000162, 21.542635749999988 ], [ 92.167706697000199, 21.544125673999986 ], [ 92.167851313000085, 21.544190576000062 ], [ 92.169067609000138, 21.544736436000107 ], [ 92.170468811000092, 21.545365262000075 ], [ 92.171820243000184, 21.546132073000024 ], [ 92.173416984000028, 21.547038049000037 ], [ 92.17349872900013, 21.547084430000041 ], [ 92.175079003000178, 21.547912660000179 ], [ 92.175478298000087, 21.548392826000111 ], [ 92.175941830000056, 21.548811198000067 ], [ 92.176795004000098, 21.549102570000059 ], [ 92.179482822000125, 21.551529206999987 ], [ 92.179616832000193, 21.551650193000057 ], [ 92.179775033000055, 21.55179301600009 ], [ 92.180447343000083, 21.553059742000073 ], [ 92.18065728900001, 21.554027748000067 ], [ 92.180670892000194, 21.554937365000058 ], [ 92.181473176000111, 21.556139174000123 ], [ 92.181803568000134, 21.556487028000163 ], [ 92.181871000000172, 21.556558387000109 ], [ 92.182938141000079, 21.55800053300004 ], [ 92.183679276000078, 21.559507899000039 ], [ 92.184354334000147, 21.560952914000154 ], [ 92.184363438000162, 21.560984868000162 ], [ 92.184767640000018, 21.562403618000133 ], [ 92.1853748690001, 21.563668915000108 ], [ 92.185664412000165, 21.564125598000146 ], [ 92.185910026000045, 21.564512988000047 ], [ 92.185922087000108, 21.564636296000117 ], [ 92.18598699000006, 21.565299865000043 ], [ 92.185281264000082, 21.566157968000084 ], [ 92.18249530200012, 21.567711573999986 ], [ 92.181200154000123, 21.568455475000178 ], [ 92.180039854000199, 21.569502371000112 ], [ 92.180053462000103, 21.57041198800016 ], [ 92.180134048000184, 21.571442635999972 ], [ 92.179674780000198, 21.571822496000152 ], [ 92.179166132000034, 21.572243196000159 ], [ 92.17819820700015, 21.573043748000146 ], [ 92.177293637000105, 21.573723816000097 ], [ 92.176719949000017, 21.574702068000022 ], [ 92.177455657000166, 21.575843803000055 ], [ 92.177607422, 21.577236990000131 ], [ 92.176641280000183, 21.578159422000112 ], [ 92.176263642000038, 21.579135111000085 ], [ 92.175682372000097, 21.579567129000111 ], [ 92.174577128000124, 21.57994503700013 ], [ 92.174585821000051, 21.580527204000077 ], [ 92.174590711000064, 21.580854659000067 ], [ 92.174654788000169, 21.581149225000104 ], [ 92.174801279000121, 21.581822656000156 ], [ 92.17468394500014, 21.582733989000133 ], [ 92.174629677000098, 21.583463890000019 ], [ 92.174441755000032, 21.584012675000054 ], [ 92.173791060000099, 21.584201779000068 ], [ 92.173330142000168, 21.583966240000052 ], [ 92.172929527000122, 21.58336418500005 ], [ 92.172530134000056, 21.582884024 ], [ 92.172005848000197, 21.582768956999985 ], [ 92.171811589000185, 21.582893398000067 ], [ 92.170974778000129, 21.583753159000082 ], [ 92.170528332000117, 21.584488176000036 ], [ 92.170512224000049, 21.584874765000166 ], [ 92.170480334000047, 21.585640159999969 ], [ 92.17108305000005, 21.586603050000065 ], [ 92.172269220000089, 21.587474972000109 ], [ 92.172866485000043, 21.587913996 ], [ 92.174120215000073, 21.588746467000078 ], [ 92.174293424999973, 21.589353744000107 ], [ 92.174327190000042, 21.589472955000133 ], [ 92.174345296000126, 21.590685026000131 ], [ 92.174568562000104, 21.592501703000096 ] ] ] } },
{ "type": "Feature", "properties": { "adm3_name": "Teknaf", "adm3_name1": null, "adm3_name2": null, "adm3_name3": null, "adm3_pcode": "BD20220090", "adm2_name": "Cox's Bazar", "adm2_name1": null, "adm2_name2": null, "adm2_name3": null, "adm2_pcode": "BD2022", "adm1_name": "Chattogram", "adm1_name1": null, "adm1_name2": null, "adm1_name3": null, "adm1_pcode": "BD20", "adm0_name": "Bangladesh", "adm0_name1": null, "adm0_name2": null, "adm0_name3": null, "adm0_pcode": "BD", "valid_on": "2023-05-21T00:00:00", "valid_to": null, "area_sqkm": 367.95196452, "version": "v03", "lang": "en", "lang1": null, "lang2": null, "lang3": null, "adm3_ref_name": null, "center_lat": 20.96925113, "center_lon": 92.23706771000001, "location/upazila": "teknaf", "n_sites": 3, "avg_shelter_severity": 29.333333333333332, "avg_water_severity": 33.333333333333336, "avg_protection_count": 1.0, "pct_health_priority": 66.666666666666671, "protection_severity": 50.0, "needs_score": 43.0, "synthetic_upazila_slug": "teknaf", "official_adm3_name": "Teknaf", "official_adm3_pcode": "BD20220090", "official_adm2_name": "Cox's Bazar", "official_adm2_pcode": "BD2022", "note": null }, "geometry": { "type": "MultiPolygon", "coordinates": [ [ [ [ 92.125496130000045, 21.156578259000185 ], [ 92.123476589, 21.157615080000085 ], [ 92.122527440000113, 21.158186907000072 ], [ 92.12145058599998, 21.158200415000124 ], [ 92.120009788000175, 21.157882082000128 ], [ 92.119743596000149, 21.157738667000103 ], [ 92.119159577000062, 21.156994163000149 ], [ 92.118671735000191, 21.156327473000033 ], [ 92.117713003000119, 21.156226591000063 ], [ 92.116908149000096, 21.157257158000107 ], [ 92.115873516000022, 21.157658432000119 ], [ 92.114923091000037, 21.15750776200008 ], [ 92.112573982000072, 21.156740139000078 ], [ 92.111250357000074, 21.156196747000081 ], [ 92.109410674000173, 21.155666556000142 ], [ 92.108128402000148, 21.155449993000104 ], [ 92.10609283000008, 21.155362463000131 ], [ 92.105250058000195, 21.155036550999966 ], [ 92.10368541400004, 21.154380952 ], [ 92.10296077400011, 21.153940671999976 ], [ 92.102593247000186, 21.153394352000078 ], [ 92.101984657000116, 21.15260719000014 ], [ 92.101613432000192, 21.151713222000069 ], [ 92.101465804000043, 21.150419111000019 ], [ 92.101301727000077, 21.149238092000076 ], [ 92.101218872000061, 21.149164154 ], [ 92.100146416000143, 21.148207103000175 ], [ 92.099084275999985, 21.147296865000158 ], [ 92.098029807000046, 21.146289440000032 ], [ 92.097560742000098, 21.145622447000164 ], [ 92.096722332000184, 21.144960028000185 ], [ 92.096118704000105, 21.143922168000074 ], [ 92.095284525000125, 21.144158275000166 ], [ 92.094813597000041, 21.144726283000068 ], [ 92.094441839000012, 21.143832299 ], [ 92.093714705000082, 21.143166228000041 ], [ 92.09274347000013, 21.142169027000079 ], [ 92.092496161000156, 21.141609905000166 ], [ 92.09248512500011, 21.14082434300019 ], [ 92.092112676000113, 21.140517961000057 ], [ 92.092038969000157, 21.140457328000082 ], [ 92.091443833000142, 21.140706262000094 ], [ 92.091398931000128, 21.140164956999968 ], [ 92.091376067000056, 21.139650472000142 ], [ 92.090687183000057, 21.139049387000057 ], [ 92.090041706000193, 21.137939771999982 ], [ 92.088835878000111, 21.137503602000152 ], [ 92.089335156000175, 21.137171381000087 ], [ 92.090616136000108, 21.136319002 ], [ 92.091101279000043, 21.135996178000141 ], [ 92.092200422000133, 21.134573140000157 ], [ 92.092828305000126, 21.133944114000144 ], [ 92.094054563000157, 21.132399684000063 ], [ 92.095401397000046, 21.13037585800015 ], [ 92.096072839000158, 21.129955017000043 ], [ 92.096840380000174, 21.129473938000103 ], [ 92.097788458000082, 21.128906881000034 ], [ 92.098240339000085, 21.128442503000144 ], [ 92.098419436000086, 21.128139211000075 ], [ 92.099268672000164, 21.126978750000092 ], [ 92.101430944000185, 21.124275721000174 ], [ 92.102926014000104, 21.122665770000083 ], [ 92.104202478, 21.1212006290001 ], [ 92.104929995000077, 21.120200204000184 ], [ 92.105806309000116, 21.119113722000179 ], [ 92.106795502000125, 21.118116353000175 ], [ 92.107208401000094, 21.118051481000123 ], [ 92.108113675000084, 21.118383943000083 ], [ 92.109317536000106, 21.1185145070001 ], [ 92.110448579000149, 21.117857902000026 ], [ 92.110954778, 21.116207802000076 ], [ 92.112042649000045, 21.115793925000048 ], [ 92.115073819000031, 21.116012027000124 ], [ 92.116567514999986, 21.115844031999984 ], [ 92.118309452000176, 21.115224898000122 ], [ 92.119412702000147, 21.114551615000096 ], [ 92.120707821999986, 21.113761222000164 ], [ 92.121552396000084, 21.112868900000024 ], [ 92.121647052000071, 21.11276889100003 ], [ 92.120926583000085, 21.112093974000061 ], [ 92.120703185000082, 21.111884698000154 ], [ 92.12040987000006, 21.111609924000163 ], [ 92.120028964000142, 21.110841665000066 ], [ 92.121016715000053, 21.109184991000177 ], [ 92.121201959000132, 21.108945646000166 ], [ 92.122696175000101, 21.107015008000133 ], [ 92.123229594000122, 21.106325778000098 ], [ 92.123705992999987, 21.105588792000049 ], [ 92.12528504900007, 21.103145939000171 ], [ 92.12604325, 21.102332900000135 ], [ 92.128633144000105, 21.099555596000187 ], [ 92.130077017000076, 21.098600590000046 ], [ 92.132797544000027, 21.096801116 ], [ 92.134898411000052, 21.096004425000103 ], [ 92.136470455000108, 21.095365847000039 ], [ 92.137217561999989, 21.095062358000064 ], [ 92.136978221, 21.094474718000072 ], [ 92.136971042000198, 21.093973026000128 ], [ 92.136997432000101, 21.093148337000059 ], [ 92.137473319000094, 21.091708674000188 ], [ 92.137683763000098, 21.090394010000125 ], [ 92.137753085000156, 21.089960941000072 ], [ 92.13777158, 21.089845402000037 ], [ 92.137762769000062, 21.089229776000082 ], [ 92.137757936000128, 21.088892073000125 ], [ 92.137757556000111, 21.088865566000152 ], [ 92.1377523660002, 21.088502923000078 ], [ 92.137516860000062, 21.087469602000112 ], [ 92.137731124000027, 21.08685054100016 ], [ 92.135740752, 21.086871104000124 ], [ 92.134299510000176, 21.086473827000077 ], [ 92.133957843000019, 21.08575339600003 ], [ 92.133798064000075, 21.08505259400016 ], [ 92.133721736000155, 21.084717815999966 ], [ 92.132065170000033, 21.084738646000119 ], [ 92.130968598000038, 21.085271703000046 ], [ 92.129757816000051, 21.085598474 ], [ 92.128656187000161, 21.085820016000071 ], [ 92.127437125000142, 21.085523744000056 ], [ 92.12665498500013, 21.084910418000106 ], [ 92.125322372000085, 21.084410101000174 ], [ 92.124650883000186, 21.08379538100013 ], [ 92.124482560000047, 21.083673314000066 ], [ 92.126595393000173, 21.081188172000168 ], [ 92.128243958000041, 21.079214564000097 ], [ 92.129014428, 21.078292773000101 ], [ 92.130516167, 21.076509668000085 ], [ 92.130761325000037, 21.076218571000084 ], [ 92.132546577000141, 21.074135009000031 ], [ 92.133426694000036, 21.073107801000106 ], [ 92.134157078000101, 21.072226824000154 ], [ 92.135217942000111, 21.070947208000121 ], [ 92.137417337000102, 21.06865277300011 ], [ 92.137588547000064, 21.068448839000098 ], [ 92.138345289000142, 21.06754745 ], [ 92.139396030000114, 21.066295842000045 ], [ 92.140283155000077, 21.065239110000164 ], [ 92.141716638000105, 21.063554836000094 ], [ 92.142401680000148, 21.062734055000135 ], [ 92.143015431000038, 21.06199868200008 ], [ 92.143437083000094, 21.061557741000115 ], [ 92.14463038100007, 21.060309837000091 ], [ 92.145496674000071, 21.059379402000104 ], [ 92.146827555000129, 21.057949951000069 ], [ 92.147877596000058, 21.056822116000092 ], [ 92.147971988000052, 21.056720730000052 ], [ 92.148941841000124, 21.055583963000061 ], [ 92.149852995000174, 21.054515976000062 ], [ 92.150531138000076, 21.053848012 ], [ 92.151723254000103, 21.052673770000013 ], [ 92.151963640000076, 21.052436986000146 ], [ 92.152819111000099, 21.051386616000116 ], [ 92.153440712000076, 21.050623386000041 ], [ 92.153785093000067, 21.050268226000128 ], [ 92.154460518000121, 21.049571657000115 ], [ 92.154741758000114, 21.049281609000104 ], [ 92.155351016000054, 21.048589385000014 ], [ 92.156376324000178, 21.047424434 ], [ 92.157900706000191, 21.045692398000085 ], [ 92.158230211000159, 21.045361816000081 ], [ 92.159248719000061, 21.044339965000177 ], [ 92.160042623000038, 21.043543444000079 ], [ 92.160145696000143, 21.043440030000056 ], [ 92.160720519000165, 21.042734964000147 ], [ 92.160757710000155, 21.042689344999985 ], [ 92.161801020000098, 21.041409623000163 ], [ 92.163232805000177, 21.039639423000096 ], [ 92.163647071000184, 21.039101533000178 ], [ 92.16452874600003, 21.037956738000048 ], [ 92.165067606000036, 21.037333912000179 ], [ 92.165674771000113, 21.036632132000022 ], [ 92.167112391000046, 21.034970452000039 ], [ 92.167821170000138, 21.034151189 ], [ 92.17024180500016, 21.031512659000043 ], [ 92.170640360000164, 21.031042305000028 ], [ 92.172278213000084, 21.029109355000116 ], [ 92.172659245000148, 21.028659661000063 ], [ 92.172726318000116, 21.028579856000079 ], [ 92.173271521000174, 21.027931164000051 ], [ 92.174001914000144, 21.027062115000035 ], [ 92.175089440000022, 21.02561456900014 ], [ 92.178804245000038, 21.020672340000033 ], [ 92.18076577000005, 21.01778219300013 ], [ 92.180793996000091, 21.017738936000171 ], [ 92.180917516000136, 21.017549703000043 ], [ 92.181171646000053, 21.017160374000071 ], [ 92.182369263000112, 21.015325582000173 ], [ 92.185240335000174, 21.010800447000122 ], [ 92.185634008000136, 21.009725249000155 ], [ 92.186600974000044, 21.008340316000044 ], [ 92.186652758000037, 21.008266148000132 ], [ 92.186838085000034, 21.008000711000079 ], [ 92.187918029, 21.00551931300015 ], [ 92.188128405000043, 21.005035922 ], [ 92.188203645000044, 21.004863041000192 ], [ 92.188592287000063, 21.0034040970001 ], [ 92.188730923000151, 21.002986727 ], [ 92.189297073000091, 21.00128229000012 ], [ 92.189704662000167, 21.000055194000026 ], [ 92.189933885000187, 20.9992006 ], [ 92.190334500000063, 20.997707008000077 ], [ 92.190394962000084, 20.997481589000131 ], [ 92.191058241000121, 20.99610489600019 ], [ 92.191451217000179, 20.994986803000131 ], [ 92.191718759000082, 20.993016921000049 ], [ 92.192256655000165, 20.991332080000177 ], [ 92.192458430999977, 20.990700051000033 ], [ 92.193505875000142, 20.987607087000072 ], [ 92.194617292000032, 20.984201207000183 ], [ 92.194682225000122, 20.984002221000082 ], [ 92.195471812, 20.981939817000125 ], [ 92.195571103000134, 20.981614321 ], [ 92.19703074500012, 20.976829157000054 ], [ 92.197317816000179, 20.975888017000159 ], [ 92.197896806000131, 20.973044894 ], [ 92.197926321000182, 20.972899955 ], [ 92.198103316000129, 20.972030804000156 ], [ 92.198674481000069, 20.970612386000028 ], [ 92.199432122000132, 20.968171187999985 ], [ 92.199674151000181, 20.967391328000133 ], [ 92.200451141000144, 20.964518565000049 ], [ 92.20113813800009, 20.962591001000078 ], [ 92.201369446, 20.961941988000092 ], [ 92.202077211000073, 20.958982064000168 ], [ 92.202230952000093, 20.958650073000115 ], [ 92.202694614000052, 20.957648833000064 ], [ 92.203764233000186, 20.956095276000042 ], [ 92.204167083000129, 20.955458853000039 ], [ 92.20581024300003, 20.95286291900004 ], [ 92.206843146000153, 20.951426540000114 ], [ 92.207237584000097, 20.950878017000093 ], [ 92.20747784200006, 20.950367205000134 ], [ 92.208290769000087, 20.948638819000109 ], [ 92.208451260000118, 20.948297588 ], [ 92.208927734000099, 20.947532852000165 ], [ 92.209740303000103, 20.946228667000184 ], [ 92.210152854000057, 20.945162865999976 ], [ 92.210222492000128, 20.944982959000129 ], [ 92.210568948, 20.94378190600014 ], [ 92.211460135000152, 20.942485738000187 ], [ 92.211470319000114, 20.942459303000021 ], [ 92.212336907, 20.94020992999998 ], [ 92.212510720000125, 20.939571587000046 ], [ 92.213021633000039, 20.937695192000092 ], [ 92.213049436000119, 20.937593083000081 ], [ 92.213666666000165, 20.936259823000114 ], [ 92.213990610000167, 20.935529157000019 ], [ 92.214944197000079, 20.933378266000148 ], [ 92.215178725000158, 20.932889974000091 ], [ 92.215475624000135, 20.932271822000075 ], [ 92.215915328000051, 20.931356335000089 ], [ 92.2164761370002, 20.929253937000055 ], [ 92.216770673000042, 20.928336891000015 ], [ 92.216889727000137, 20.927966213000104 ], [ 92.217461874000151, 20.926676426000029 ], [ 92.218218499000102, 20.92551292700017 ], [ 92.218636855999989, 20.924949882000192 ], [ 92.219021388000044, 20.924432358 ], [ 92.220090659000107, 20.922880985000177 ], [ 92.22088660300011, 20.921330906000094 ], [ 92.222034479, 20.918920590000141 ], [ 92.222600741000178, 20.918200561000162 ], [ 92.222882985000069, 20.917841671000133 ], [ 92.22326088300008, 20.917270101999975 ], [ 92.223595148000129, 20.916764524000087 ], [ 92.223650392000081, 20.915908151 ], [ 92.223636507000037, 20.914966887000105 ], [ 92.223627052000097, 20.914325836999978 ], [ 92.223887092000098, 20.913426158000107 ], [ 92.224783067000089, 20.912473045000183 ], [ 92.224817674000178, 20.912429438000061 ], [ 92.226256751000165, 20.91061610200012 ], [ 92.228980748000197, 20.907117326000161 ], [ 92.229469935000111, 20.906498424000119 ], [ 92.230722502000049, 20.904913692000093 ], [ 92.231328732000122, 20.904194613000186 ], [ 92.232503976000032, 20.902799830000163 ], [ 92.232980313000098, 20.902233706 ], [ 92.234010789000081, 20.90079549100011 ], [ 92.234495633000051, 20.900118793000104 ], [ 92.235149581000201, 20.899370215000147 ], [ 92.236195407000196, 20.898173034000138 ], [ 92.236516756000071, 20.89767517100006 ], [ 92.237641511000106, 20.895932576 ], [ 92.237807555000188, 20.895720878000077 ], [ 92.23947178100002, 20.893599025000128 ], [ 92.239555136000092, 20.893436741000016 ], [ 92.240223626000159, 20.892135246000066 ], [ 92.240286658000059, 20.892040059000124 ], [ 92.240925693000065, 20.891075034000096 ], [ 92.241545655000039, 20.890138799000169 ], [ 92.241736234000086, 20.889850994000085 ], [ 92.242375794000054, 20.888957300000015 ], [ 92.243950027000039, 20.8867574840001 ], [ 92.244053800000188, 20.886612469999989 ], [ 92.245286851000117, 20.884960247000151 ], [ 92.245503518000021, 20.884669920000022 ], [ 92.246353708000015, 20.883552235000025 ], [ 92.247335672000133, 20.882261290000031 ], [ 92.248492276000036, 20.880740721999985 ], [ 92.248954260000119, 20.880144987 ], [ 92.249429741000085, 20.879531841000073 ], [ 92.249487314000135, 20.87944130000011 ], [ 92.251896581000096, 20.875652357999968 ], [ 92.252198020000094, 20.875232508000067 ], [ 92.253117315, 20.873952082000187 ], [ 92.253333806000057, 20.873328379000156 ], [ 92.253563646000089, 20.872754171000111 ], [ 92.253837617000102, 20.872199697000042 ], [ 92.254185484, 20.871523210000134 ], [ 92.25423853500007, 20.871420044000104 ], [ 92.254447060000189, 20.870866434000106 ], [ 92.254870462000042, 20.870145182000158 ], [ 92.255295113000102, 20.869548082000108 ], [ 92.255465891000199, 20.869322326000088 ], [ 92.255850646000113, 20.868949257000054 ], [ 92.256061620000196, 20.868560420000108 ], [ 92.256166008000093, 20.868272323000156 ], [ 92.256196143000011, 20.868216641000174 ], [ 92.256398590000174, 20.867842561000145 ], [ 92.256756533000043, 20.867122171 ], [ 92.257138280000106, 20.866548211000122 ], [ 92.257350122000048, 20.866177423000011 ], [ 92.257838674000141, 20.865477882000164 ], [ 92.258064352000133, 20.865094112000179 ], [ 92.258261481000034, 20.864758890000132 ], [ 92.258357181000122, 20.864613137999982 ], [ 92.25850391400013, 20.864265786000033 ], [ 92.258802503000197, 20.863914165000153 ], [ 92.259077956000169, 20.863461260000065 ], [ 92.259183288000031, 20.863277003 ], [ 92.259396367000136, 20.862989729000049 ], [ 92.259669691, 20.862394617 ], [ 92.259817911000198, 20.862187216 ], [ 92.260051387000146, 20.861816500000089 ], [ 92.260114704000159, 20.86171596500003 ], [ 92.260496384000135, 20.86109910600004 ], [ 92.260601375000192, 20.86089227400015 ], [ 92.260898736, 20.860459396000067 ], [ 92.261112719000039, 20.860233063000067 ], [ 92.261239954000189, 20.860028193000176 ], [ 92.261578714000166, 20.859472854000103 ], [ 92.262111367000102, 20.858833678000167 ], [ 92.262296047000063, 20.85853548800003 ], [ 92.26248253000017, 20.858237274000032 ], [ 92.262659257000109, 20.857932431000108 ], [ 92.262947174000033, 20.857434217000105 ], [ 92.263287164000133, 20.856921756000077 ], [ 92.263606425000148, 20.85650890200003 ], [ 92.26372315600014, 20.856366637000065 ], [ 92.263776847000031, 20.856301203000157 ], [ 92.263796026000136, 20.856138400000077 ], [ 92.264071758000171, 20.855705803000092 ], [ 92.264260778, 20.855296930000122 ], [ 92.264367309000022, 20.855153290000146 ], [ 92.264664656000036, 20.854761043999986 ], [ 92.264960778000045, 20.854246902999989 ], [ 92.265204697000058, 20.853855361000114 ], [ 92.265503892000197, 20.853546622000067 ], [ 92.265844753000067, 20.853133478000188 ], [ 92.266139955000142, 20.852558392 ], [ 92.266369415000156, 20.851963856 ], [ 92.266622642000016, 20.8514728560001 ], [ 92.267044721000048, 20.85067032500001 ], [ 92.267465316000141, 20.849809114999971 ], [ 92.268015520000176, 20.848862655 ], [ 92.268269313000133, 20.848410027000057 ], [ 92.268479925000122, 20.848000862000049 ], [ 92.268809354000155, 20.847547229999975 ], [ 92.269001095000078, 20.847321182000087 ], [ 92.269321849000164, 20.847009896000088 ], [ 92.269680629, 20.846312047000026 ], [ 92.270026245, 20.845688691000134 ], [ 92.270250597000086, 20.845284047000064 ], [ 92.270905454, 20.844072048000044 ], [ 92.271117884000034, 20.84378477000007 ], [ 92.271222230000092, 20.843496671000139 ], [ 92.271434354000064, 20.843189077999966 ], [ 92.271517396000036, 20.842921577000141 ], [ 92.271939777000057, 20.84218224500006 ], [ 92.272288350000053, 20.841565805000073 ], [ 92.272582594000028, 20.840929767000034 ], [ 92.272869551000099, 20.840395632000138 ], [ 92.273089552000101, 20.839986125999985 ], [ 92.273216427000193, 20.839799319000122 ], [ 92.273279413000068, 20.839635932000192 ], [ 92.273635500000125, 20.839004311000053 ], [ 92.274040439000146, 20.838300605000086 ], [ 92.274231213000121, 20.838011357000141 ], [ 92.274398580000195, 20.837602761000085 ], [ 92.274784397000076, 20.836787666000021 ], [ 92.275105228000029, 20.836245577000057 ], [ 92.275295420000134, 20.835917954000024 ], [ 92.275420140000165, 20.835548305000088 ], [ 92.275504439000144, 20.835404955000115 ], [ 92.275885082000116, 20.834727127000178 ], [ 92.276057129000037, 20.834390714000165 ], [ 92.276116621000142, 20.834274786000151 ], [ 92.27626635900009, 20.834008637000068 ], [ 92.276475758000117, 20.833637851000105 ], [ 92.276899914000069, 20.832979761 ], [ 92.277193513999975, 20.83230308800006 ], [ 92.277298453000071, 20.832055612000033 ], [ 92.277359304000015, 20.831790662000117 ], [ 92.277378773000123, 20.831648174000065 ], [ 92.277526317000081, 20.831359493999969 ], [ 92.27758899100013, 20.831175795000149 ], [ 92.277713715000118, 20.830846783000084 ], [ 92.277968098000144, 20.830437028000063 ], [ 92.278335445000096, 20.829635205000045 ], [ 92.278656178000062, 20.829326160000164 ], [ 92.279167652000069, 20.828687223000145 ], [ 92.279679131000023, 20.828088923000166 ], [ 92.280235036000136, 20.827530668000065 ], [ 92.280383535000055, 20.82734582500018 ], [ 92.280769035000162, 20.826993021000078 ], [ 92.280957640000054, 20.826561562 ], [ 92.281064135000065, 20.826417916000025 ], [ 92.281229296000163, 20.825864859000035 ], [ 92.281413310000119, 20.825128686000141 ], [ 92.281474107000065, 20.824820843000111 ], [ 92.281726002000198, 20.824286949 ], [ 92.282051057, 20.82354889700008 ], [ 92.282537535000131, 20.822727417000124 ], [ 92.282888566000111, 20.82205512600018 ], [ 92.283191598000144, 20.821474758000136 ], [ 92.283444399000189, 20.821001809000165 ], [ 92.283694429000093, 20.820305389000112 ], [ 92.284073485000192, 20.819566615999975 ], [ 92.284643868000046, 20.81853857100009 ], [ 92.284886764000078, 20.818086070000049 ], [ 92.285072285000069, 20.817451465000033 ], [ 92.285315851000121, 20.816895148000128 ], [ 92.285326211000097, 20.816871486000082 ], [ 92.285512727000082, 20.816445471000122 ], [ 92.285677593000059, 20.815874357000098 ], [ 92.285931299000083, 20.815462345000128 ], [ 92.286199817000067, 20.81456023700008 ], [ 92.28639442900004, 20.813861580000093 ], [ 92.286467449000043, 20.813599438999972 ], [ 92.286759100000097, 20.812798614000087 ], [ 92.286810048000063, 20.812594749000027 ], [ 92.287087516999975, 20.812286270000129 ], [ 92.287273025000047, 20.811651664000067 ], [ 92.287501695000174, 20.810973588000081 ], [ 92.287839034000115, 20.810336957000061 ], [ 92.287980710000113, 20.810028261000127 ], [ 92.288112171000023, 20.80974181900001 ], [ 92.288267659000098, 20.809527408000122 ], [ 92.288515547000031, 20.80918557900003 ], [ 92.28872820700002, 20.808918599000151 ], [ 92.288974481000139, 20.807976147000147 ], [ 92.289158137000072, 20.807219653000061 ], [ 92.289518312000155, 20.805909948000135 ], [ 92.289854691000187, 20.804580376000104 ], [ 92.289906877000021, 20.804374102000054 ], [ 92.290301626000087, 20.803208421000022 ], [ 92.290546673000051, 20.802225348000093 ], [ 92.290669190000131, 20.801713492000033 ], [ 92.290898788000106, 20.801098613000022 ], [ 92.291219203000082, 20.800387630000102 ], [ 92.29128672700017, 20.800237797000079 ], [ 92.291561370000068, 20.799744228000179 ], [ 92.291705178000086, 20.799211769000067 ], [ 92.291863095000053, 20.798733571000128 ], [ 92.291975583000124, 20.798392943000181 ], [ 92.292036916000143, 20.798207218000186 ], [ 92.292184440000085, 20.797920788000113 ], [ 92.292365115000052, 20.797386145000189 ], [ 92.292579127000181, 20.796752845000185 ], [ 92.292804698000111, 20.795912257999987 ], [ 92.293136769000114, 20.794930277000049 ], [ 92.293334866000066, 20.794376772000135 ], [ 92.293627717000049, 20.793659454000135 ], [ 92.29390112700014, 20.793125263000093 ], [ 92.294049838000092, 20.792917831000125 ], [ 92.294173601000125, 20.792489488000115 ], [ 92.294572254000116, 20.791585631000032 ], [ 92.294863560000067, 20.790766741000141 ], [ 92.29503666700009, 20.790744105000044 ], [ 92.295242499000096, 20.790027951000127 ], [ 92.295458557000188, 20.789405607000162 ], [ 92.295513374000052, 20.789247709000051 ], [ 92.295715197000106, 20.788980870000103 ], [ 92.296074984000143, 20.788404883000112 ], [ 92.296285405000049, 20.787952805000032 ], [ 92.296490302000052, 20.787175703 ], [ 92.296570510000095, 20.786725366000155 ], [ 92.296844516000192, 20.786231799000063 ], [ 92.296877194000047, 20.786079822000033 ], [ 92.297007115000099, 20.785475584000153 ], [ 92.297171266000078, 20.784861577000072 ], [ 92.297289766000119, 20.784126268000023 ], [ 92.297469933000173, 20.783103420000145 ], [ 92.297521783000036, 20.782960499000126 ], [ 92.297580400000186, 20.782551087 ], [ 92.297702576000177, 20.782018916000141 ], [ 92.297734058000117, 20.781244136000169 ], [ 92.297858690999988, 20.780874479000033 ], [ 92.298049375000176, 20.78054683 ], [ 92.29823481000011, 20.779912221000188 ], [ 92.298336014000142, 20.77946160099998 ], [ 92.2984266630001, 20.779146582000124 ], [ 92.298459721000199, 20.779031 ], [ 92.298477324000146, 20.77876662500006 ], [ 92.298618326000053, 20.778051334000111 ], [ 92.298642813000072, 20.777924582000082 ], [ 92.298758985000063, 20.777313473999982 ], [ 92.298976800000048, 20.776637793000134 ], [ 92.299099924000132, 20.776168820000123 ], [ 92.299223646000087, 20.775778854 ], [ 92.299476317000085, 20.775265251000064 ], [ 92.29976911100016, 20.774547928000118 ], [ 92.299924057, 20.774131761999968 ], [ 92.29999804, 20.773933050999972 ], [ 92.300183141000161, 20.773237488000063 ], [ 92.300445693000199, 20.771990032000076 ], [ 92.300574975000075, 20.771472430000074 ], [ 92.300588835000156, 20.771416940000051 ], [ 92.300692472000094, 20.771088200000065 ], [ 92.300851067000167, 20.770821935000129 ], [ 92.301059620999979, 20.770288604000143 ], [ 92.301079974000174, 20.770166421000056 ], [ 92.301121707000163, 20.769982890999984 ], [ 92.301140736000036, 20.769899209000187 ], [ 92.301498308000134, 20.769181016000175 ], [ 92.301834280000037, 20.768463110000084 ], [ 92.30215019100018, 20.767847065000012 ], [ 92.302549055000156, 20.766963512000189 ], [ 92.302653337000038, 20.766677656000184 ], [ 92.303008706000071, 20.765815002000011 ], [ 92.303258582000126, 20.765118569000037 ], [ 92.303433183000095, 20.764484098000025 ], [ 92.303472065000108, 20.764199119000182 ], [ 92.303637409000146, 20.763666366000052 ], [ 92.303908261000174, 20.762929014000179 ], [ 92.304136853000045, 20.762293820000025 ], [ 92.30424078700014, 20.761985393000145 ], [ 92.304471209000042, 20.761431446000074 ], [ 92.30455420800007, 20.761206830000106 ], [ 92.304848809000191, 20.760611387000154 ], [ 92.305185673000153, 20.759954420000042 ], [ 92.305387716999974, 20.759705629000166 ], [ 92.305534876000195, 20.759398879 ], [ 92.305704813000148, 20.759130202000051 ], [ 92.30589578200005, 20.758863498000039 ], [ 92.306125904000055, 20.758329876000118 ], [ 92.306336568000063, 20.757898104999981 ], [ 92.306480605, 20.757385952000163 ], [ 92.306795243000124, 20.756688645000111 ], [ 92.307255766000083, 20.755601072000104 ], [ 92.307678072000044, 20.754882001000055 ], [ 92.307972339000173, 20.75426623900006 ], [ 92.30814231800008, 20.754040454000119 ], [ 92.308331699000064, 20.75366992 ], [ 92.308766940000112, 20.753052264000075 ], [ 92.308978549000074, 20.752683691000016 ], [ 92.309233026000129, 20.752332600000045 ], [ 92.309399882000037, 20.751901415000134 ], [ 92.309696948000123, 20.751470736000158 ], [ 92.310078802000078, 20.750894432000052 ], [ 92.310266015000025, 20.750381698000069 ], [ 92.310584329000108, 20.749928157000113 ], [ 92.310944597000059, 20.749392778000129 ], [ 92.311261982000133, 20.748878293000132 ], [ 92.311514885000179, 20.748384994000105 ], [ 92.311682075000135, 20.747976378000033 ], [ 92.311859857000115, 20.747686087999966 ], [ 92.312274564000063, 20.747008932000085 ], [ 92.313110743000038, 20.745692788999975 ], [ 92.313407444000177, 20.745239535000167 ], [ 92.313597457000185, 20.744911884000146 ], [ 92.313746407000053, 20.744724756000096 ], [ 92.31401903800014, 20.744109278000167 ], [ 92.314272269000071, 20.743638548000092 ], [ 92.314739848000102, 20.743020446000116 ], [ 92.315380166000125, 20.742359377000071 ], [ 92.315893712, 20.741923518000135 ], [ 92.316322113000183, 20.741570076000016 ], [ 92.316621614000042, 20.741301901000156 ], [ 92.317092894000098, 20.740927561999968 ], [ 92.317595974000142, 20.740514414000074 ], [ 92.318390507000117, 20.740013803000124 ], [ 92.318948463000083, 20.739658611000038 ], [ 92.319592772000192, 20.739261612000178 ], [ 92.32034321000009, 20.738702891 ], [ 92.320900515000119, 20.738266428000088 ], [ 92.321520741000086, 20.737707201999967 ], [ 92.32186090099998, 20.737273667000068 ], [ 92.32232967300007, 20.736736804000145 ], [ 92.322565325000198, 20.736571074000096 ], [ 92.322735575000081, 20.736365593000073 ], [ 92.322972102, 20.736217911000097 ], [ 92.323421784000118, 20.7358461070001 ], [ 92.323700294000048, 20.735618843000111 ], [ 92.324388383000041, 20.735261875000049 ], [ 92.324945686000035, 20.734866034999982 ], [ 92.325621088000162, 20.73434668800013 ], [ 92.325705286000186, 20.73420332000012 ], [ 92.326178105000167, 20.733932788000118 ], [ 92.326457193000181, 20.733743890000142 ], [ 92.326735380000173, 20.733496308000099 ], [ 92.326841170000023, 20.733352648000107 ], [ 92.327162507000082, 20.73310222300006 ], [ 92.327675689000102, 20.732607642000119 ], [ 92.327910054000199, 20.732358394000073 ], [ 92.328059009000185, 20.732173510000052 ], [ 92.328144114, 20.732050449000099 ], [ 92.328699843000095, 20.731553031000146 ], [ 92.329427955000085, 20.730951684000047 ], [ 92.330092548000096, 20.730473105000158 ], [ 92.33075838200017, 20.730075778000071 ], [ 92.331124148000015, 20.729867639000133 ], [ 92.331403586000079, 20.729741941000043 ], [ 92.331897318000074, 20.729428217000191 ], [ 92.332111954000027, 20.729262762000076 ], [ 92.332626999000126, 20.728930686000183 ], [ 92.332883850000144, 20.728701446 ], [ 92.333753527000056, 20.728179433000093 ], [ 92.334439355000143, 20.72763959800011 ], [ 92.334824544000128, 20.727329595000128 ], [ 92.335080766000033, 20.727059724000071 ], [ 92.335401489000162, 20.726770917000067 ], [ 92.335765669000125, 20.726499578000073 ], [ 92.336388631000148, 20.726125391000153 ], [ 92.337162366000143, 20.725685939000186 ], [ 92.337720259000037, 20.725332949000119 ], [ 92.33816953000013, 20.724938540000096 ], [ 92.338341305000085, 20.724834615000077 ], [ 92.338768978000189, 20.724440500000071 ], [ 92.339302113000144, 20.723882403000175 ], [ 92.339579638000089, 20.723594176000063 ], [ 92.339901242000053, 20.723364045000096 ], [ 92.340719110000066, 20.722987193000165 ], [ 92.341862606000177, 20.722603645000049 ], [ 92.342238534000046, 20.722395347000031 ], [ 92.34303663500009, 20.722138404000191 ], [ 92.343746553000187, 20.721803642000054 ], [ 92.344369752000148, 20.721447488000081 ], [ 92.344840931000135, 20.721075341000073 ], [ 92.345139370000027, 20.720743926000125 ], [ 92.345264510000106, 20.720417131000147 ], [ 92.345628659000113, 20.720145775000105 ], [ 92.34616739400019, 20.719914932000108 ], [ 92.346708036000166, 20.719846604000111 ], [ 92.347313073000066, 20.719714182000189 ], [ 92.34761686100012, 20.719730356000071 ], [ 92.348177523000174, 20.719560158000036 ], [ 92.348717191000048, 20.719390248000025 ], [ 92.349213705000125, 20.71926156 ], [ 92.350250817000131, 20.719062275000169 ], [ 92.350672385000166, 20.718975244000148 ], [ 92.351559960000145, 20.71888184200003 ], [ 92.352229481000052, 20.718730464000146 ], [ 92.352878352000175, 20.718640319000031 ], [ 92.353224690000047, 20.718615263000117 ], [ 92.353963349000139, 20.718706749000035 ], [ 92.354482701000165, 20.718659006000109 ], [ 92.355111235000095, 20.718650402000094 ], [ 92.355546424000124, 20.718746034 ], [ 92.356176530000027, 20.718838995000169 ], [ 92.356829483000183, 20.71901291000006 ], [ 92.357438031000072, 20.719108422000147 ], [ 92.358247098000106, 20.719524009000168 ], [ 92.359274317000143, 20.720081081000046 ], [ 92.359482585000137, 20.720243026000048 ], [ 92.36026978700005, 20.720679218999976 ], [ 92.360708480000199, 20.721000542000013 ], [ 92.361294815000122, 20.721094085000061 ], [ 92.361749084000166, 20.721026894999966 ], [ 92.362351936000096, 20.720754487000022 ], [ 92.363105226000073, 20.720396478000112 ], [ 92.363643645000138, 20.720185903000015 ], [ 92.363987744000099, 20.720016374000124 ], [ 92.364632159000053, 20.71960116200006 ], [ 92.365018488000146, 20.719370098000127 ], [ 92.365212775000145, 20.719326792000118 ], [ 92.365749580000056, 20.718974008000032 ], [ 92.366285745000084, 20.718618974000151 ], [ 92.3667155710001, 20.718369247000169 ], [ 92.36714412300006, 20.71807664500011 ], [ 92.36768313000016, 20.717866048000189 ], [ 92.368289117000131, 20.717796756000155 ], [ 92.368689743000061, 20.717791241000157 ], [ 92.368804928000088, 20.718216327000164 ], [ 92.368859241000052, 20.718931216000044 ], [ 92.368812233000028, 20.720074173 ], [ 92.368653161000054, 20.720992921 ], [ 92.368343333000155, 20.721976955000059 ], [ 92.368006221000144, 20.72263402100009 ], [ 92.36767033700005, 20.72333170800016 ], [ 92.367501116000199, 20.723598169000127 ], [ 92.36715859300017, 20.723869269000147 ], [ 92.366795394000064, 20.724199352000028 ], [ 92.366169060000118, 20.725045514000044 ], [ 92.365785593000112, 20.725500040000156 ], [ 92.365678928000079, 20.725623411000186 ], [ 92.36540047800014, 20.725810102000082 ], [ 92.365210007000087, 20.726099429000101 ], [ 92.365169379000065, 20.726303165000104 ], [ 92.365020477000201, 20.726488073000098 ], [ 92.3648938340001, 20.726715568000031 ], [ 92.36438014100014, 20.727128984000103 ], [ 92.364232849000075, 20.727417718000027 ], [ 92.364019170000063, 20.727603516000102 ], [ 92.363893785000073, 20.727912264000111 ], [ 92.363833741000064, 20.728217856000128 ], [ 92.363646134000078, 20.728730637000012 ], [ 92.363523872000087, 20.72920188400002 ], [ 92.36344258000014, 20.729568721000078 ], [ 92.363197485000171, 20.73055186 ], [ 92.363103786000181, 20.730776644000116 ], [ 92.363002515000062, 20.731247602 ], [ 92.36275959000011, 20.732332298000074 ], [ 92.362764322000146, 20.73263700300015 ], [ 92.362725933000092, 20.732985190000079 ], [ 92.362603698000157, 20.733497071000045 ], [ 92.362479186000144, 20.733823869000105 ], [ 92.36239729700003, 20.734152336000022 ], [ 92.362212171000181, 20.73478698800011 ], [ 92.362109947000079, 20.735197006000135 ], [ 92.362010533000046, 20.735749210000165 ], [ 92.361827643000197, 20.73656669200011 ], [ 92.361704142000178, 20.736997320000057 ], [ 92.361362765000081, 20.738040477000084 ], [ 92.361237684000116, 20.73836953600005 ], [ 92.360971888000165, 20.739373276000151 ], [ 92.360714943000119, 20.740986427000166 ], [ 92.360513294000043, 20.741948647000186 ], [ 92.360381151000013, 20.74321468200003 ], [ 92.360291289000088, 20.743726120000076 ], [ 92.360219482000048, 20.744704618000014 ], [ 92.360147044000144, 20.745604110000045 ], [ 92.360181601000022, 20.746438924000188 ], [ 92.360494936000123, 20.747066730000085 ], [ 92.361034672000187, 20.748325792000173 ], [ 92.361618173000068, 20.749581990000024 ], [ 92.361809905000143, 20.750066981000089 ], [ 92.361433030000114, 20.750950340000088 ], [ 92.360992559000181, 20.751872952000042 ], [ 92.360705181000185, 20.75291762300003 ], [ 92.360476561000098, 20.7535731910001 ], [ 92.360243038000078, 20.754020104000062 ], [ 92.359928825000111, 20.754621437000139 ], [ 92.359274710000079, 20.755813370000112 ], [ 92.358675150000181, 20.756963914999972 ], [ 92.358210876000157, 20.757785260000162 ], [ 92.357404962000089, 20.758979271000101 ], [ 92.356727925000087, 20.760049602000095 ], [ 92.356139631000076, 20.761080558000174 ], [ 92.355672335000179, 20.761899460000052 ], [ 92.355161839, 20.762835202000019 ], [ 92.354438882000181, 20.764160367000159 ], [ 92.353745240000137, 20.765556002000096 ], [ 92.353642831000116, 20.765722515999983 ], [ 92.353179986999976, 20.766475075000187 ], [ 92.35274478600013, 20.767182680000019 ], [ 92.352581627000063, 20.767447963000052 ], [ 92.352311762, 20.767995681000059 ], [ 92.352298301000076, 20.76802300200012 ], [ 92.352013009000075, 20.768711542000062 ], [ 92.351887475000183, 20.76901451000009 ], [ 92.351754553000035, 20.769335309000041 ], [ 92.351489970000046, 20.769825397000091 ], [ 92.351428890000136, 20.769938536000154 ], [ 92.351122206000184, 20.770506602000069 ], [ 92.350651887000083, 20.771392237999976 ], [ 92.350205591000076, 20.772232625000129 ], [ 92.349447779000116, 20.773712658000136 ], [ 92.348541265000051, 20.775395644000128 ], [ 92.34748706400012, 20.777308656000116 ], [ 92.347110590000057, 20.777693087000046 ], [ 92.346718457000065, 20.778093505000129 ], [ 92.34652120200019, 20.778687679000086 ], [ 92.346154513000101, 20.780200730000161 ], [ 92.346007787000076, 20.780961674000025 ], [ 92.345712820000074, 20.782491402000119 ], [ 92.345473087000016, 20.784033082000178 ], [ 92.345337802000131, 20.784903069000109 ], [ 92.345079497000143, 20.785928943000101 ], [ 92.344817034000187, 20.786971324999968 ], [ 92.344555607000132, 20.787908395000102 ], [ 92.344200609000097, 20.789180853 ], [ 92.344010130000072, 20.789910918000146 ], [ 92.343831751000153, 20.79059460000019 ], [ 92.343626470000117, 20.791331107000133 ], [ 92.343564972000195, 20.791500096000163 ], [ 92.343519959999981, 20.791623785000183 ], [ 92.342950682000151, 20.793196040000169 ], [ 92.34262971000004, 20.794913902000189 ], [ 92.342245721000154, 20.796865148000165 ], [ 92.342167284000141, 20.797265806000098 ], [ 92.341769376000116, 20.798860550000029 ], [ 92.341258341000184, 20.800973244999966 ], [ 92.340604696000185, 20.803506675000165 ], [ 92.340282802000047, 20.804649377000032 ], [ 92.34003907500005, 20.805514582000114 ], [ 92.339797996000073, 20.806321900000114 ], [ 92.339602692000085, 20.806975919000138 ], [ 92.339544257000114, 20.807171602000096 ], [ 92.339339920000157, 20.807971303000102 ], [ 92.339170732000014, 20.808700562000126 ], [ 92.339050170000178, 20.809220225000047 ], [ 92.338912756000184, 20.809812518000115 ], [ 92.338435362000098, 20.811938865000116 ], [ 92.338121313000158, 20.813340057 ], [ 92.337986155000181, 20.813943081 ], [ 92.337915705, 20.814257404000159 ], [ 92.337908030000165, 20.814291649000097 ], [ 92.337745475000133, 20.815055671000039 ], [ 92.337503385, 20.816193509000072 ], [ 92.337433130000136, 20.81654212900014 ], [ 92.337248080000109, 20.817140985000094 ], [ 92.336730477000174, 20.818816029000118 ], [ 92.336348518000136, 20.819977561000144 ], [ 92.336192068000116, 20.820453320000183 ], [ 92.335897501000034, 20.821431523 ], [ 92.335740080000051, 20.821954287000096 ], [ 92.335716964000085, 20.822031050000135 ], [ 92.335659386000088, 20.822501403000047 ], [ 92.335370199000067, 20.823923329000138 ], [ 92.335135436000087, 20.825077633999967 ], [ 92.33493452800019, 20.826141422000092 ], [ 92.334499200000039, 20.827650224000024 ], [ 92.334296289000065, 20.82835348600014 ], [ 92.333917444000065, 20.829794461000063 ], [ 92.333742763000089, 20.83046057700011 ], [ 92.333492045000128, 20.831448284000032 ], [ 92.333436000000177, 20.831668028000081 ], [ 92.33273004800003, 20.83369589300014 ], [ 92.332231706000186, 20.835172346000149 ], [ 92.331664275000037, 20.83703577700004 ], [ 92.331069172000127, 20.83924724700006 ], [ 92.330342517000133, 20.841376979000074 ], [ 92.329561857000158, 20.843509698000048 ], [ 92.328603776000023, 20.84609182600019 ], [ 92.327998882000088, 20.84767130900002 ], [ 92.327973999000051, 20.84775632000003 ], [ 92.327225981000197, 20.850311867000016 ], [ 92.326877552000042, 20.851391620000129 ], [ 92.326604759000134, 20.852236972000071 ], [ 92.325894295000126, 20.854021067000133 ], [ 92.325818128000151, 20.854218405000154 ], [ 92.32517425900005, 20.855886560000044 ], [ 92.324555517000192, 20.857897416000185 ], [ 92.324479458000042, 20.858144523000078 ], [ 92.32383094, 20.860250598000164 ], [ 92.322990587000049, 20.862729518000094 ], [ 92.321830345000137, 20.866314461000172 ], [ 92.32142899400003, 20.867706049000049 ], [ 92.320746924000105, 20.86993899700002 ], [ 92.319913593000194, 20.872189669000079 ], [ 92.319807691000108, 20.872475687000133 ], [ 92.319778333000158, 20.87255435700007 ], [ 92.319767894000108, 20.872582331000103 ], [ 92.319055297000034, 20.874592821000135 ], [ 92.318925266000178, 20.874959679000142 ], [ 92.318844147000164, 20.875191048000033 ], [ 92.318808550000142, 20.875292908000063 ], [ 92.317657414000109, 20.878586702000121 ], [ 92.317090023000162, 20.880511057000092 ], [ 92.316881687000148, 20.881223753000086 ], [ 92.316389365000077, 20.882906780000155 ], [ 92.315863310000168, 20.884708667000154 ], [ 92.314851565000197, 20.886639039000158 ], [ 92.314182239000047, 20.887352515000032 ], [ 92.313377864000017, 20.88820993600018 ], [ 92.311183001000074, 20.890849374000084 ], [ 92.3106189840002, 20.891550074000179 ], [ 92.310000868000031, 20.89209121500005 ], [ 92.30971938600004, 20.892338837000125 ], [ 92.309373882000045, 20.892630000000167 ], [ 92.309319174000109, 20.892676104000088 ], [ 92.30929011, 20.892700697000066 ], [ 92.308519362000197, 20.893352889000028 ], [ 92.308219917000031, 20.893643644000178 ], [ 92.307195874000115, 20.894779483000093 ], [ 92.304911901000082, 20.897338786000034 ], [ 92.303515184000048, 20.898969529000055 ], [ 92.30253148100013, 20.899919683000121 ], [ 92.300543695000101, 20.901903780000112 ], [ 92.298704086000043, 20.903682681000078 ], [ 92.296687225000085, 20.905933526000069 ], [ 92.294597116000091, 20.908347878000029 ], [ 92.293552508000118, 20.909605839000108 ], [ 92.292845981000198, 20.91022713100017 ], [ 92.29110098200016, 20.911801512000125 ], [ 92.290693660000045, 20.912152384000024 ], [ 92.289370767000094, 20.913639815000067 ], [ 92.287449046000177, 20.915765124000188 ], [ 92.286658809000073, 20.916613277000067 ], [ 92.285301527, 20.917976972000019 ], [ 92.284103907000031, 20.919175978000112 ], [ 92.283444846000123, 20.920081056000015 ], [ 92.282653050000192, 20.921303968000132 ], [ 92.281915831, 20.922442616000012 ], [ 92.280835986000113, 20.924163789999966 ], [ 92.279056496000123, 20.926971172000094 ], [ 92.278444247000039, 20.928091269000163 ], [ 92.277268923000122, 20.930241455000044 ], [ 92.275848508000081, 20.932529290000105 ], [ 92.274142230000109, 20.935383067000032 ], [ 92.27212010900007, 20.938331341000094 ], [ 92.271564921000163, 20.93926822300017 ], [ 92.270868714000187, 20.940443060000121 ], [ 92.270501774000195, 20.942881634000059 ], [ 92.270548663000056, 20.945432096000047 ], [ 92.270615441000075, 20.948503797000114 ], [ 92.270668134000118, 20.950803257000132 ], [ 92.270677038000144, 20.951191773000119 ], [ 92.270881221000081, 20.955832809000071 ], [ 92.270966052000063, 20.957760802000166 ], [ 92.271009521, 20.958748689000117 ], [ 92.271116123000127, 20.961171265000189 ], [ 92.271116238000047, 20.961464434 ], [ 92.271117077000042, 20.963590838000073 ], [ 92.271118028000046, 20.965996135000069 ], [ 92.271118221000108, 20.966481095000063 ], [ 92.271461037000051, 20.970517613000084 ], [ 92.271387320000088, 20.97252475200014 ], [ 92.271335027000134, 20.973948573000087 ], [ 92.271571745000188, 20.975907546000087 ], [ 92.271839181000075, 20.978120648000072 ], [ 92.271805406000055, 20.978430388000106 ], [ 92.271748277000199, 20.978950300000122 ], [ 92.271546042000068, 20.980790770000169 ], [ 92.27095893600017, 20.983368439 ], [ 92.270761037000057, 20.984237289000134 ], [ 92.270409931000131, 20.98559146700012 ], [ 92.269582166000134, 20.98878399 ], [ 92.269505638, 20.989285139 ], [ 92.269041876000188, 20.992322061000095 ], [ 92.268769073999977, 20.993302990000188 ], [ 92.268173552000121, 20.995444297000176 ], [ 92.268109341000013, 20.995675181000081 ], [ 92.266504636000036, 21.00144492600009 ], [ 92.264047637000033, 21.010280036000154 ], [ 92.263884256000154, 21.010867504000089 ], [ 92.263639916000159, 21.011746072000108 ], [ 92.263343579000093, 21.01200547600007 ], [ 92.263027106000095, 21.012282503000165 ], [ 92.262486739000053, 21.012974346000135 ], [ 92.262047492000193, 21.013536718000125 ], [ 92.261074872000052, 21.014781953000011 ], [ 92.260441802000059, 21.015592454000057 ], [ 92.258502924000197, 21.01807467500015 ], [ 92.257512597000073, 21.019031607000102 ], [ 92.257046022000111, 21.019482441000093 ], [ 92.256108885000117, 21.020582964000141 ], [ 92.255340770000032, 21.021484981000071 ], [ 92.254715667000085, 21.022329085000081 ], [ 92.254408741000134, 21.02274353700011 ], [ 92.254015579999987, 21.023660820000032 ], [ 92.253986333000171, 21.024255032000042 ], [ 92.253819436000128, 21.027645824999979 ], [ 92.253781120000156, 21.028942880000102 ], [ 92.253750653, 21.02997425000018 ], [ 92.253724791000195, 21.030849770000145 ], [ 92.253711890000091, 21.031286498000043 ], [ 92.253676990000031, 21.031923606000191 ], [ 92.253547096000148, 21.034318381000162 ], [ 92.253545794000047, 21.034757093000053 ], [ 92.253540757000053, 21.036454152000033 ], [ 92.254581673000018, 21.039628069 ], [ 92.255206918000169, 21.042143760000101 ], [ 92.25522420100009, 21.04221351700005 ], [ 92.25541021500004, 21.042961137000134 ], [ 92.255418823000184, 21.042995736000023 ], [ 92.256154751000167, 21.045953466000185 ], [ 92.25670956200014, 21.048183184000095 ], [ 92.257100328000149, 21.049553181000192 ], [ 92.25725420200007, 21.05009263900007 ], [ 92.258006525999974, 21.05109841899997 ], [ 92.261029799000141, 21.055140042000176 ], [ 92.261809964000122, 21.055879170000026 ], [ 92.261907398000176, 21.056069477000051 ], [ 92.263590568000154, 21.059356948000186 ], [ 92.26366207600006, 21.059496784000032 ], [ 92.264120323000043, 21.060392886000102 ], [ 92.264591198000176, 21.062264911 ], [ 92.264525624999976, 21.062580413000035 ], [ 92.263515115000075, 21.067442345000131 ], [ 92.262925247000112, 21.068917812000052 ], [ 92.260194586000182, 21.07574779000015 ], [ 92.258825476000084, 21.079172012000129 ], [ 92.25837227500017, 21.079663426000081 ], [ 92.257517537000126, 21.08010874900009 ], [ 92.257429571000102, 21.080154580000055 ], [ 92.257392878000189, 21.080313099000136 ], [ 92.25450255700008, 21.081771557000025 ], [ 92.253400537000175, 21.082687609000118 ], [ 92.249299797000162, 21.086096186000134 ], [ 92.246186911000166, 21.088684006000051 ], [ 92.246008737000182, 21.088833111000042 ], [ 92.245963211000173, 21.088865173000045 ], [ 92.241535996000039, 21.091982944000165 ], [ 92.240610517000107, 21.092554532 ], [ 92.236701488000051, 21.094968699 ], [ 92.236403608000103, 21.095152660000053 ], [ 92.234060636000038, 21.097057045000156 ], [ 92.233116130000042, 21.099042955000129 ], [ 92.232956660000184, 21.099482126000169 ], [ 92.231751898000141, 21.102799901000139 ], [ 92.231513151000058, 21.103457366999976 ], [ 92.229825885000025, 21.107750970000097 ], [ 92.229652794, 21.10819010199998 ], [ 92.228514188000133, 21.110335126 ], [ 92.228495972000076, 21.110369362000029 ], [ 92.228263785000138, 21.110805744000061 ], [ 92.228033622000169, 21.11126255 ], [ 92.226159521000113, 21.11497837800016 ], [ 92.225093122000033, 21.117516430000023 ], [ 92.224608579, 21.118669627000145 ], [ 92.223924207000039, 21.120387760000085 ], [ 92.223905275999982, 21.120435285000042 ], [ 92.22145787, 21.121537510000167 ], [ 92.219361172000106, 21.122481589000017 ], [ 92.217965824000089, 21.122899466000092 ], [ 92.216536899000062, 21.122435043999985 ], [ 92.21382674400013, 21.121282982000082 ], [ 92.211322577000146, 21.120146241999976 ], [ 92.208818481000037, 21.119214907000128 ], [ 92.208096463000174, 21.119039196000074 ], [ 92.207486839000182, 21.118979411000169 ], [ 92.203316455000106, 21.122232777000079 ], [ 92.20260211700014, 21.122898744 ], [ 92.201354194000032, 21.124062145999972 ], [ 92.20111699600011, 21.125029941000037 ], [ 92.2003678640001, 21.128086422000081 ], [ 92.199531755000123, 21.131497649000153 ], [ 92.198923632000174, 21.134641407 ], [ 92.198489475000031, 21.13661119 ], [ 92.198129141000038, 21.138243627000179 ], [ 92.198918629, 21.140335232000155 ], [ 92.199655921999977, 21.142288203000135 ], [ 92.201676832000032, 21.144477512000037 ], [ 92.203137457000196, 21.146369984000103 ], [ 92.20347078400016, 21.147381118000112 ], [ 92.203419494000173, 21.148218059000158 ], [ 92.203240437000034, 21.149026795000111 ], [ 92.203027172000077, 21.149647206 ], [ 92.201967765000063, 21.149951479000038 ], [ 92.201107507000131, 21.150201982999988 ], [ 92.200144149000153, 21.150356743000032 ], [ 92.199278634000052, 21.150347860000068 ], [ 92.198581178000097, 21.150054172000125 ], [ 92.198313378000137, 21.14985694600017 ], [ 92.197901424000122, 21.149556459000053 ], [ 92.197418168000127, 21.149256899000136 ], [ 92.196935056000143, 21.148966892000033 ], [ 92.196187534000103, 21.14870898800001 ], [ 92.195298255000125, 21.148510264000095 ], [ 92.194051625000043, 21.148258824999971 ], [ 92.192334757000083, 21.147898780000105 ], [ 92.191406290000089, 21.147805675000143 ], [ 92.190479229, 21.147808121000025 ], [ 92.189225233000172, 21.147747890000062 ], [ 92.187906612000063, 21.147449548999987 ], [ 92.186911700000167, 21.14699409300016 ], [ 92.186139620000063, 21.146449736000136 ], [ 92.18561312800017, 21.145978662000061 ], [ 92.185206486000141, 21.145343562000107 ], [ 92.184747937999987, 21.14464222800018 ], [ 92.184678975000054, 21.144107898000186 ], [ 92.184691918000169, 21.143601183999976 ], [ 92.184688133000122, 21.143343181000034 ], [ 92.184560580000152, 21.142981642000052 ], [ 92.184327667000161, 21.142382527000166 ], [ 92.184323604000099, 21.142105412000035 ], [ 92.184623567000131, 21.141719240000043 ], [ 92.185230635000096, 21.141434236000123 ], [ 92.185620292000067, 21.14129207100018 ], [ 92.185881809000136, 21.141378040000063 ], [ 92.186046741000098, 21.141509715000041 ], [ 92.186232605000043, 21.141679349000071 ], [ 92.186294980000127, 21.141764561000173 ], [ 92.18632105100005, 21.142030434000048 ], [ 92.186362966000047, 21.142231999000103 ], [ 92.186445994000167, 21.142336059000058 ], [ 92.186560279000105, 21.142487502000051 ], [ 92.186704000000191, 21.142562106000184 ], [ 92.186958921000098, 21.142577926000058 ], [ 92.187222765000058, 21.142507615 ], [ 92.187505997000017, 21.142370148999987 ], [ 92.187758111000107, 21.142194856000174 ], [ 92.187967516000128, 21.141886309000142 ], [ 92.188147909000065, 21.141683271000034 ], [ 92.188246395000192, 21.141452617000141 ], [ 92.18808940200006, 21.141167923000182 ], [ 92.187944078000157, 21.140290513000082 ], [ 92.187709194000092, 21.139557624000076 ], [ 92.187572996000142, 21.139301331000127 ], [ 92.187488051000173, 21.139063465000163 ], [ 92.187232022000046, 21.138735398000108 ], [ 92.187130717000059, 21.138600513000029 ], [ 92.186906661000194, 21.13843137300006 ], [ 92.186644726000111, 21.138284226000053 ], [ 92.186421302000099, 21.138158087000022 ], [ 92.186221157000148, 21.138126609999972 ], [ 92.186168584000143, 21.138118342000041 ], [ 92.185952720000046, 21.138174831000185 ], [ 92.185442925000075, 21.138308237 ], [ 92.185361795000063, 21.138329467000176 ], [ 92.18447244500004, 21.138642008000033 ], [ 92.183775328000195, 21.139038081000024 ], [ 92.18368502400017, 21.139132431000178 ], [ 92.183526811000149, 21.139285003 ], [ 92.183222509000188, 21.139374946000089 ], [ 92.183000766000021, 21.139363469000102 ], [ 92.182792807000169, 21.139250646000107 ], [ 92.18252325900005, 21.139104406000058 ], [ 92.182189951, 21.138778969000043 ], [ 92.181987557000127, 21.138523526000142 ], [ 92.181877043000043, 21.138281233999976 ], [ 92.181864681000093, 21.137958827000034 ], [ 92.181972129000087, 21.13747000900014 ], [ 92.182004762000076, 21.137089678000166 ], [ 92.181947720000153, 21.136846696000134 ], [ 92.181814291000194, 21.136604700000191 ], [ 92.181467810000015, 21.136422793000179 ], [ 92.181294975000014, 21.136384613000189 ], [ 92.18119186600012, 21.136361836000162 ], [ 92.180848010000091, 21.136359097000025 ], [ 92.180639025000119, 21.136475700000176 ], [ 92.180400878000057, 21.136608574000149 ], [ 92.180079849000037, 21.137121645999969 ], [ 92.180087084000036, 21.137616155000103 ], [ 92.180186407000178, 21.138138150000088 ], [ 92.180108670000038, 21.138569239000105 ], [ 92.180044638000084, 21.138892631000033 ], [ 92.179896470000074, 21.139209937000032 ], [ 92.179494850000026, 21.139437321000173 ], [ 92.179075749000106, 21.139514398000074 ], [ 92.178828445000079, 21.139580665000153 ], [ 92.178710435000085, 21.139612287000091 ], [ 92.178300648000175, 21.13980393300011 ], [ 92.177964866000082, 21.13995993900005 ], [ 92.177845901000126, 21.140007212000171 ], [ 92.177449911000053, 21.140205886999979 ], [ 92.177456025000197, 21.140259410000056 ], [ 92.177583779000088, 21.141377691000116 ], [ 92.177975050000043, 21.143054782000092 ], [ 92.178319159000182, 21.144292831000087 ], [ 92.178445582000109, 21.144577929999969 ], [ 92.178407913000058, 21.144788679000101 ], [ 92.178270622000184, 21.14515363300012 ], [ 92.178179445000183, 21.145346391000089 ], [ 92.177887101000181, 21.145634588 ], [ 92.177728294000076, 21.145791142000178 ], [ 92.177623908000157, 21.145885682000028 ], [ 92.177308207000067, 21.146204407000027 ], [ 92.177271100999974, 21.146205206000161 ], [ 92.176863694000133, 21.14621398800017 ], [ 92.176060896000138, 21.146289173000071 ], [ 92.175653251000085, 21.146273650000126 ], [ 92.175207240000191, 21.146187790000113 ], [ 92.175075294000123, 21.146137941000177 ], [ 92.17471216600012, 21.146019785000192 ], [ 92.174421694000046, 21.145891141 ], [ 92.174104344000057, 21.145824591 ], [ 92.173786029000098, 21.145876042999987 ], [ 92.173410789000172, 21.145867617000192 ], [ 92.173035492999986, 21.145851540000024 ], [ 92.172696844000143, 21.145641990000115 ], [ 92.172539060000076, 21.145525998000096 ], [ 92.1716714370001, 21.14538265300007 ], [ 92.171853350000163, 21.144691139000031 ], [ 92.17195418200015, 21.143746036000096 ], [ 92.171782934000191, 21.142481859000043 ], [ 92.171095534000187, 21.140799586000185 ], [ 92.171026146000088, 21.14084728000006 ], [ 92.170935973000041, 21.140909262000037 ], [ 92.170630822000078, 21.140941848000068 ], [ 92.170426970000108, 21.140915828 ], [ 92.17032462700007, 21.140902766000181 ], [ 92.170054540000194, 21.140719856000146 ], [ 92.169982447000166, 21.140491398999984 ], [ 92.169916219000186, 21.140141007000125 ], [ 92.169814613000142, 21.139984610000056 ], [ 92.169561790000103, 21.139937674000123 ], [ 92.169333242, 21.13998361199998 ], [ 92.169152197000074, 21.14014363299998 ], [ 92.169067813000197, 21.140304306000075 ], [ 92.169051092000132, 21.140546345000075 ], [ 92.169076096000083, 21.140689389000045 ], [ 92.169203229000175, 21.141024664000156 ], [ 92.16926004200019, 21.141253318000054 ], [ 92.169286404000047, 21.141489530000058 ], [ 92.16921502100007, 21.141834516000188 ], [ 92.16916476900019, 21.141962275000026 ], [ 92.169368526000085, 21.142394297000067 ], [ 92.169071722000069, 21.143237438000085 ], [ 92.168805630000065, 21.143966563000106 ], [ 92.168685611000171, 21.144469873 ], [ 92.168550424999978, 21.144806121000101 ], [ 92.168287915000121, 21.145143999000027 ], [ 92.16836178200009, 21.145380876000161 ], [ 92.168230393000158, 21.145376139000064 ], [ 92.167854894000072, 21.145261924000067 ], [ 92.167322536000086, 21.145135576000143 ], [ 92.167297345000065, 21.14475295699998 ], [ 92.167350743000043, 21.144221828000184 ], [ 92.167343235000146, 21.143705815000033 ], [ 92.167146808000098, 21.141758584000115 ], [ 92.167048185000056, 21.140741996000031 ], [ 92.166854634000117, 21.14067480500006 ], [ 92.166721865000056, 21.140626356000041 ], [ 92.166607381000176, 21.140634990000081 ], [ 92.166473002000146, 21.140851755000142 ], [ 92.166515366999988, 21.141137941000011 ], [ 92.166573845000073, 21.141481264000106 ], [ 92.166592876000095, 21.141739076000135 ], [ 92.166473254000152, 21.14191981200014 ], [ 92.16629074400015, 21.141979493 ], [ 92.166084899999987, 21.142010800000037 ], [ 92.1659510570002, 21.141973476000146 ], [ 92.165925746000141, 21.142148336000048 ], [ 92.165885418000187, 21.142476793000128 ], [ 92.165773954000031, 21.142693266000038 ], [ 92.165648716000135, 21.142838232000088 ], [ 92.165613298000096, 21.143029837000086 ], [ 92.165540377000184, 21.143269709000037 ], [ 92.165302459000031, 21.143547535000096 ], [ 92.164985539999975, 21.143647164000072 ], [ 92.163853060000065, 21.143709436000051 ], [ 92.16221588500008, 21.143679497000164 ], [ 92.16122319200008, 21.143661338000186 ], [ 92.16058475900013, 21.143743680000057 ], [ 92.159549187000039, 21.143740515000047 ], [ 92.159013563000144, 21.143687614000044 ], [ 92.158901244000162, 21.14362040400016 ], [ 92.158563949000097, 21.143418567000083 ], [ 92.158161286000052, 21.142874139000128 ], [ 92.157790766000119, 21.141965577000121 ], [ 92.157778381000071, 21.141935207000074 ], [ 92.157616253000185, 21.141292134000082 ], [ 92.157543557, 21.141001662 ], [ 92.157190877000176, 21.141136361000065 ], [ 92.156329522000192, 21.141314407000038 ], [ 92.155697753000084, 21.141559509999979 ], [ 92.154939096000078, 21.141808486000173 ], [ 92.154202924000117, 21.141865269000164 ], [ 92.153344987000082, 21.142280313000015 ], [ 92.152888192000034, 21.142310959000099 ], [ 92.152532452000116, 21.142340319000027 ], [ 92.152450258000044, 21.142383394000149 ], [ 92.15192758000012, 21.142657314000076 ], [ 92.151525093000146, 21.142949158000022 ], [ 92.151335062000157, 21.142974361000086 ], [ 92.150941426000088, 21.14302656600006 ], [ 92.150230784000087, 21.143060431000094 ], [ 92.149878462000061, 21.143326798000032 ], [ 92.149603493000143, 21.143617018000043 ], [ 92.149304709000091, 21.144049774000166 ], [ 92.148927117000142, 21.144316460000027 ], [ 92.14851807600013, 21.144154586000127 ], [ 92.148330057000123, 21.144091499000126 ], [ 92.148291638000046, 21.144055863000062 ], [ 92.147455907000051, 21.144177099000103 ], [ 92.14715684700019, 21.144660678999969 ], [ 92.147105498000144, 21.144743709000124 ], [ 92.147113570000101, 21.14530351500008 ], [ 92.147125359000086, 21.145740442999966 ], [ 92.147365332000106, 21.146198881000089 ], [ 92.148328854999988, 21.146635931 ], [ 92.148814161000189, 21.14707904900007 ], [ 92.148586081000133, 21.147867621000103 ], [ 92.147522276000132, 21.148779689000094 ], [ 92.146615410000095, 21.149219815000095 ], [ 92.146571690000201, 21.149241033000067 ], [ 92.144778861000077, 21.149374394000176 ], [ 92.144030438000073, 21.149210036999989 ], [ 92.143670634000159, 21.148749511000062 ], [ 92.142830878000098, 21.148258940000062 ], [ 92.142714976000093, 21.148190419 ], [ 92.141969355000128, 21.14813664400009 ], [ 92.141583288999982, 21.148026695000169 ], [ 92.14106461200015, 21.148090604 ], [ 92.140405250000128, 21.148290100000168 ], [ 92.139906944000131, 21.14835374800009 ], [ 92.139408501, 21.148407840000175 ], [ 92.13892051800002, 21.148480911999968 ], [ 92.138454416, 21.148658843000021 ], [ 92.138009235000027, 21.148874737000142 ], [ 92.137531572000057, 21.148957234000136 ], [ 92.136830221000196, 21.149071227000036 ], [ 92.136750575000178, 21.14934215 ], [ 92.136613895000039, 21.15032602000008 ], [ 92.136679814000104, 21.150659707000045 ], [ 92.136695074000102, 21.151013149000164 ], [ 92.136621634000107, 21.152285252000183 ], [ 92.136490128000048, 21.15306108700014 ], [ 92.136342323000179, 21.153522416000044 ], [ 92.135991247000049, 21.154089014000192 ], [ 92.134555896000052, 21.154107134000071 ], [ 92.134073839000052, 21.153889701000139 ], [ 92.133234832000142, 21.153787398000077 ], [ 92.132755979000081, 21.153793437000161 ], [ 92.131685596000068, 21.154256211000074 ], [ 92.130982361000065, 21.155274266000049 ], [ 92.129445955000108, 21.156641467999975 ], [ 92.128972502000124, 21.156983826000101 ], [ 92.128254809000168, 21.156992857000034 ], [ 92.126694299000178, 21.156676083000093 ], [ 92.125853665000079, 21.156460881000044 ], [ 92.125496130000045, 21.156578259000185 ] ] ], [ [ [ 92.323432968000134, 20.636979094000026 ], [ 92.323181562000116, 20.637137783000071 ], [ 92.323057491000043, 20.637324626000179 ], [ 92.323062026000173, 20.637623229000098 ], [ 92.323033117000193, 20.637808791000168 ], [ 92.322889922000115, 20.63798991800013 ], [ 92.322598543000083, 20.638023706000126 ], [ 92.322413655000105, 20.637966461000076 ], [ 92.322379214000136, 20.63778772500001 ], [ 92.322287131999985, 20.637573924000037 ], [ 92.322130338000193, 20.63727736900006 ], [ 92.322086016000071, 20.637224704000062 ], [ 92.321871858000122, 20.63697023400016 ], [ 92.321650718000114, 20.636614810000083 ], [ 92.321606853000105, 20.636233108000113 ], [ 92.321557640000037, 20.63591718400005 ], [ 92.32142459500011, 20.635512788000028 ], [ 92.321319102000189, 20.63525138100016 ], [ 92.321169654000073, 20.635020431000044 ], [ 92.320855805000122, 20.634827532000145 ], [ 92.320567061000077, 20.634616375000178 ], [ 92.32021818000004, 20.634453485000051 ], [ 92.319646817000148, 20.63418671800008 ], [ 92.318972629000143, 20.634082282000122 ], [ 92.31856062900016, 20.63411171000007 ], [ 92.318258379000156, 20.634265103000075 ], [ 92.317994825000198, 20.634459788000129 ], [ 92.317805317000193, 20.634516092000126 ], [ 92.317677803000095, 20.634475991000102 ], [ 92.31754893100009, 20.634346308000147 ], [ 92.317370405000077, 20.63387083900011 ], [ 92.317247528000109, 20.633299049000073 ], [ 92.316539949000116, 20.631827160000057 ], [ 92.316441116000192, 20.631150375000118 ], [ 92.315945807000162, 20.630273166000109 ], [ 92.315591864000055, 20.629516823000131 ], [ 92.315368364000051, 20.629039223000063 ], [ 92.315050102000043, 20.628133673000093 ], [ 92.315063274000067, 20.628052478000029 ], [ 92.315114612, 20.627736008000113 ], [ 92.31514332800009, 20.627558988000033 ], [ 92.315592149, 20.627029201000028 ], [ 92.31654655900013, 20.626393299000142 ], [ 92.317959053000095, 20.625800910000066 ], [ 92.318915546000085, 20.625264303000165 ], [ 92.319242307000025, 20.625068017999979 ], [ 92.319543131000046, 20.624678967000079 ], [ 92.319690354999977, 20.624488565000092 ], [ 92.319927455000084, 20.624153301999968 ], [ 92.319972268000129, 20.624089934999972 ], [ 92.32023679100007, 20.623715895000146 ], [ 92.32196298100007, 20.622069474000057 ], [ 92.322414609000134, 20.621727018000172 ], [ 92.323066579000113, 20.621194484000114 ], [ 92.323412551000104, 20.620566730000064 ], [ 92.323754328000064, 20.619701986000109 ], [ 92.32410396500012, 20.61931574700003 ], [ 92.324552698000048, 20.618783683000061 ], [ 92.324951081000052, 20.618252299000176 ], [ 92.325048021999976, 20.617964279000148 ], [ 92.325144962000195, 20.617676258000188 ], [ 92.32538531, 20.616765466000118 ], [ 92.325376602000176, 20.616192151000064 ], [ 92.325367895000113, 20.615618840000138 ], [ 92.325053998000158, 20.615002220000065 ], [ 92.324740103000181, 20.614385604000063 ], [ 92.324734313000079, 20.614004146000127 ], [ 92.324932538000041, 20.613714764000122 ], [ 92.325183032000155, 20.613472085000069 ], [ 92.325530577000052, 20.612988795000035 ], [ 92.325623759000109, 20.612414109000099 ], [ 92.325615054000195, 20.611840795000091 ], [ 92.325551768000139, 20.611028908000151 ], [ 92.325541627000064, 20.610360794000087 ], [ 92.325484892000077, 20.609980022000059 ], [ 92.325478345000192, 20.609548906999976 ], [ 92.325573723000048, 20.609118678000186 ], [ 92.326089831000161, 20.608012279000036 ], [ 92.326429377000181, 20.607003072000111 ], [ 92.326617327000065, 20.605998164000084 ], [ 92.326653015000034, 20.604993050000076 ], [ 92.326681590000135, 20.603559086000075 ], [ 92.326468160000104, 20.602846299000191 ], [ 92.325951128000099, 20.602232416000106 ], [ 92.324978872000145, 20.601719472000127 ], [ 92.324309471000106, 20.601057966999974 ], [ 92.323938892000058, 20.600060571000085 ], [ 92.32392513200017, 20.599153195000156 ], [ 92.324213987000178, 20.598332998000046 ], [ 92.324314178, 20.598048509000023 ], [ 92.324449572000049, 20.596937073000106 ], [ 92.324427993000143, 20.595513941000092 ], [ 92.324464344000035, 20.595262858000012 ], [ 92.324565730000074, 20.594557118000068 ], [ 92.325408378000134, 20.59320702600013 ], [ 92.326245344000142, 20.591522879000138 ], [ 92.326943851000124, 20.590748150000024 ], [ 92.327246836000199, 20.590649252000048 ], [ 92.32790881000011, 20.590784830000075 ], [ 92.328771137000103, 20.590773217000105 ], [ 92.330291052, 20.590608254000188 ], [ 92.331156173000124, 20.590741079000111 ], [ 92.331564754000055, 20.590925209000034 ], [ 92.331721323000124, 20.591209815000127 ], [ 92.331728599000201, 20.591688328000032 ], [ 92.331378589000053, 20.593700056000046 ], [ 92.33129402600008, 20.59480064800016 ], [ 92.331325268000171, 20.596854644000132 ], [ 92.331402727000068, 20.597546403000081 ], [ 92.331501451000065, 20.598428075000186 ], [ 92.331987918000095, 20.600381111000104 ], [ 92.332048459000021, 20.6010508 ], [ 92.331714009000052, 20.602391813000054 ], [ 92.331418287000133, 20.602969232000135 ], [ 92.331022161000192, 20.603645082000071 ], [ 92.330729320000046, 20.604412101000037 ], [ 92.330585097000096, 20.604940068000133 ], [ 92.330140058000154, 20.605711396000174 ], [ 92.329539153000098, 20.606245517000048 ], [ 92.329318812000054, 20.606774510000037 ], [ 92.329129315000102, 20.60763721100011 ], [ 92.329208695000091, 20.609546071000125 ], [ 92.329063743000177, 20.61002663700009 ], [ 92.328870602999984, 20.610650079000152 ], [ 92.328547151000066, 20.612756267000179 ], [ 92.328115161000198, 20.614387562000047 ], [ 92.327323385000057, 20.615736989000027 ], [ 92.32657815500005, 20.616796813000178 ], [ 92.326186926999981, 20.617759307000028 ], [ 92.326140187000021, 20.618334855000057 ], [ 92.326101582000149, 20.618810242000052 ], [ 92.326456650000182, 20.620478342000013 ], [ 92.326780037000049, 20.621717926000088 ], [ 92.326852693000035, 20.623245617000123 ], [ 92.326854934000096, 20.623292721000098 ], [ 92.326694284000155, 20.624709549000102 ], [ 92.326675728000055, 20.624873201000128 ], [ 92.326572138000188, 20.625529681000103 ], [ 92.32650630400002, 20.625946889000147 ], [ 92.326701157000116, 20.626947896000104 ], [ 92.326848522000091, 20.627704936000043 ], [ 92.327088078000031, 20.628508718000091 ], [ 92.327618781000183, 20.630289354000183 ], [ 92.32837620100014, 20.632028122000179 ], [ 92.328599730000064, 20.632628967000073 ], [ 92.328801755000143, 20.632978666000099 ], [ 92.32937150000015, 20.63414174400009 ], [ 92.329684128000054, 20.635087278000128 ], [ 92.329576871000199, 20.635960825000041 ], [ 92.329387027000109, 20.636411383 ], [ 92.329072663000034, 20.637018928000089 ], [ 92.328941710000095, 20.637170027000082 ], [ 92.328822535000086, 20.637261233000174 ], [ 92.328702179000118, 20.637274804000128 ], [ 92.328542576000132, 20.63721125100011 ], [ 92.328348707000146, 20.636980908000169 ], [ 92.328053424000132, 20.636757906000184 ], [ 92.327525046000119, 20.636645566000141 ], [ 92.32705594600003, 20.636675785000023 ], [ 92.326587936000067, 20.636777666000057 ], [ 92.326238828000101, 20.636770425000066 ], [ 92.325901047000173, 20.63667343100002 ], [ 92.325626344000057, 20.636551692000182 ], [ 92.325346931000126, 20.636537538000084 ], [ 92.325087458000041, 20.636582846000067 ], [ 92.32487239400001, 20.636627556000064 ], [ 92.32481335500006, 20.636787280000135 ], [ 92.324462623000159, 20.637090669000088 ], [ 92.324255081000047, 20.637212929999976 ], [ 92.32408433400019, 20.637251070000104 ], [ 92.324012190000076, 20.637096735000057 ], [ 92.323915031000126, 20.636966630000018 ], [ 92.323641598000165, 20.636928498000088 ], [ 92.323432968000134, 20.636979094000026 ] ] ] ] } },
{ "type": "Feature", "properties": { "adm3_name": "Ukhia", "adm3_name1": null, "adm3_name2": null, "adm3_name3": null, "adm3_pcode": "BD20220094", "adm2_name": "Cox's Bazar", "adm2_name1": null, "adm2_name2": null, "adm2_name3": null, "adm2_pcode": "BD2022", "adm1_name": "Chattogram", "adm1_name1": null, "adm1_name2": null, "adm1_name3": null, "adm1_pcode": "BD20", "adm0_name": "Bangladesh", "adm0_name1": null, "adm0_name2": null, "adm0_name3": null, "adm0_pcode": "BD", "valid_on": "2023-05-21T00:00:00", "valid_to": null, "area_sqkm": 258.7660902, "version": "v03", "lang": "en", "lang1": null, "lang2": null, "lang3": null, "adm3_ref_name": null, "center_lat": 21.22806282, "center_lon": 92.11533645, "location/upazila": "ukhiya", "n_sites": 1, "avg_shelter_severity": 38.0, "avg_water_severity": 50.0, "avg_protection_count": 0.0, "pct_health_priority": 100.0, "protection_severity": 0.0, "needs_score": 43.9, "synthetic_upazila_slug": "ukhiya", "official_adm3_name": "Ukhia", "official_adm3_pcode": "BD20220094", "official_adm2_name": "Cox's Bazar", "official_adm2_pcode": "BD2022", "note": "name mismatch: synthetic slug \"ukhiya\" vs official \"Ukhia\" -- this is exactly why the join below uses P-codes not names" }, "geometry": { "type": "Polygon", "coordinates": [ [ [ 92.144261197000048, 21.349173621999967 ], [ 92.143756087000042, 21.349195863000148 ], [ 92.143119312000181, 21.349240114000168 ], [ 92.142749452000146, 21.349161301000095 ], [ 92.142378771000097, 21.349026057000117 ], [ 92.142017335000048, 21.348863602000108 ], [ 92.141554521000103, 21.348524083000143 ], [ 92.141141235000191, 21.348192962000041 ], [ 92.140498584000056, 21.34787379800008 ], [ 92.140307149000137, 21.347718201000077 ], [ 92.140056079000146, 21.347563365000042 ], [ 92.139924410000162, 21.34741603700013 ], [ 92.139821963000088, 21.347248018000187 ], [ 92.139770012000156, 21.347072583000113 ], [ 92.139757739000117, 21.346932766 ], [ 92.139725591000115, 21.346793201000139 ], [ 92.139674822000131, 21.346699027000113 ], [ 92.139544232000162, 21.346626189000176 ], [ 92.139394030000119, 21.346571658000187 ], [ 92.139333875000034, 21.346536304000097 ], [ 92.13924412199998, 21.346537448 ], [ 92.139095003000193, 21.346557407000148 ], [ 92.138935935000177, 21.34659781300013 ], [ 92.138716515000112, 21.346589320000021 ], [ 92.138495915000192, 21.346499566000091 ], [ 92.138365197000041, 21.346417697000106 ], [ 92.138284867000095, 21.346362279000175 ], [ 92.138174029000197, 21.346280156000034 ], [ 92.138123902000018, 21.346271764000051 ], [ 92.137994397000057, 21.346273411000084 ], [ 92.137826345000178, 21.346359086000177 ], [ 92.137668144000145, 21.346417541000108 ], [ 92.137439728000118, 21.346494951000125 ], [ 92.137269778000075, 21.346449704 ], [ 92.137219043000016, 21.346357786000056 ], [ 92.137217388000181, 21.346243460000039 ], [ 92.137216885000043, 21.346208807000096 ], [ 92.137174628000196, 21.346078402000046 ], [ 92.137093906000075, 21.345995894000112 ], [ 92.137042832000134, 21.345922042000041 ], [ 92.136921929000152, 21.345810697 ], [ 92.136780548000104, 21.345699613000022 ], [ 92.136649700000078, 21.345608714000093 ], [ 92.136599239000077, 21.345541690000061 ], [ 92.136558785000148, 21.345487957000103 ], [ 92.136417831000188, 21.345406217000118 ], [ 92.136287768000159, 21.345369491000099 ], [ 92.136168928000131, 21.345400350999967 ], [ 92.136050534000105, 21.345503453000163 ], [ 92.135963106000133, 21.345664859000181 ], [ 92.135915185000158, 21.34576706200005 ], [ 92.135747135000088, 21.345852734 ], [ 92.135497759000089, 21.345855906000111 ], [ 92.135179931000096, 21.345916388000148 ], [ 92.135111270000152, 21.346000793000087 ], [ 92.134794785000167, 21.346153822000076 ], [ 92.134565105000036, 21.346102556000062 ], [ 92.134373729000174, 21.345992107000086 ], [ 92.13421526400009, 21.346032502000128 ], [ 92.134016407999979, 21.346071149000068 ], [ 92.13381650600013, 21.346037568000042 ], [ 92.13347553300008, 21.345872576000033 ], [ 92.13306459100005, 21.345701699000017 ], [ 92.132792236000114, 21.34549067800009 ], [ 92.132728813000142, 21.345229594000159 ], [ 92.132755142000065, 21.344967373000031 ], [ 92.132743140000173, 21.344845613000075 ], [ 92.132652574000133, 21.344790320000016 ], [ 92.132463599000062, 21.344804008000096 ], [ 92.132284832000096, 21.344815306000157 ], [ 92.13207882800009, 21.344817925000086 ], [ 92.131985464000195, 21.344819107000035 ], [ 92.131736009000065, 21.34477486500009 ], [ 92.131564855000079, 21.344646092000175 ], [ 92.1314822450002, 21.344432664000124 ], [ 92.13149781400017, 21.344134454000141 ], [ 92.131534174000137, 21.343899196000052 ], [ 92.131482156000118, 21.34375988000005 ], [ 92.131291943000065, 21.343687790000104 ], [ 92.131042311000044, 21.343672898000136 ], [ 92.130772850000199, 21.343619875000115 ], [ 92.130452481000077, 21.343504283000129 ], [ 92.130162670000175, 21.343460548000166 ], [ 92.129852899000014, 21.343369654000071 ], [ 92.129572207000081, 21.343289681000158 ], [ 92.129311177000147, 21.34315301200013 ], [ 92.129080395000074, 21.343024995000064 ], [ 92.128918834000103, 21.342850945000066 ], [ 92.128777331000038, 21.342730825000103 ], [ 92.128436794000038, 21.342595164000159 ], [ 92.128349956000136, 21.342533788000026 ], [ 92.128295583000124, 21.342495358000065 ], [ 92.128183645000092, 21.342336485000146 ], [ 92.128077677000078, 21.341881776999969 ], [ 92.128009834000011, 21.341313703000083 ], [ 92.127875346999986, 21.340969985000072 ], [ 92.127910770000199, 21.340669265000031 ], [ 92.127888057000177, 21.340473135000138 ], [ 92.12785514, 21.340279393000117 ], [ 92.127764153000044, 21.340194753000048 ], [ 92.127614253000104, 21.340160531000038 ], [ 92.127444997000111, 21.340162675000045 ], [ 92.127226271000154, 21.340201567000065 ], [ 92.127018337000152, 21.340278704000127 ], [ 92.12670175400018, 21.340424945000052 ], [ 92.126354598000034, 21.340539965000175 ], [ 92.126076532000127, 21.340599926999971 ], [ 92.125935033000076, 21.340479804999973 ], [ 92.125932884000122, 21.34033082500008 ], [ 92.125971613000047, 21.340217451000115 ], [ 92.126079431999983, 21.340132553000046 ], [ 92.126235437000048, 21.339879976000191 ], [ 92.126243658000078, 21.339739899000051 ], [ 92.126201283000057, 21.339600458000177 ], [ 92.126081207000084, 21.339545538000039 ], [ 92.125891394000064, 21.33950052800003 ], [ 92.125751132, 21.339466180000045 ], [ 92.125570352000182, 21.339337524000086 ], [ 92.125357909000058, 21.339143793000119 ], [ 92.125216204000196, 21.338967229000048 ], [ 92.12521488200008, 21.338875474000019 ], [ 92.125213667000025, 21.338791164000156 ], [ 92.12521164900005, 21.338651214000151 ], [ 92.125170399000183, 21.338547881000181 ], [ 92.125109221000116, 21.338483184000097 ], [ 92.12499968000003, 21.338448446000029 ], [ 92.124800832000062, 21.338487086000043 ], [ 92.12463320500018, 21.33860208800013 ], [ 92.124454393000121, 21.338651761000108 ], [ 92.124234723000029, 21.338625189000027 ], [ 92.123973448000186, 21.338470457000028 ], [ 92.123881969000195, 21.338349362000031 ], [ 92.123898474000043, 21.338116949000039 ], [ 92.123965644000066, 21.33792871300011 ], [ 92.124161372000117, 21.337673378000034 ], [ 92.124229095000146, 21.33752351600009 ], [ 92.124377267000114, 21.337438107000025 ], [ 92.124545707000038, 21.337379537000174 ], [ 92.124635323000177, 21.337369372000126 ], [ 92.124724548000188, 21.337332121000145 ], [ 92.124762544000134, 21.337209726000026 ], [ 92.12476065900006, 21.337078805000147 ], [ 92.124688221000099, 21.336901365000017 ], [ 92.124567156000126, 21.336819363000188 ], [ 92.124397252999984, 21.336776358000066 ], [ 92.124228262000145, 21.336796556000138 ], [ 92.124050836000038, 21.3369003950001 ], [ 92.12385228100004, 21.336959346000128 ], [ 92.123712413000192, 21.336952083000142 ], [ 92.123541958000033, 21.33687070600007 ], [ 92.123470203000011, 21.336740667000072 ], [ 92.123407618000101, 21.336536008999985 ], [ 92.123343144999978, 21.336200431000123 ], [ 92.123270056000081, 21.33597784400007 ], [ 92.123209616000054, 21.335922167000035 ], [ 92.123079437000058, 21.335876400000018 ], [ 92.122930353000129, 21.335898604000079 ], [ 92.122731767000062, 21.335955297000112 ], [ 92.122612801000173, 21.33597711900012 ], [ 92.122363442000051, 21.335980270000107 ], [ 92.122233260000087, 21.335934502000043 ], [ 92.122061996000127, 21.335796691000098 ], [ 92.121930226000075, 21.335640317000127 ], [ 92.121808272000123, 21.335454470000116 ], [ 92.121774481000045, 21.335232507000171 ], [ 92.121764363000125, 21.335166043000129 ], [ 92.121559898000157, 21.334814168999969 ], [ 92.121418959000152, 21.334732415000133 ], [ 92.12113872600014, 21.334641129999966 ], [ 92.120939231000079, 21.334634618000166 ], [ 92.120562181000139, 21.334722912000188 ], [ 92.120274011000106, 21.334792022000045 ], [ 92.119995011000071, 21.334786512000107 ], [ 92.11989417000018, 21.334686190000127 ], [ 92.119812522000188, 21.334538212000155 ], [ 92.119728781999981, 21.334286409000015 ], [ 92.119694824000192, 21.333977534000155 ], [ 92.119728282000153, 21.333539123000037 ], [ 92.119786030000114, 21.333407449000106 ], [ 92.119811473000198, 21.333082023000031 ], [ 92.119818416000157, 21.332894546000034 ], [ 92.119815334000066, 21.332680106000055 ], [ 92.119863963000057, 21.332584670000188 ], [ 92.119932501000051, 21.332491241000184 ], [ 92.120091120000154, 21.332462147000058 ], [ 92.120212049000088, 21.332535127000085 ], [ 92.120342616000187, 21.332607982000127 ], [ 92.120482948000074, 21.332689744000163 ], [ 92.12062336300005, 21.332735383000113 ], [ 92.120822597000199, 21.332723838000163 ], [ 92.120931665000114, 21.332684082000071 ], [ 92.120999858000175, 21.332608716000038 ], [ 92.121028772000102, 21.332524817000092 ], [ 92.120996902000115, 21.332403304000081 ], [ 92.120926569000062, 21.332329690000051 ], [ 92.120725713000127, 21.332228372000031 ], [ 92.120535683000071, 21.332167554000137 ], [ 92.12034459400013, 21.3320751440001 ], [ 92.120223749, 21.331966043000079 ], [ 92.120061704000193, 21.331798762000176 ], [ 92.119908864000138, 21.33155911800003 ], [ 92.11983617400017, 21.331363617000136 ], [ 92.119844402000126, 21.331223537000085 ], [ 92.119973085000026, 21.33116547200018 ], [ 92.120102580000037, 21.331163838 ], [ 92.120291960000031, 21.331179511000187 ], [ 92.120370393000087, 21.331104017000143 ], [ 92.120349708000049, 21.331047836000039 ], [ 92.120239490000131, 21.330965692000177 ], [ 92.120099107000158, 21.330922310000119 ], [ 92.119896245000064, 21.330681040000059 ], [ 92.119794724000144, 21.330533314000093 ], [ 92.119741783000109, 21.330328533000113 ], [ 92.119818723000094, 21.330149206000101 ], [ 92.12000656400005, 21.330015888999981 ], [ 92.120124617000158, 21.329930867000087 ], [ 92.120212218, 21.329780755000058 ], [ 92.120220055000061, 21.329613589000132 ], [ 92.120237240000165, 21.329425985000057 ], [ 92.1203645880002, 21.329275369000186 ], [ 92.12050209500012, 21.329160752 ], [ 92.120699442000046, 21.329018284000142 ], [ 92.120776932000012, 21.328877332000047 ], [ 92.12074476100014, 21.328692606 ], [ 92.120551924000097, 21.328478302000065 ], [ 92.120468432000109, 21.328419074000124 ], [ 92.120030099000132, 21.328216224000016 ], [ 92.119519258000082, 21.328005930000074 ], [ 92.119067300000154, 21.327742965000027 ], [ 92.118867392000141, 21.327707104000183 ], [ 92.118708046000108, 21.327727175000177 ], [ 92.118470481000088, 21.327795642000069 ], [ 92.118340181000121, 21.327740842000139 ], [ 92.118246313000157, 21.327622369000039 ], [ 92.118165247000036, 21.327388593000023 ], [ 92.118050544000027, 21.327035582000065 ], [ 92.117888335000032, 21.326814116000037 ], [ 92.117697469000063, 21.326694606000103 ], [ 92.117376802000081, 21.3265970490001 ], [ 92.117168328000048, 21.32663580000019 ], [ 92.116841914000076, 21.326809237000077 ], [ 92.116613434000158, 21.326839207000035 ], [ 92.116342811000038, 21.326702639000132 ], [ 92.116112662000091, 21.326658126000098 ], [ 92.115933783000173, 21.326660379000032 ], [ 92.115685377000034, 21.326728978000062 ], [ 92.115577380000047, 21.32684322200015 ], [ 92.115490456000146, 21.32704073400015 ], [ 92.115496965000091, 21.327074516999971 ], [ 92.115522966000185, 21.327207394000084 ], [ 92.115595905000077, 21.32742095600014 ], [ 92.115561690000163, 21.327601936 ], [ 92.115512476, 21.327862255000127 ], [ 92.115316065, 21.32807017600004 ], [ 92.114969992000056, 21.328259662999983 ], [ 92.114373332000071, 21.32832361200002 ], [ 92.114005799000154, 21.32840274 ], [ 92.113766469000041, 21.328516377000085 ], [ 92.11344219200015, 21.328671722000081 ], [ 92.112900031000152, 21.328881730000035 ], [ 92.112501276000103, 21.329094449000138 ], [ 92.112093438000102, 21.329135698000073 ], [ 92.111863501000187, 21.32906408700012 ], [ 92.11169105800019, 21.328842742000177 ], [ 92.111557817000119, 21.328582524000126 ], [ 92.111123870000142, 21.32818836500013 ], [ 92.111033193000196, 21.328124031000129 ], [ 92.110883406000141, 21.328096562000098 ], [ 92.110604965000107, 21.328129410000145 ], [ 92.11030755500002, 21.328225708000105 ], [ 92.11003978399998, 21.328330666999989 ], [ 92.10954211, 21.328366266000046 ], [ 92.109282188000179, 21.328304056000036 ], [ 92.109071064000148, 21.328157697999984 ], [ 92.10888851600015, 21.327945508000028 ], [ 92.108735534000061, 21.327694566000048 ], [ 92.108671789000027, 21.327559898000118 ], [ 92.10858149000012, 21.327369132000115 ], [ 92.108459043000039, 21.327147158000059 ], [ 92.108277175000069, 21.32698237000011 ], [ 92.107926033000183, 21.326817448000099 ], [ 92.107603845000142, 21.326570885000081 ], [ 92.107463492000193, 21.32648685200013 ], [ 92.107341381000083, 21.326330346000134 ], [ 92.107288544000085, 21.326089435000029 ], [ 92.107403637000118, 21.325796749000119 ], [ 92.107766524, 21.325392586000191 ], [ 92.108365291000098, 21.324759695000125 ], [ 92.108981119000077, 21.323930170000153 ], [ 92.108980312000085, 21.32387373600011 ], [ 92.108836584000073, 21.323595585000078 ], [ 92.10866728700006, 21.323396046000028 ], [ 92.10863378300013, 21.323356558000114 ], [ 92.108314504000077, 21.323313152000082 ], [ 92.107916792000196, 21.323345231000133 ], [ 92.107330038000157, 21.323427092000088 ], [ 92.106991173000097, 21.323404247000042 ], [ 92.106710840000062, 21.323303908000014 ], [ 92.106518354000116, 21.323112159000061 ], [ 92.106335999000066, 21.322870613000134 ], [ 92.105944089000161, 21.322633951000114 ], [ 92.105482285000107, 21.322395904000018 ], [ 92.105090504000145, 21.322168268000041 ], [ 92.104688873000043, 21.321967848000156 ], [ 92.104375589000199, 21.321626340000137 ], [ 92.104112368000187, 21.32133162000008 ], [ 92.103795265000144, 21.320764391000125 ], [ 92.103761378000115, 21.320457768000097 ], [ 92.103754977, 21.320008566000013 ], [ 92.103701627000021, 21.31992458000019 ], [ 92.103520209000123, 21.319638984 ], [ 92.103236859000162, 21.319326451000165 ], [ 92.102873854000052, 21.319003625000107 ], [ 92.102410746000089, 21.31867302 ], [ 92.10194645200005, 21.318258895000156 ], [ 92.101663921000181, 21.317876358000035 ], [ 92.1012914060002, 21.317519784000183 ], [ 92.101137437000148, 21.317371561000073 ], [ 92.100937187000113, 21.317178782000042 ], [ 92.100710627000183, 21.316750391000028 ], [ 92.100614084000085, 21.31644229 ], [ 92.1005002120001, 21.316186336000158 ], [ 92.100386788000151, 21.31596198200009 ], [ 92.100291466000044, 21.315739661000066 ], [ 92.100197482999988, 21.31556925100017 ], [ 92.09991870500005, 21.315365022000037 ], [ 92.09933057000012, 21.315390430000036 ], [ 92.099019483000063, 21.315498167000158 ], [ 92.098672743000179, 21.315640214999974 ], [ 92.098266816000034, 21.315559489000066 ], [ 92.097987299000124, 21.315303340000128 ], [ 92.09785462800005, 21.314995691000149 ], [ 92.097828356000036, 21.314460942000039 ], [ 92.097856530000058, 21.313857782000071 ], [ 92.097869810000077, 21.313478322000094 ], [ 92.097678920000078, 21.313015615999973 ], [ 92.097065386000111, 21.312524315000132 ], [ 92.096693582000114, 21.312266323000074 ], [ 92.096285506000072, 21.311983159000079 ], [ 92.095822321000014, 21.311729294000145 ], [ 92.095524525000087, 21.311457566000058 ], [ 92.0951890340001, 21.311118573000158 ], [ 92.095020473000147, 21.310912965 ], [ 92.094833371999982, 21.310673722000047 ], [ 92.094664845000182, 21.310470368000097 ], [ 92.094497504000117, 21.310350535 ], [ 92.094313346000149, 21.310318963999975 ], [ 92.094018980000101, 21.310288764000177 ], [ 92.093706428000189, 21.310292654000136 ], [ 92.093338694000124, 21.310313038 ], [ 92.092954395000049, 21.310439736000035 ], [ 92.092459858000097, 21.310565551000025 ], [ 92.09199719500009, 21.310347792000073 ], [ 92.091533319000064, 21.310044254000161 ], [ 92.091289211000117, 21.309649933000117 ], [ 92.091170859000101, 21.309118585000078 ], [ 92.09118147300012, 21.308549508000112 ], [ 92.091173417000164, 21.307980664000127 ], [ 92.090856969000072, 21.307709157000147 ], [ 92.090391753000119, 21.307624536000162 ], [ 92.089788113000111, 21.307514733000062 ], [ 92.088591885000085, 21.307427994000079 ], [ 92.088095405, 21.307416097000043 ], [ 92.087822752000079, 21.307642997000187 ], [ 92.087644693000186, 21.308042564000118 ], [ 92.087264254000104, 21.308442388000174 ], [ 92.087188948000062, 21.308483962000025 ], [ 92.08695412700007, 21.308617823000191 ], [ 92.086533091000092, 21.308744965000074 ], [ 92.086107909000077, 21.308578651000118 ], [ 92.085662594000098, 21.308308733 ], [ 92.085216639, 21.307950769000058 ], [ 92.08471531400005, 21.307595748999972 ], [ 92.084267073000149, 21.307118151000111 ], [ 92.084038666000197, 21.306554292000044 ], [ 92.083958860000166, 21.30610599400012 ], [ 92.084135751000133, 21.305622908000089 ], [ 92.084660675000066, 21.305047456000068 ], [ 92.08529471300011, 21.304350991000092 ], [ 92.085962422000193, 21.303480262999983 ], [ 92.086042836999979, 21.303280548000089 ], [ 92.086157939000088, 21.302994686999966 ], [ 92.086204961000078, 21.302443219000168 ], [ 92.086128337000162, 21.302220655000042 ], [ 92.085901847000059, 21.301792237000143 ], [ 92.085468240000182, 21.301411543000086 ], [ 92.08499309900003, 21.301016515000072 ], [ 92.084967885000083, 21.300995551000142 ], [ 92.083930963000057, 21.300755535000178 ], [ 92.083770612000194, 21.300772450000068 ], [ 92.083033675000081, 21.300850183000023 ], [ 92.081693705000021, 21.301415397000028 ], [ 92.080904498000052, 21.301700604000132 ], [ 92.080486804000088, 21.301850264000052 ], [ 92.079188422000129, 21.302204978000077 ], [ 92.078105729000185, 21.301922591999983 ], [ 92.077784271000041, 21.301420831000144 ], [ 92.077641698000093, 21.300876222000113 ], [ 92.07758764600004, 21.300201827000024 ], [ 92.077578184000117, 21.299529141000107 ], [ 92.077530586000137, 21.299421678000044 ], [ 92.077392197000108, 21.299109241 ], [ 92.076894885000172, 21.298864772000115 ], [ 92.07635412400009, 21.298785653000039 ], [ 92.075503811000033, 21.299008372000117 ], [ 92.074790700000051, 21.299437107000131 ], [ 92.074164963000101, 21.299654790000147 ], [ 92.07360040400016, 21.299661750000155 ], [ 92.073535678000155, 21.299662548000072 ], [ 92.073259403000122, 21.299203117000161 ], [ 92.073296902000095, 21.298656283000184 ], [ 92.073820491000163, 21.297554827 ], [ 92.074516424000137, 21.295902617000081 ], [ 92.074728642000082, 21.295017226000084 ], [ 92.074726431000158, 21.29485965900011 ], [ 92.074715619000187, 21.294089458000087 ], [ 92.074570689000097, 21.29337554000017 ], [ 92.07379827900013, 21.292752895000092 ], [ 92.072806020000201, 21.292471615000068 ], [ 92.072472317000177, 21.292365347000157 ], [ 92.072198561999983, 21.292278168000109 ], [ 92.071406741000146, 21.292026006000071 ], [ 92.070179219000181, 21.291900342000133 ], [ 92.06920171400003, 21.291800266000052 ], [ 92.067401909000068, 21.291610160000118 ], [ 92.067102902000101, 21.29159326600012 ], [ 92.066187393000121, 21.291541539000036 ], [ 92.064789307000069, 21.291179395000086 ], [ 92.063839868000116, 21.290728204000118 ], [ 92.062570816000118, 21.289944517000038 ], [ 92.0613967540001, 21.289536703000067 ], [ 92.060714379000046, 21.28951812400004 ], [ 92.060538819000101, 21.289513343000067 ], [ 92.060242300000198, 21.289505237000128 ], [ 92.059283844999982, 21.289479033000077 ], [ 92.058218139000132, 21.289523887000087 ], [ 92.057847107000157, 21.289539501000093 ], [ 92.056876494000051, 21.289551366000126 ], [ 92.056543446000035, 21.289555436000114 ], [ 92.056030077000059, 21.289561709000168 ], [ 92.055825078000112, 21.289564214000109 ], [ 92.054658663000112, 21.289661994000028 ], [ 92.053184342000065, 21.290070845 ], [ 92.052912822000167, 21.290146140000104 ], [ 92.052030197000079, 21.291294815000015 ], [ 92.051865839000129, 21.29234885000011 ], [ 92.051740959000142, 21.293149706000122 ], [ 92.051637446000143, 21.29341385000015 ], [ 92.051303954000105, 21.294264856000041 ], [ 92.051177320000136, 21.294587997 ], [ 92.050321384000142, 21.29539315300002 ], [ 92.049180912000111, 21.29646594400009 ], [ 92.047601131000079, 21.297809433000111 ], [ 92.047271278000039, 21.298089944000139 ], [ 92.04633834800012, 21.29975209800017 ], [ 92.045604879999985, 21.301058853000029 ], [ 92.045283793000181, 21.301706704000082 ], [ 92.044346926, 21.303596970000171 ], [ 92.044031022000183, 21.304234342000143 ], [ 92.043542178000052, 21.305014087000075 ], [ 92.04301975400017, 21.305847385000106 ], [ 92.042486008000083, 21.306233170000155 ], [ 92.041715954000097, 21.306082218000086 ], [ 92.041785923000134, 21.30600234800005 ], [ 92.042184391000035, 21.305329210000139 ], [ 92.042480427000044, 21.304609905000063 ], [ 92.042676650000033, 21.304034049000165 ], [ 92.042719910000073, 21.303460052000048 ], [ 92.042759083000192, 21.303026081999974 ], [ 92.043029500999978, 21.300062866000133 ], [ 92.042864653000038, 21.299204657000075 ], [ 92.042904603000125, 21.298391375000108 ], [ 92.04359176100013, 21.296470702000079 ], [ 92.044475140000145, 21.293976425000039 ], [ 92.046015478000072, 21.291040668000051 ], [ 92.046713161000127, 21.289885240000046 ], [ 92.047225114000128, 21.288422043000025 ], [ 92.047988831000168, 21.286239237000075 ], [ 92.047967578999987, 21.286101916000177 ], [ 92.047892922000131, 21.285619516000054 ], [ 92.04751620900015, 21.284770662000142 ], [ 92.046994504000054, 21.283323005 ], [ 92.046407436000152, 21.281507853000107 ], [ 92.046374793000041, 21.281406921000098 ], [ 92.045826512000076, 21.278035960000182 ], [ 92.045818330000088, 21.277813662000085 ], [ 92.045754163000197, 21.276070322000066 ], [ 92.045853354000144, 21.275642190000156 ], [ 92.045999660000177, 21.275010703000078 ], [ 92.046266342000195, 21.273859094000045 ], [ 92.046399711000163, 21.273283163000087 ], [ 92.046904746000109, 21.271540173000119 ], [ 92.047008947000108, 21.271180548000132 ], [ 92.047061027000154, 21.270926647000181 ], [ 92.047115920000181, 21.270659037000087 ], [ 92.047307937000141, 21.269722909000052 ], [ 92.047156495000024, 21.268656822000025 ], [ 92.046951448000073, 21.267365657000084 ], [ 92.04675676800008, 21.26613975000015 ], [ 92.046752910000123, 21.265504663000115 ], [ 92.046740449000083, 21.263452476 ], [ 92.046738850000054, 21.263189059000183 ], [ 92.046840652000128, 21.260665890000041 ], [ 92.046346232000076, 21.255856004000123 ], [ 92.046287598, 21.255285559000129 ], [ 92.045940179000127, 21.253237461000083 ], [ 92.045778145000043, 21.251401597000097 ], [ 92.04573715500004, 21.251070820000166 ], [ 92.045418335000136, 21.248497946999976 ], [ 92.044993049000084, 21.247392280000099 ], [ 92.044778923000138, 21.246753668 ], [ 92.044675024000185, 21.245856332000187 ], [ 92.044576461000077, 21.245302113999969 ], [ 92.044773335000059, 21.243032915000072 ], [ 92.044802567000147, 21.24187883400009 ], [ 92.044634653000116, 21.239614060000065 ], [ 92.044069202000117, 21.238295598000093 ], [ 92.044030698000142, 21.237948366000126 ], [ 92.043913104000183, 21.236886375999973 ], [ 92.043766349, 21.234494905000076 ], [ 92.04396440700009, 21.2323543870001 ], [ 92.044193041000142, 21.231400592000114 ], [ 92.044395923000081, 21.230554219 ], [ 92.044898045000082, 21.228997572000083 ], [ 92.044964022000102, 21.228793036000013 ], [ 92.045122659000185, 21.228351098000076 ], [ 92.04584231400014, 21.226346239000179 ], [ 92.046325415000013, 21.225015063000171 ], [ 92.046738717000096, 21.223556037000094 ], [ 92.046712449000097, 21.223051412000132 ], [ 92.046676468000044, 21.222360167999966 ], [ 92.046329757000194, 21.220354946000157 ], [ 92.046317473999977, 21.219464484000184 ], [ 92.046305596000082, 21.218603199000086 ], [ 92.045953581000163, 21.216211957000098 ], [ 92.045495505000133, 21.214422570000124 ], [ 92.045481941000048, 21.213438342000018 ], [ 92.045823699000096, 21.211767954000038 ], [ 92.046348364000039, 21.210135988 ], [ 92.047139773000083, 21.208031170000083 ], [ 92.047605145000034, 21.205374886000072 ], [ 92.04778150400017, 21.203279780000059 ], [ 92.047625030000177, 21.202247980000152 ], [ 92.047580887000152, 21.201956893000158 ], [ 92.047338642000113, 21.200932537000142 ], [ 92.047225947000129, 21.199394090999988 ], [ 92.047185560000059, 21.198060569000177 ], [ 92.047143105000032, 21.196658657000171 ], [ 92.047120737000114, 21.195035578999978 ], [ 92.047263501000032, 21.190545363000069 ], [ 92.04713727800015, 21.187979789000053 ], [ 92.046703947000083, 21.18631878500014 ], [ 92.046232547000159, 21.18517076500018 ], [ 92.04617854900016, 21.184570848000192 ], [ 92.046628787000088, 21.184138672000131 ], [ 92.047274188000131, 21.183020020000129 ], [ 92.047669813000084, 21.181987934000176 ], [ 92.048191460000169, 21.180143770000029 ], [ 92.048944097000174, 21.178511296000124 ], [ 92.049650958000143, 21.176877118000107 ], [ 92.050451027000122, 21.175413397000057 ], [ 92.051008437000064, 21.174508035000088 ], [ 92.051364809000063, 21.17390539400003 ], [ 92.05158577900005, 21.173390199000153 ], [ 92.051987271000087, 21.17278700900016 ], [ 92.052887008000198, 21.171920385000021 ], [ 92.053517128000067, 21.171314420000101 ], [ 92.053784408000183, 21.170841553000116 ], [ 92.053956676000041, 21.170112453 ], [ 92.054058508000139, 21.169594369000151 ], [ 92.054318774000137, 21.168270214000074 ], [ 92.05443823700017, 21.167029237000179 ], [ 92.054839120000054, 21.166340258999981 ], [ 92.055510777000109, 21.165476392000016 ], [ 92.056586260000188, 21.164137997000068 ], [ 92.057611850000114, 21.162499918000151 ], [ 92.058462241000086, 21.161378736000074 ], [ 92.059097367000049, 21.160549743000161 ], [ 92.05922352400006, 21.160385076000125 ], [ 92.060259153000061, 21.159476124000037 ], [ 92.061070289000043, 21.158825031000106 ], [ 92.062657826000191, 21.156624663000116 ], [ 92.063811130000033, 21.15518224900012 ], [ 92.063961820000088, 21.154993780999973 ], [ 92.064763397000036, 21.153991241000028 ], [ 92.066778055000157, 21.151358906000098 ], [ 92.06915719400007, 21.148764996000011 ], [ 92.069829104000064, 21.148001572000112 ], [ 92.071794086000125, 21.145768907000047 ], [ 92.071832158000063, 21.145725647000177 ], [ 92.071850442000141, 21.145704872000124 ], [ 92.07303801400019, 21.144355479000126 ], [ 92.074129236000033, 21.143234272000029 ], [ 92.074934498000061, 21.142406866000101 ], [ 92.07573336500019, 21.14158602200007 ], [ 92.077319463000151, 21.139870713000164 ], [ 92.078292667000198, 21.138818201000106 ], [ 92.079368362000139, 21.137522579 ], [ 92.079419808000125, 21.137435938000067 ], [ 92.080058452000173, 21.136360382000078 ], [ 92.080818900000054, 21.135368908000089 ], [ 92.081942028000071, 21.134199124000133 ], [ 92.082742172, 21.132778181000049 ], [ 92.08313309600004, 21.132346580000103 ], [ 92.084268357999974, 21.131093169000053 ], [ 92.085743993000165, 21.129108486000064 ], [ 92.087291730000061, 21.127378032000081 ], [ 92.088321567000094, 21.126080455000078 ], [ 92.08903798700004, 21.125177761000032 ], [ 92.091279769000039, 21.122540126 ], [ 92.09381956600015, 21.119544160000089 ], [ 92.093879394000112, 21.119473585000037 ], [ 92.095356600000116, 21.117617506000045 ], [ 92.098200220000024, 21.114076021000187 ], [ 92.098816878000093, 21.113253396000061 ], [ 92.099720614000091, 21.112047788000154 ], [ 92.100486328000045, 21.111204412000177 ], [ 92.100976955000192, 21.110664017000147 ], [ 92.102413086000126, 21.109106419000057 ], [ 92.102457414000014, 21.109058086000061 ], [ 92.104118016000143, 21.10724745300007 ], [ 92.10501346500007, 21.10612552200007 ], [ 92.106653385000186, 21.104341404000024 ], [ 92.108670294000035, 21.102147074000015 ], [ 92.10929470700006, 21.101473538999983 ], [ 92.110554858000171, 21.100114228000052 ], [ 92.111285490000057, 21.099304396000036 ], [ 92.112349173000041, 21.098125387000096 ], [ 92.113106607000191, 21.097257736000131 ], [ 92.113783852000154, 21.096481933000177 ], [ 92.114270472000101, 21.095890725000118 ], [ 92.114993020000043, 21.09501287 ], [ 92.115364552000017, 21.093897426000126 ], [ 92.115763763000132, 21.093165454000143 ], [ 92.116408445000161, 21.092526809000105 ], [ 92.117381771000055, 21.09156258400003 ], [ 92.119617250000033, 21.089205371000105 ], [ 92.119760926000197, 21.089053867000189 ], [ 92.121507221000172, 21.086962051000114 ], [ 92.122537943000168, 21.085727359000089 ], [ 92.124243583000066, 21.083954007000102 ], [ 92.124482560000047, 21.083673314000066 ], [ 92.124650883000186, 21.08379538100013 ], [ 92.125322372000085, 21.084410101000174 ], [ 92.12665498500013, 21.084910418000106 ], [ 92.127437125000142, 21.085523744000056 ], [ 92.128656187000161, 21.085820016000071 ], [ 92.129757816000051, 21.085598474 ], [ 92.130968598000038, 21.085271703000046 ], [ 92.132065170000033, 21.084738646000119 ], [ 92.133721736000155, 21.084717815999966 ], [ 92.133798064000075, 21.08505259400016 ], [ 92.133957843000019, 21.08575339600003 ], [ 92.134299510000176, 21.086473827000077 ], [ 92.135740752, 21.086871104000124 ], [ 92.137731124000027, 21.08685054100016 ], [ 92.137516860000062, 21.087469602000112 ], [ 92.1377523660002, 21.088502923000078 ], [ 92.137757556000111, 21.088865566000152 ], [ 92.137757936000128, 21.088892073000125 ], [ 92.137762769000062, 21.089229776000082 ], [ 92.13777158, 21.089845402000037 ], [ 92.137753085000156, 21.089960941000072 ], [ 92.137683763000098, 21.090394010000125 ], [ 92.137473319000094, 21.091708674000188 ], [ 92.136997432000101, 21.093148337000059 ], [ 92.136971042000198, 21.093973026000128 ], [ 92.136978221, 21.094474718000072 ], [ 92.137217561999989, 21.095062358000064 ], [ 92.136470455000108, 21.095365847000039 ], [ 92.134898411000052, 21.096004425000103 ], [ 92.132797544000027, 21.096801116 ], [ 92.130077017000076, 21.098600590000046 ], [ 92.128633144000105, 21.099555596000187 ], [ 92.12604325, 21.102332900000135 ], [ 92.12528504900007, 21.103145939000171 ], [ 92.123705992999987, 21.105588792000049 ], [ 92.123229594000122, 21.106325778000098 ], [ 92.122696175000101, 21.107015008000133 ], [ 92.121201959000132, 21.108945646000166 ], [ 92.121016715000053, 21.109184991000177 ], [ 92.120028964000142, 21.110841665000066 ], [ 92.12040987000006, 21.111609924000163 ], [ 92.120703185000082, 21.111884698000154 ], [ 92.120926583000085, 21.112093974000061 ], [ 92.121647052000071, 21.11276889100003 ], [ 92.121552396000084, 21.112868900000024 ], [ 92.120707821999986, 21.113761222000164 ], [ 92.119412702000147, 21.114551615000096 ], [ 92.118309452000176, 21.115224898000122 ], [ 92.116567514999986, 21.115844031999984 ], [ 92.115073819000031, 21.116012027000124 ], [ 92.112042649000045, 21.115793925000048 ], [ 92.110954778, 21.116207802000076 ], [ 92.110448579000149, 21.117857902000026 ], [ 92.109317536000106, 21.1185145070001 ], [ 92.108113675000084, 21.118383943000083 ], [ 92.107208401000094, 21.118051481000123 ], [ 92.106795502000125, 21.118116353000175 ], [ 92.105806309000116, 21.119113722000179 ], [ 92.104929995000077, 21.120200204000184 ], [ 92.104202478, 21.1212006290001 ], [ 92.102926014000104, 21.122665770000083 ], [ 92.101430944000185, 21.124275721000174 ], [ 92.099268672000164, 21.126978750000092 ], [ 92.098419436000086, 21.128139211000075 ], [ 92.098240339000085, 21.128442503000144 ], [ 92.097788458000082, 21.128906881000034 ], [ 92.096840380000174, 21.129473938000103 ], [ 92.096072839000158, 21.129955017000043 ], [ 92.095401397000046, 21.13037585800015 ], [ 92.094054563000157, 21.132399684000063 ], [ 92.092828305000126, 21.133944114000144 ], [ 92.092200422000133, 21.134573140000157 ], [ 92.091101279000043, 21.135996178000141 ], [ 92.090616136000108, 21.136319002 ], [ 92.089335156000175, 21.137171381000087 ], [ 92.088835878000111, 21.137503602000152 ], [ 92.090041706000193, 21.137939771999982 ], [ 92.090687183000057, 21.139049387000057 ], [ 92.091376067000056, 21.139650472000142 ], [ 92.091398931000128, 21.140164956999968 ], [ 92.091443833000142, 21.140706262000094 ], [ 92.092038969000157, 21.140457328000082 ], [ 92.092112676000113, 21.140517961000057 ], [ 92.09248512500011, 21.14082434300019 ], [ 92.092496161000156, 21.141609905000166 ], [ 92.09274347000013, 21.142169027000079 ], [ 92.093714705000082, 21.143166228000041 ], [ 92.094441839000012, 21.143832299 ], [ 92.094813597000041, 21.144726283000068 ], [ 92.095284525000125, 21.144158275000166 ], [ 92.096118704000105, 21.143922168000074 ], [ 92.096722332000184, 21.144960028000185 ], [ 92.097560742000098, 21.145622447000164 ], [ 92.098029807000046, 21.146289440000032 ], [ 92.099084275999985, 21.147296865000158 ], [ 92.100146416000143, 21.148207103000175 ], [ 92.101218872000061, 21.149164154 ], [ 92.101301727000077, 21.149238092000076 ], [ 92.101465804000043, 21.150419111000019 ], [ 92.101613432000192, 21.151713222000069 ], [ 92.101984657000116, 21.15260719000014 ], [ 92.102593247000186, 21.153394352000078 ], [ 92.10296077400011, 21.153940671999976 ], [ 92.10368541400004, 21.154380952 ], [ 92.105250058000195, 21.155036550999966 ], [ 92.10609283000008, 21.155362463000131 ], [ 92.108128402000148, 21.155449993000104 ], [ 92.109410674000173, 21.155666556000142 ], [ 92.111250357000074, 21.156196747000081 ], [ 92.112573982000072, 21.156740139000078 ], [ 92.114923091000037, 21.15750776200008 ], [ 92.115873516000022, 21.157658432000119 ], [ 92.116908149000096, 21.157257158000107 ], [ 92.117713003000119, 21.156226591000063 ], [ 92.118671735000191, 21.156327473000033 ], [ 92.119159577000062, 21.156994163000149 ], [ 92.119743596000149, 21.157738667000103 ], [ 92.120009788000175, 21.157882082000128 ], [ 92.12145058599998, 21.158200415000124 ], [ 92.122527440000113, 21.158186907000072 ], [ 92.123476589, 21.157615080000085 ], [ 92.125496130000045, 21.156578259000185 ], [ 92.125853665000079, 21.156460881000044 ], [ 92.126694299000178, 21.156676083000093 ], [ 92.128254809000168, 21.156992857000034 ], [ 92.128972502000124, 21.156983826000101 ], [ 92.129445955000108, 21.156641467999975 ], [ 92.130982361000065, 21.155274266000049 ], [ 92.131685596000068, 21.154256211000074 ], [ 92.132755979000081, 21.153793437000161 ], [ 92.133234832000142, 21.153787398000077 ], [ 92.134073839000052, 21.153889701000139 ], [ 92.134555896000052, 21.154107134000071 ], [ 92.135991247000049, 21.154089014000192 ], [ 92.136342323000179, 21.153522416000044 ], [ 92.136490128000048, 21.15306108700014 ], [ 92.136621634000107, 21.152285252000183 ], [ 92.136695074000102, 21.151013149000164 ], [ 92.136679814000104, 21.150659707000045 ], [ 92.136613895000039, 21.15032602000008 ], [ 92.136750575000178, 21.14934215 ], [ 92.136830221000196, 21.149071227000036 ], [ 92.137531572000057, 21.148957234000136 ], [ 92.138009235000027, 21.148874737000142 ], [ 92.138454416, 21.148658843000021 ], [ 92.13892051800002, 21.148480911999968 ], [ 92.139408501, 21.148407840000175 ], [ 92.139906944000131, 21.14835374800009 ], [ 92.140405250000128, 21.148290100000168 ], [ 92.14106461200015, 21.148090604 ], [ 92.141583288999982, 21.148026695000169 ], [ 92.141969355000128, 21.14813664400009 ], [ 92.142714976000093, 21.148190419 ], [ 92.142830878000098, 21.148258940000062 ], [ 92.143670634000159, 21.148749511000062 ], [ 92.144030438000073, 21.149210036999989 ], [ 92.144778861000077, 21.149374394000176 ], [ 92.146571690000201, 21.149241033000067 ], [ 92.146615410000095, 21.149219815000095 ], [ 92.147522276000132, 21.148779689000094 ], [ 92.148586081000133, 21.147867621000103 ], [ 92.148814161000189, 21.14707904900007 ], [ 92.148328854999988, 21.146635931 ], [ 92.147365332000106, 21.146198881000089 ], [ 92.147125359000086, 21.145740442999966 ], [ 92.147113570000101, 21.14530351500008 ], [ 92.147105498000144, 21.144743709000124 ], [ 92.14715684700019, 21.144660678999969 ], [ 92.147455907000051, 21.144177099000103 ], [ 92.148291638000046, 21.144055863000062 ], [ 92.148330057000123, 21.144091499000126 ], [ 92.14851807600013, 21.144154586000127 ], [ 92.148927117000142, 21.144316460000027 ], [ 92.149304709000091, 21.144049774000166 ], [ 92.149603493000143, 21.143617018000043 ], [ 92.149878462000061, 21.143326798000032 ], [ 92.150230784000087, 21.143060431000094 ], [ 92.150941426000088, 21.14302656600006 ], [ 92.151335062000157, 21.142974361000086 ], [ 92.151525093000146, 21.142949158000022 ], [ 92.15192758000012, 21.142657314000076 ], [ 92.152450258000044, 21.142383394000149 ], [ 92.152532452000116, 21.142340319000027 ], [ 92.152888192000034, 21.142310959000099 ], [ 92.153344987000082, 21.142280313000015 ], [ 92.154202924000117, 21.141865269000164 ], [ 92.154939096000078, 21.141808486000173 ], [ 92.155697753000084, 21.141559509999979 ], [ 92.156329522000192, 21.141314407000038 ], [ 92.157190877000176, 21.141136361000065 ], [ 92.157543557, 21.141001662 ], [ 92.157616253000185, 21.141292134000082 ], [ 92.157778381000071, 21.141935207000074 ], [ 92.157790766000119, 21.141965577000121 ], [ 92.158161286000052, 21.142874139000128 ], [ 92.158563949000097, 21.143418567000083 ], [ 92.158901244000162, 21.14362040400016 ], [ 92.159013563000144, 21.143687614000044 ], [ 92.159549187000039, 21.143740515000047 ], [ 92.16058475900013, 21.143743680000057 ], [ 92.16122319200008, 21.143661338000186 ], [ 92.16221588500008, 21.143679497000164 ], [ 92.163853060000065, 21.143709436000051 ], [ 92.164985539999975, 21.143647164000072 ], [ 92.165302459000031, 21.143547535000096 ], [ 92.165540377000184, 21.143269709000037 ], [ 92.165613298000096, 21.143029837000086 ], [ 92.165648716000135, 21.142838232000088 ], [ 92.165773954000031, 21.142693266000038 ], [ 92.165885418000187, 21.142476793000128 ], [ 92.165925746000141, 21.142148336000048 ], [ 92.1659510570002, 21.141973476000146 ], [ 92.166084899999987, 21.142010800000037 ], [ 92.16629074400015, 21.141979493 ], [ 92.166473254000152, 21.14191981200014 ], [ 92.166592876000095, 21.141739076000135 ], [ 92.166573845000073, 21.141481264000106 ], [ 92.166515366999988, 21.141137941000011 ], [ 92.166473002000146, 21.140851755000142 ], [ 92.166607381000176, 21.140634990000081 ], [ 92.166721865000056, 21.140626356000041 ], [ 92.166854634000117, 21.14067480500006 ], [ 92.167048185000056, 21.140741996000031 ], [ 92.167146808000098, 21.141758584000115 ], [ 92.167343235000146, 21.143705815000033 ], [ 92.167350743000043, 21.144221828000184 ], [ 92.167297345000065, 21.14475295699998 ], [ 92.167322536000086, 21.145135576000143 ], [ 92.167854894000072, 21.145261924000067 ], [ 92.168230393000158, 21.145376139000064 ], [ 92.16836178200009, 21.145380876000161 ], [ 92.168287915000121, 21.145143999000027 ], [ 92.168550424999978, 21.144806121000101 ], [ 92.168685611000171, 21.144469873 ], [ 92.168805630000065, 21.143966563000106 ], [ 92.169071722000069, 21.143237438000085 ], [ 92.169368526000085, 21.142394297000067 ], [ 92.16916476900019, 21.141962275000026 ], [ 92.16921502100007, 21.141834516000188 ], [ 92.169286404000047, 21.141489530000058 ], [ 92.16926004200019, 21.141253318000054 ], [ 92.169203229000175, 21.141024664000156 ], [ 92.169076096000083, 21.140689389000045 ], [ 92.169051092000132, 21.140546345000075 ], [ 92.169067813000197, 21.140304306000075 ], [ 92.169152197000074, 21.14014363299998 ], [ 92.169333242, 21.13998361199998 ], [ 92.169561790000103, 21.139937674000123 ], [ 92.169814613000142, 21.139984610000056 ], [ 92.169916219000186, 21.140141007000125 ], [ 92.169982447000166, 21.140491398999984 ], [ 92.170054540000194, 21.140719856000146 ], [ 92.17032462700007, 21.140902766000181 ], [ 92.170426970000108, 21.140915828 ], [ 92.170630822000078, 21.140941848000068 ], [ 92.170935973000041, 21.140909262000037 ], [ 92.171026146000088, 21.14084728000006 ], [ 92.171095534000187, 21.140799586000185 ], [ 92.171782934000191, 21.142481859000043 ], [ 92.17195418200015, 21.143746036000096 ], [ 92.171853350000163, 21.144691139000031 ], [ 92.1716714370001, 21.14538265300007 ], [ 92.172539060000076, 21.145525998000096 ], [ 92.172696844000143, 21.145641990000115 ], [ 92.173035492999986, 21.145851540000024 ], [ 92.173410789000172, 21.145867617000192 ], [ 92.173786029000098, 21.145876042999987 ], [ 92.174104344000057, 21.145824591 ], [ 92.174421694000046, 21.145891141 ], [ 92.17471216600012, 21.146019785000192 ], [ 92.175075294000123, 21.146137941000177 ], [ 92.175207240000191, 21.146187790000113 ], [ 92.175653251000085, 21.146273650000126 ], [ 92.176060896000138, 21.146289173000071 ], [ 92.176863694000133, 21.14621398800017 ], [ 92.177271100999974, 21.146205206000161 ], [ 92.177308207000067, 21.146204407000027 ], [ 92.177623908000157, 21.145885682000028 ], [ 92.177728294000076, 21.145791142000178 ], [ 92.177887101000181, 21.145634588 ], [ 92.178179445000183, 21.145346391000089 ], [ 92.178270622000184, 21.14515363300012 ], [ 92.178407913000058, 21.144788679000101 ], [ 92.178445582000109, 21.144577929999969 ], [ 92.178319159000182, 21.144292831000087 ], [ 92.177975050000043, 21.143054782000092 ], [ 92.177583779000088, 21.141377691000116 ], [ 92.177456025000197, 21.140259410000056 ], [ 92.177449911000053, 21.140205886999979 ], [ 92.177845901000126, 21.140007212000171 ], [ 92.177964866000082, 21.13995993900005 ], [ 92.178300648000175, 21.13980393300011 ], [ 92.178710435000085, 21.139612287000091 ], [ 92.178828445000079, 21.139580665000153 ], [ 92.179075749000106, 21.139514398000074 ], [ 92.179494850000026, 21.139437321000173 ], [ 92.179896470000074, 21.139209937000032 ], [ 92.180044638000084, 21.138892631000033 ], [ 92.180108670000038, 21.138569239000105 ], [ 92.180186407000178, 21.138138150000088 ], [ 92.180087084000036, 21.137616155000103 ], [ 92.180079849000037, 21.137121645999969 ], [ 92.180400878000057, 21.136608574000149 ], [ 92.180639025000119, 21.136475700000176 ], [ 92.180848010000091, 21.136359097000025 ], [ 92.18119186600012, 21.136361836000162 ], [ 92.181294975000014, 21.136384613000189 ], [ 92.181467810000015, 21.136422793000179 ], [ 92.181814291000194, 21.136604700000191 ], [ 92.181947720000153, 21.136846696000134 ], [ 92.182004762000076, 21.137089678000166 ], [ 92.181972129000087, 21.13747000900014 ], [ 92.181864681000093, 21.137958827000034 ], [ 92.181877043000043, 21.138281233999976 ], [ 92.181987557000127, 21.138523526000142 ], [ 92.182189951, 21.138778969000043 ], [ 92.18252325900005, 21.139104406000058 ], [ 92.182792807000169, 21.139250646000107 ], [ 92.183000766000021, 21.139363469000102 ], [ 92.183222509000188, 21.139374946000089 ], [ 92.183526811000149, 21.139285003 ], [ 92.18368502400017, 21.139132431000178 ], [ 92.183775328000195, 21.139038081000024 ], [ 92.18447244500004, 21.138642008000033 ], [ 92.185361795000063, 21.138329467000176 ], [ 92.185442925000075, 21.138308237 ], [ 92.185952720000046, 21.138174831000185 ], [ 92.186168584000143, 21.138118342000041 ], [ 92.186221157000148, 21.138126609999972 ], [ 92.186421302000099, 21.138158087000022 ], [ 92.186644726000111, 21.138284226000053 ], [ 92.186906661000194, 21.13843137300006 ], [ 92.187130717000059, 21.138600513000029 ], [ 92.187232022000046, 21.138735398000108 ], [ 92.187488051000173, 21.139063465000163 ], [ 92.187572996000142, 21.139301331000127 ], [ 92.187709194000092, 21.139557624000076 ], [ 92.187944078000157, 21.140290513000082 ], [ 92.18808940200006, 21.141167923000182 ], [ 92.188246395000192, 21.141452617000141 ], [ 92.188147909000065, 21.141683271000034 ], [ 92.187967516000128, 21.141886309000142 ], [ 92.187758111000107, 21.142194856000174 ], [ 92.187505997000017, 21.142370148999987 ], [ 92.187222765000058, 21.142507615 ], [ 92.186958921000098, 21.142577926000058 ], [ 92.186704000000191, 21.142562106000184 ], [ 92.186560279000105, 21.142487502000051 ], [ 92.186445994000167, 21.142336059000058 ], [ 92.186362966000047, 21.142231999000103 ], [ 92.18632105100005, 21.142030434000048 ], [ 92.186294980000127, 21.141764561000173 ], [ 92.186232605000043, 21.141679349000071 ], [ 92.186046741000098, 21.141509715000041 ], [ 92.185881809000136, 21.141378040000063 ], [ 92.185620292000067, 21.14129207100018 ], [ 92.185230635000096, 21.141434236000123 ], [ 92.184623567000131, 21.141719240000043 ], [ 92.184323604000099, 21.142105412000035 ], [ 92.184327667000161, 21.142382527000166 ], [ 92.184560580000152, 21.142981642000052 ], [ 92.184688133000122, 21.143343181000034 ], [ 92.184691918000169, 21.143601183999976 ], [ 92.184678975000054, 21.144107898000186 ], [ 92.184747937999987, 21.14464222800018 ], [ 92.185206486000141, 21.145343562000107 ], [ 92.18561312800017, 21.145978662000061 ], [ 92.186139620000063, 21.146449736000136 ], [ 92.186911700000167, 21.14699409300016 ], [ 92.187906612000063, 21.147449548999987 ], [ 92.189225233000172, 21.147747890000062 ], [ 92.190479229, 21.147808121000025 ], [ 92.191406290000089, 21.147805675000143 ], [ 92.192334757000083, 21.147898780000105 ], [ 92.194051625000043, 21.148258824999971 ], [ 92.195298255000125, 21.148510264000095 ], [ 92.196187534000103, 21.14870898800001 ], [ 92.196935056000143, 21.148966892000033 ], [ 92.197418168000127, 21.149256899000136 ], [ 92.197901424000122, 21.149556459000053 ], [ 92.198313378000137, 21.14985694600017 ], [ 92.198581178000097, 21.150054172000125 ], [ 92.199278634000052, 21.150347860000068 ], [ 92.200144149000153, 21.150356743000032 ], [ 92.201107507000131, 21.150201982999988 ], [ 92.201967765000063, 21.149951479000038 ], [ 92.203027172000077, 21.149647206 ], [ 92.20338690300008, 21.150389042000143 ], [ 92.202484067000171, 21.153821108000045 ], [ 92.200753318000011, 21.158842027000105 ], [ 92.200013779000017, 21.160872225 ], [ 92.199753552000061, 21.16150323300019 ], [ 92.199159430000122, 21.161703510000166 ], [ 92.195859507000193, 21.162815858000158 ], [ 92.194169171000169, 21.16313129100007 ], [ 92.192786636000051, 21.163469809 ], [ 92.190537849000066, 21.162514622000117 ], [ 92.189187239000034, 21.161829572000102 ], [ 92.187625562000051, 21.161037442000122 ], [ 92.18749887000007, 21.160973609000052 ], [ 92.184173168000086, 21.159693611000023 ], [ 92.181779342000084, 21.158934331000069 ], [ 92.179809904000194, 21.15889404100011 ], [ 92.179613217000167, 21.158890016000043 ], [ 92.177434212000094, 21.159487012000056 ], [ 92.177044432000173, 21.159618456000089 ], [ 92.17673490300001, 21.159724036000114 ], [ 92.176459701000169, 21.160474121000107 ], [ 92.17578362800009, 21.162316781000186 ], [ 92.175302738000084, 21.164036526000075 ], [ 92.174335218000181, 21.1674557770001 ], [ 92.1736721850001, 21.169229123000093 ], [ 92.173422565000067, 21.169896748000042 ], [ 92.173401789000138, 21.17045938800004 ], [ 92.173376806000078, 21.171136018000084 ], [ 92.173360339000055, 21.171581997000089 ], [ 92.173315645000116, 21.17279244100007 ], [ 92.173575496000183, 21.173773439000058 ], [ 92.174100386000077, 21.175760199000138 ], [ 92.17402032300015, 21.177610245999972 ], [ 92.173410968999974, 21.179972820000046 ], [ 92.174110626000072, 21.181342380000046 ], [ 92.174835240000164, 21.182760760000178 ], [ 92.17639488500015, 21.183487962000129 ], [ 92.17543215600017, 21.184360524 ], [ 92.175486437000131, 21.184574303000034 ], [ 92.175446383000178, 21.184633517000123 ], [ 92.175233676000062, 21.184697215000085 ], [ 92.174953805000087, 21.184653406000109 ], [ 92.174572339000179, 21.184658313000057 ], [ 92.174013047000074, 21.184642935000056 ], [ 92.173809679000101, 21.184645551000074 ], [ 92.173540851000098, 21.184698677000029 ], [ 92.17328603500016, 21.184722275000013 ], [ 92.173118101999989, 21.184884730000078 ], [ 92.173121006000088, 21.185083366000129 ], [ 92.173131853000143, 21.185174043000075 ], [ 92.173145003000172, 21.185283987000162 ], [ 92.173252657000035, 21.18536162099997 ], [ 92.173550788000114, 21.185378104 ], [ 92.17382695900011, 21.185374551000166 ], [ 92.174063328000045, 21.185529547000044 ], [ 92.17409104900014, 21.185585082000102 ], [ 92.174173062000079, 21.185749385000122 ], [ 92.174218680000138, 21.185988107000128 ], [ 92.174180919000094, 21.186286604000031 ], [ 92.174101327000074, 21.186687233000043 ], [ 92.174015123000061, 21.186935029000153 ], [ 92.173836245000189, 21.187449216000118 ], [ 92.173323, 21.18873139100009 ], [ 92.172951971000032, 21.189533114000085 ], [ 92.172827176999988, 21.189677681000035 ], [ 92.172743070000081, 21.189775116000021 ], [ 92.172405740000045, 21.190000704000056 ], [ 92.171854531000179, 21.19008680900015 ], [ 92.171386404000089, 21.190092828000047 ], [ 92.171107286000051, 21.189895483000157 ], [ 92.170786933000102, 21.189800263000052 ], [ 92.170403687000032, 21.189766807000126 ], [ 92.169978549, 21.189790331000154 ], [ 92.169575695999981, 21.189856459999987 ], [ 92.169386651000082, 21.190057562000106 ], [ 92.169495790000155, 21.190236774000027 ], [ 92.169670423000127, 21.190532541000096 ], [ 92.169995460000109, 21.190948292000087 ], [ 92.17024792300009, 21.191231220000077 ], [ 92.170276293000143, 21.191263013000139 ], [ 92.170644054000093, 21.191678212000113 ], [ 92.170822428000122, 21.191928657000119 ], [ 92.17116076800005, 21.192403696000099 ], [ 92.1721422130002, 21.193792436000081 ], [ 92.172549689000164, 21.194618011999978 ], [ 92.172973492000096, 21.195478281000192 ], [ 92.17300061300017, 21.195533332000025 ], [ 92.173022915000047, 21.195616130000133 ], [ 92.173249156, 21.196456019000095 ], [ 92.173506921000126, 21.197412924000162 ], [ 92.173648479000121, 21.197938426000121 ], [ 92.172887382000113, 21.19876365500005 ], [ 92.172683376000123, 21.198984849000055 ], [ 92.171754143000044, 21.199306546000116 ], [ 92.170610849000127, 21.199702341000091 ], [ 92.169526317000077, 21.200980566000112 ], [ 92.169346017000123, 21.201698560000182 ], [ 92.16894730000007, 21.203286296999977 ], [ 92.169058758000062, 21.20358595 ], [ 92.169748502000118, 21.20544028300003 ], [ 92.170095654000022, 21.206373558000109 ], [ 92.16925599800004, 21.207648635000169 ], [ 92.167804319000084, 21.208931570000175 ], [ 92.167337966000105, 21.210547266000106 ], [ 92.167725167000128, 21.211919463000015 ], [ 92.167916664000074, 21.213062747000151 ], [ 92.167994210000074, 21.21352571500006 ], [ 92.166286876000186, 21.214123340000071 ], [ 92.16519501900018, 21.214825935000192 ], [ 92.164830094000081, 21.21506092900006 ], [ 92.164854578000188, 21.215096550999988 ], [ 92.165120341000033, 21.215483211000048 ], [ 92.165456119000112, 21.215971732000014 ], [ 92.166286995000121, 21.216259769000146 ], [ 92.167057519000082, 21.216526879000071 ], [ 92.166777410000122, 21.21778897300004 ], [ 92.166597231000196, 21.218600800000161 ], [ 92.166132495000113, 21.220329355999979 ], [ 92.167973882000183, 21.221007246000113 ], [ 92.167261919000168, 21.222154841000133 ], [ 92.16751116000006, 21.22231357000004 ], [ 92.168499004000068, 21.22294267 ], [ 92.169300017000182, 21.224496280000153 ], [ 92.169382450000171, 21.224656159000119 ], [ 92.169370250000043, 21.224970738000138 ], [ 92.16929328000009, 21.226955592000081 ], [ 92.169335126000192, 21.22699723900007 ], [ 92.170169059000159, 21.227827202000071 ], [ 92.170661622000125, 21.228317412000138 ], [ 92.173563370000068, 21.229470391000064 ], [ 92.173743611000134, 21.229542006000031 ], [ 92.175248274000069, 21.231820889000176 ], [ 92.176415389000056, 21.232825833000049 ], [ 92.176904972000159, 21.233247381000069 ], [ 92.177482808000036, 21.233744913000066 ], [ 92.179221740000173, 21.235572585999989 ], [ 92.178397904000064, 21.237641066000094 ], [ 92.177812175000156, 21.239486348000185 ], [ 92.178014580000138, 21.240245802000118 ], [ 92.178302192000103, 21.241324944000098 ], [ 92.178331458000059, 21.241434753000192 ], [ 92.178713820999974, 21.242463810000174 ], [ 92.180100994000099, 21.245089566000161 ], [ 92.181043743000032, 21.246926001000134 ], [ 92.181741655000053, 21.248285464999981 ], [ 92.182138200000111, 21.250233181000056 ], [ 92.18089500300016, 21.25224050200012 ], [ 92.184023997000054, 21.253428132000181 ], [ 92.184428726000078, 21.254161428000089 ], [ 92.184779932000197, 21.25479774300004 ], [ 92.185787648000087, 21.256622381000057 ], [ 92.186164989000133, 21.256897433000063 ], [ 92.188266032000115, 21.258430181000051 ], [ 92.189231391000135, 21.259529626000187 ], [ 92.190261258000191, 21.260702512000023 ], [ 92.190238410000063, 21.260793529000011 ], [ 92.189798422000081, 21.262546229000066 ], [ 92.189662684000041, 21.264201142000161 ], [ 92.189590806000126, 21.265077461000089 ], [ 92.191565125000182, 21.265970635000087 ], [ 92.190867505000199, 21.268508240000187 ], [ 92.190479947000085, 21.268988716000138 ], [ 92.189181746000031, 21.270598136999979 ], [ 92.186236286000053, 21.270408379000116 ], [ 92.185762392000129, 21.270266837000122 ], [ 92.184019671000044, 21.269746306000116 ], [ 92.181803106000075, 21.269086458000061 ], [ 92.179890203000184, 21.269336989000124 ], [ 92.179845114000045, 21.269342088000087 ], [ 92.178643057000158, 21.270965075000163 ], [ 92.17817669700014, 21.272580797000103 ], [ 92.178805047000083, 21.273905648000039 ], [ 92.178935485000011, 21.274180669000145 ], [ 92.177981810000063, 21.276030717000083 ], [ 92.177014590000169, 21.276962081000022 ], [ 92.177037686000119, 21.278531314000134 ], [ 92.177041665, 21.278801697 ], [ 92.174620468000171, 21.280900978000091 ], [ 92.174816743000122, 21.281918866000069 ], [ 92.17488579400009, 21.282276962000083 ], [ 92.175626718000103, 21.284480179000184 ], [ 92.175655339000059, 21.284565286000031 ], [ 92.17536685400006, 21.284899103000043 ], [ 92.174449775000141, 21.285960275999969 ], [ 92.17363999100013, 21.286897278000083 ], [ 92.173244185000044, 21.287355258000105 ], [ 92.172286982000173, 21.288975049000101 ], [ 92.172255495000115, 21.289013701000101 ], [ 92.169721974000197, 21.29212367100007 ], [ 92.169636794000098, 21.292228621000049 ], [ 92.170167990000152, 21.294978342000093 ], [ 92.169469301000163, 21.2975159020001 ], [ 92.168193514000052, 21.297832893000077 ], [ 92.167514278000169, 21.298001657000043 ], [ 92.165811030999976, 21.29894244999997 ], [ 92.165552761000129, 21.299163769000074 ], [ 92.163631094000039, 21.300810475000105 ], [ 92.162843568000028, 21.302969705000066 ], [ 92.162452185000063, 21.304042770000081 ], [ 92.161046345000102, 21.306177011000045 ], [ 92.160772380000083, 21.306592915000181 ], [ 92.159643783000092, 21.308411631000183 ], [ 92.159487253000066, 21.308663872000182 ], [ 92.159450169000195, 21.308723049000037 ], [ 92.159334847000082, 21.308909656000083 ], [ 92.159045749000143, 21.309084159000065 ], [ 92.15738968900007, 21.310083761000158 ], [ 92.156933066000022, 21.31238790000009 ], [ 92.156936621000057, 21.312631255999975 ], [ 92.156980057000112, 21.315604439000083 ], [ 92.155071707000161, 21.319306612000048 ], [ 92.153589306000129, 21.320884162000027 ], [ 92.152187809000111, 21.322375587000067 ], [ 92.152298343000155, 21.322561556000039 ], [ 92.152289892999988, 21.322642940000037 ], [ 92.152264381, 21.322887959000184 ], [ 92.152190560000065, 21.323596938000094 ], [ 92.152163402000099, 21.323705592000067 ], [ 92.151662378000026, 21.32571008400015 ], [ 92.151699915000052, 21.32642527600018 ], [ 92.151622691000057, 21.326706214000183 ], [ 92.151753345000031, 21.327280241000153 ], [ 92.15151994100006, 21.328086951000103 ], [ 92.1510404980001, 21.328625132000127 ], [ 92.150795678000122, 21.328899944000113 ], [ 92.150640427000155, 21.329599719000043 ], [ 92.150565622000045, 21.329936890000113 ], [ 92.150093790000085, 21.331207211000162 ], [ 92.14973812400018, 21.331722806000073 ], [ 92.149612993, 21.331904202000032 ], [ 92.14950579300006, 21.332939577000161 ], [ 92.149765996000156, 21.333970249000174 ], [ 92.150641022000116, 21.335108193000167 ], [ 92.150530473000117, 21.335913330000096 ], [ 92.150054341000157, 21.336720361000175 ], [ 92.149992250000082, 21.336854777999974 ], [ 92.149576135000189, 21.337765522000041 ], [ 92.149597916000118, 21.339259803000118 ], [ 92.149516991999974, 21.340528352000035 ], [ 92.149497883000095, 21.340827890000128 ], [ 92.149011789000042, 21.341522552000015 ], [ 92.148943143000054, 21.341620651000085 ], [ 92.148795839000115, 21.341900080000187 ], [ 92.148616028000049, 21.342241172000172 ], [ 92.147447295000063, 21.34319304100012 ], [ 92.147337833000051, 21.344115561000081 ], [ 92.147135611000067, 21.344310119 ], [ 92.146854076000125, 21.344580984000117 ], [ 92.146491198000092, 21.344930107000152 ], [ 92.145901444000174, 21.346547346000136 ], [ 92.144935878000183, 21.348176165000154 ], [ 92.144414308000194, 21.349056535000159 ], [ 92.144314964000159, 21.349143593000065 ], [ 92.144261197000048, 21.349173621999967 ] ] ] } }
]
}
